-- MySQL dump 10.13  Distrib 5.7.9, for osx10.9 (x86_64)
--
-- Host: 127.0.0.1    Database: hbis
-- ------------------------------------------------------
-- Server version	5.7.10-log

/*!40101 SET @OLD_CHARACTER_SET_CLIENT=@@CHARACTER_SET_CLIENT */;
/*!40101 SET @OLD_CHARACTER_SET_RESULTS=@@CHARACTER_SET_RESULTS */;
/*!40101 SET @OLD_COLLATION_CONNECTION=@@COLLATION_CONNECTION */;
/*!40101 SET NAMES utf8 */;
/*!40103 SET @OLD_TIME_ZONE=@@TIME_ZONE */;
/*!40103 SET TIME_ZONE='+00:00' */;
/*!40014 SET @OLD_UNIQUE_CHECKS=@@UNIQUE_CHECKS, UNIQUE_CHECKS=0 */;
/*!40014 SET @OLD_FOREIGN_KEY_CHECKS=@@FOREIGN_KEY_CHECKS, FOREIGN_KEY_CHECKS=0 */;
/*!40101 SET @OLD_SQL_MODE=@@SQL_MODE, SQL_MODE='NO_AUTO_VALUE_ON_ZERO' */;
/*!40111 SET @OLD_SQL_NOTES=@@SQL_NOTES, SQL_NOTES=0 */;

--
-- Table structure for table `address`
--

DROP TABLE IF EXISTS `address`;
/*!40101 SET @saved_cs_client     = @@character_set_client */;
/*!40101 SET character_set_client = utf8 */;
CREATE TABLE `address` (
  `id` bigint(20) NOT NULL AUTO_INCREMENT,
  `version` bigint(20) NOT NULL,
  `address_number_street` varchar(255) NOT NULL,
  `state` varchar(255) NOT NULL,
  `zip_code` int(11) NOT NULL,
  PRIMARY KEY (`id`)
) ENGINE=InnoDB DEFAULT CHARSET=latin1;
/*!40101 SET character_set_client = @saved_cs_client */;

--
-- Dumping data for table `address`
--

LOCK TABLES `address` WRITE;
/*!40000 ALTER TABLE `address` DISABLE KEYS */;
/*!40000 ALTER TABLE `address` ENABLE KEYS */;
UNLOCK TABLES;

--
-- Table structure for table `age_unit`
--

DROP TABLE IF EXISTS `age_unit`;
/*!40101 SET @saved_cs_client     = @@character_set_client */;
/*!40101 SET character_set_client = utf8 */;
CREATE TABLE `age_unit` (
  `id` bigint(20) NOT NULL AUTO_INCREMENT,
  `version` bigint(20) NOT NULL,
  `description` varchar(255) NOT NULL,
  PRIMARY KEY (`id`)
) ENGINE=InnoDB AUTO_INCREMENT=4 DEFAULT CHARSET=latin1;
/*!40101 SET character_set_client = @saved_cs_client */;

--
-- Dumping data for table `age_unit`
--

LOCK TABLES `age_unit` WRITE;
/*!40000 ALTER TABLE `age_unit` DISABLE KEYS */;
INSERT INTO `age_unit` VALUES (1,0,'Years'),(2,0,'Months'),(3,0,'Days');
/*!40000 ALTER TABLE `age_unit` ENABLE KEYS */;
UNLOCK TABLES;

--
-- Table structure for table `anatomic_site`
--

DROP TABLE IF EXISTS `anatomic_site`;
/*!40101 SET @saved_cs_client     = @@character_set_client */;
/*!40101 SET character_set_client = utf8 */;
CREATE TABLE `anatomic_site` (
  `id` bigint(20) NOT NULL AUTO_INCREMENT,
  `version` bigint(20) NOT NULL,
  `description` varchar(255) NOT NULL,
  PRIMARY KEY (`id`)
) ENGINE=InnoDB AUTO_INCREMENT=123 DEFAULT CHARSET=latin1;
/*!40101 SET character_set_client = @saved_cs_client */;

--
-- Dumping data for table `anatomic_site`
--

LOCK TABLES `anatomic_site` WRITE;
/*!40000 ALTER TABLE `anatomic_site` DISABLE KEYS */;
INSERT INTO `anatomic_site` VALUES (1,0,'ADIPOSE'),(2,0,'ADRENAL GLAND'),(3,0,'ANUS'),(4,0,'AORTA'),(5,0,'APPENDIX'),(6,0,'ARACHNOIDS'),(7,0,'ARTERY'),(8,0,'ATRIUM (HEART)'),(9,0,'AXILLA'),(10,0,'BASAL GANGLIA'),(11,0,'BILE DUCTS'),(12,0,'BLADDER'),(13,0,'BLOOD'),(14,0,'BONE'),(15,0,'BONE MARROW'),(16,0,'Brain'),(17,0,'BREAST'),(18,0,'BRONCHUS'),(19,0,'CARTILAGE'),(20,0,'CECUM'),(21,0,'CEREBELLUM'),(22,0,'CERVIX UTERI'),(23,0,'CHEST (THORAX)'),(24,0,'CHOROID PLEXUS'),(25,0,'COLON/RECTUM'),(26,0,'Common bile duct'),(27,0,'CONJUNCTIVA'),(28,0,'CORTEX (BRAIN)'),(29,0,'DIAPHRAGM'),(30,0,'DUODENUM'),(31,0,'ENDOMETRIUM'),(32,0,'ESOPHAGUS'),(33,0,'EYEBALL'),(34,0,'FALLOPIAN TUBE'),(35,0,'FORESKIN'),(36,0,'GALLBLADDER'),(37,0,'GINGIVA'),(38,0,'GROIN'),(39,0,'HEAD & NECK/CERVICAL'),(40,0,'HEART'),(41,0,'HEART VALVE'),(42,0,'HYPOTHALAMUS'),(43,0,'ILEUM'),(44,0,'INGUINAL AREA'),(45,0,'JEJUNUM'),(46,0,'JOINT'),(47,0,'KIDNEY'),(48,0,'LACRIMAL GLAND'),(49,0,'LARYNX'),(50,0,'LIP'),(51,0,'LIVER'),(52,0,'LUNG & BRONCHUS'),(53,0,'LYMPH NODE'),(54,0,'MEDIASTINUM'),(55,0,'MEDULLA (BRAIN)'),(56,0,'MENINGES'),(57,0,'MESENTERY'),(58,0,'MUSCLE, SKELETAL'),(59,0,'MUSCLE, SMOOTH'),(60,0,'NASOPHARYNX'),(61,0,'NERVE'),(62,0,'NOSE'),(63,0,'OMENTUM*'),(64,0,'ORAL CAVITY'),(65,0,'ORAL MUCOSA'),(66,0,'ORBIT (EYE)'),(67,0,'OROPHARYNX'),(68,0,'OVARY'),(69,0,'PANCREAS'),(70,0,'PARATHYROID'),(71,0,'PAROTID GLAND'),(72,0,'PATELLA'),(73,0,'PELVIS'),(74,0,'PENIS & SCROTUM'),(75,0,'PERICARDIUM'),(76,0,'PERITONEUM'),(77,0,'PHARYNX'),(78,0,'PINEAL GLAND'),(79,0,'PITUITARY GLAND'),(80,0,'PLACENTA'),(81,0,'PLEURA'),(82,0,'PROSTATE'),(83,0,'RETINA'),(84,0,'RETROPERITONEUM'),(85,0,'RIB'),(86,0,'SACRUM'),(87,0,'SALIVARY GLAND'),(88,0,'SALPINYX (TUBE)'),(89,0,'SEPTUM (NOSE)'),(90,0,'SEROSAL SURFACE'),(91,0,'SINUS'),(92,0,'SKIN'),(93,0,'SMALL BOWEL'),(94,0,'SOFT TISSUE'),(95,0,'SPINAL CORD & P. NERVES'),(96,0,'SPLEEN'),(97,0,'STOMACH'),(98,0,'SYNOVIUM'),(99,0,'TEMPORAL-HIPPOCAMPUS'),(100,0,'TENDON'),(101,0,'TESTIS & EPIDIDYMIS'),(102,0,'THALAMUS'),(103,0,'THYMUS'),(104,0,'THYROID GLAND'),(105,0,'TONGUE'),(106,0,'Tonsil'),(107,0,'TRACHEA'),(108,0,'UMBILICAL CORD'),(109,0,'UNKNOWN'),(110,0,'URETER'),(111,0,'UTERUS CORPUS'),(112,0,'Vagina'),(113,0,'VEIN'),(114,0,'VENA CAVA'),(115,0,'VENTRICLE (BRAIN)'),(116,0,'VULVA'),(117,0,'NOT APPLICABLE'),(118,0,'Labia'),(119,0,'Adenoid'),(120,0,'Face'),(121,0,'CPA'),(122,0,'Cranial Nerves');
/*!40000 ALTER TABLE `anatomic_site` ENABLE KEYS */;
UNLOCK TABLES;

--
-- Table structure for table `chart_review`
--

DROP TABLE IF EXISTS `chart_review`;
/*!40101 SET @saved_cs_client     = @@character_set_client */;
/*!40101 SET character_set_client = utf8 */;
CREATE TABLE `chart_review` (
  `id` bigint(20) NOT NULL AUTO_INCREMENT,
  `version` bigint(20) NOT NULL,
  `additional_notes` varchar(255) NOT NULL,
  `alcohol_consumption_amount_per_week` int(11) DEFAULT NULL,
  `alcohol_consumption_duration` int(11) DEFAULT NULL,
  `alcohol_consumption_status_id` bigint(20) DEFAULT NULL,
  `alcohol_consumption_when_quit` varchar(255) NOT NULL,
  `currently_pregnant` varchar(255) NOT NULL,
  `date_completed` datetime DEFAULT NULL,
  `date_created` datetime NOT NULL,
  `date_verified` datetime DEFAULT NULL,
  `height` varchar(255) NOT NULL,
  `last_menstrual_period` datetime DEFAULT NULL,
  `menstrual_history` varchar(255) NOT NULL,
  `number_of_live_births` int(11) DEFAULT NULL,
  `number_of_pregnancies` int(11) DEFAULT NULL,
  `procedure_id` bigint(20) NOT NULL,
  `recreational_drugs_notes` varchar(255) NOT NULL,
  `recreational_drugs_status_id` bigint(20) DEFAULT NULL,
  `request_completed_by` varchar(255) NOT NULL,
  `request_verified_by` varchar(255) NOT NULL,
  `smoking_history_amount_packs_per_day` decimal(19,2) DEFAULT NULL,
  `smoking_history_duration` int(11) DEFAULT NULL,
  `smoking_history_status_id` bigint(20) DEFAULT NULL,
  `smoking_history_when_quit` varchar(255) NOT NULL,
  `special_diet_notes` varchar(255) NOT NULL,
  `special_diet_other_specify` varchar(255) NOT NULL,
  `special_diet_status_id` bigint(20) DEFAULT NULL,
  `weight` decimal(19,2) DEFAULT NULL,
  `year_of_birth` int(11) DEFAULT NULL,
  `year_of_death` int(11) DEFAULT NULL,
  `price` decimal(19,2) DEFAULT '40.00',
  PRIMARY KEY (`id`),
  UNIQUE KEY `UQ__chart_re__8C63FCDF6B1A1BBE` (`procedure_id`),
  KEY `FK88B026D9AD3AF726` (`special_diet_status_id`),
  KEY `FK88B026D95008DEFD` (`smoking_history_status_id`),
  KEY `FK88B026D969C5750D` (`recreational_drugs_status_id`),
  KEY `FK88B026D9B89D7DE6` (`alcohol_consumption_status_id`),
  CONSTRAINT `FK88B026D95008DEFD` FOREIGN KEY (`smoking_history_status_id`) REFERENCES `substance_use_status` (`id`) ON DELETE NO ACTION ON UPDATE NO ACTION,
  CONSTRAINT `FK88B026D969C5750D` FOREIGN KEY (`recreational_drugs_status_id`) REFERENCES `substance_use_status` (`id`) ON DELETE NO ACTION ON UPDATE NO ACTION,
  CONSTRAINT `FK88B026D997FA16F0` FOREIGN KEY (`procedure_id`) REFERENCES `clinical_procedure` (`id`) ON DELETE NO ACTION ON UPDATE NO ACTION,
  CONSTRAINT `FK88B026D9AD3AF726` FOREIGN KEY (`special_diet_status_id`) REFERENCES `special_diet` (`id`) ON DELETE NO ACTION ON UPDATE NO ACTION,
  CONSTRAINT `FK88B026D9B89D7DE6` FOREIGN KEY (`alcohol_consumption_status_id`) REFERENCES `substance_use_status` (`id`) ON DELETE NO ACTION ON UPDATE NO ACTION
) ENGINE=InnoDB AUTO_INCREMENT=8 DEFAULT CHARSET=latin1;
/*!40101 SET character_set_client = @saved_cs_client */;

--
-- Dumping data for table `chart_review`
--

LOCK TABLES `chart_review` WRITE;
/*!40000 ALTER TABLE `chart_review` DISABLE KEYS */;
INSERT INTO `chart_review` VALUES (4,2,'',NULL,NULL,NULL,'','',NULL,'2015-03-24 15:36:32',NULL,'',NULL,'',NULL,NULL,39,'',NULL,'','',NULL,NULL,NULL,'','','',NULL,NULL,1956,NULL,40.00),(5,4,'',NULL,NULL,NULL,'','',NULL,'2015-03-24 15:58:59',NULL,'',NULL,'',NULL,NULL,11,'',NULL,'','',NULL,NULL,NULL,'','','',NULL,NULL,1957,NULL,60.00),(6,4,'',NULL,NULL,NULL,'','',NULL,'2015-04-01 17:11:11',NULL,'',NULL,'',NULL,NULL,1,'',NULL,'','',NULL,NULL,NULL,'','','',NULL,NULL,1957,NULL,80.00),(7,1,'',NULL,NULL,NULL,'','',NULL,'2015-10-26 11:59:23',NULL,'',NULL,'',NULL,NULL,40,'',NULL,'JOH as test','',NULL,NULL,NULL,'','','',NULL,NULL,NULL,NULL,60.00);
/*!40000 ALTER TABLE `chart_review` ENABLE KEYS */;
UNLOCK TABLES;

--
-- Table structure for table `chart_review_shipping_carts`
--

DROP TABLE IF EXISTS `chart_review_shipping_carts`;
/*!40101 SET @saved_cs_client     = @@character_set_client */;
/*!40101 SET character_set_client = utf8 */;
CREATE TABLE `chart_review_shipping_carts` (
  `shipping_cart_id` bigint(20) NOT NULL,
  `chart_review_id` bigint(20) NOT NULL,
  KEY `FK206B49A8CD34A521` (`shipping_cart_id`),
  KEY `FK206B49A8EEE5D9AD` (`chart_review_id`),
  CONSTRAINT `FK206B49A8CD34A521` FOREIGN KEY (`shipping_cart_id`) REFERENCES `shipping_cart` (`id`),
  CONSTRAINT `FK206B49A8EEE5D9AD` FOREIGN KEY (`chart_review_id`) REFERENCES `chart_review` (`id`)
) ENGINE=InnoDB DEFAULT CHARSET=latin1;
/*!40101 SET character_set_client = @saved_cs_client */;

--
-- Dumping data for table `chart_review_shipping_carts`
--

LOCK TABLES `chart_review_shipping_carts` WRITE;
/*!40000 ALTER TABLE `chart_review_shipping_carts` DISABLE KEYS */;
/*!40000 ALTER TABLE `chart_review_shipping_carts` ENABLE KEYS */;
UNLOCK TABLES;

--
-- Table structure for table `chtn_division`
--

DROP TABLE IF EXISTS `chtn_division`;
/*!40101 SET @saved_cs_client     = @@character_set_client */;
/*!40101 SET character_set_client = utf8 */;
CREATE TABLE `chtn_division` (
  `id` bigint(20) NOT NULL AUTO_INCREMENT,
  `version` bigint(20) NOT NULL,
  `division_name` varchar(255) NOT NULL,
  `primary_vs_non_primary` varchar(11) NOT NULL,
  PRIMARY KEY (`id`)
) ENGINE=InnoDB AUTO_INCREMENT=7 DEFAULT CHARSET=latin1;
/*!40101 SET character_set_client = @saved_cs_client */;

--
-- Dumping data for table `chtn_division`
--

LOCK TABLES `chtn_division` WRITE;
/*!40000 ALTER TABLE `chtn_division` DISABLE KEYS */;
INSERT INTO `chtn_division` VALUES (1,0,'Midwestern','Primary'),(2,0,'Midatlantic','Non-Primary'),(3,0,'Eastern','Non-Primary'),(4,0,'Western','Non-Primary'),(5,0,'Pediatrics','Non-Primary'),(6,0,'Southern','Non-Primary');
/*!40000 ALTER TABLE `chtn_division` ENABLE KEYS */;
UNLOCK TABLES;

--
-- Table structure for table `clinical_procedure`
--

DROP TABLE IF EXISTS `clinical_procedure`;
/*!40101 SET @saved_cs_client     = @@character_set_client */;
/*!40101 SET character_set_client = utf8 */;
CREATE TABLE `clinical_procedure` (
  `id` bigint(20) NOT NULL AUTO_INCREMENT,
  `version` bigint(20) NOT NULL,
  `building` varchar(255) NOT NULL,
  `chemo_history_id` bigint(20) DEFAULT NULL,
  `chemo_history_comments` varchar(255) NOT NULL,
  `date_created` datetime NOT NULL,
  `date_of_death` datetime DEFAULT NULL,
  `end_time_of_procedure` datetime DEFAULT NULL,
  `med_comments` varchar(255) NOT NULL,
  `origin_id` bigint(20) DEFAULT NULL,
  `patient_id` bigint(20) NOT NULL,
  `patient_age` int(11) DEFAULT NULL,
  `patient_age_unit_id` bigint(20) DEFAULT NULL,
  `procedure_date` datetime NOT NULL,
  `procedure_event_institution_id` bigint(20) NOT NULL,
  `procedure_name_id` bigint(20) NOT NULL,
  `procedure_type_id` bigint(20) NOT NULL,
  `procurement_result_id` bigint(20) DEFAULT NULL,
  `radiation_history_id` bigint(20) DEFAULT NULL,
  `radiation_history_comments` varchar(255) NOT NULL,
  `room_number` varchar(255) NOT NULL,
  `sub_procedure_name_id` bigint(20) DEFAULT NULL,
  `chart_review_id` bigint(20) DEFAULT NULL,
  PRIMARY KEY (`id`),
  KEY `FK2E9788A74345306C` (`sub_procedure_name_id`),
  KEY `FK2E9788A7EEE5D9AD` (`chart_review_id`),
  KEY `FK2E9788A7FCA6A97` (`procedure_type_id`),
  KEY `FK2E9788A7E6A48B42` (`radiation_history_id`),
  KEY `FK2E9788A7246ADAE1` (`chemo_history_id`),
  KEY `FK2E9788A760714AF5` (`patient_age_unit_id`),
  KEY `FK2E9788A77E0285A4` (`origin_id`),
  KEY `FK2E9788A7A9435CF7` (`procedure_name_id`),
  KEY `FK2E9788A7503B5F30` (`patient_id`),
  KEY `FK2E9788A7E78C98B1` (`procurement_result_id`),
  KEY `FK2E9788A7F49CA181` (`procedure_event_institution_id`),
  CONSTRAINT `FK2E9788A7246ADAE1` FOREIGN KEY (`chemo_history_id`) REFERENCES `yes_no` (`id`) ON DELETE NO ACTION ON UPDATE NO ACTION,
  CONSTRAINT `FK2E9788A74345306C` FOREIGN KEY (`sub_procedure_name_id`) REFERENCES `sub_procedure_name` (`id`) ON DELETE NO ACTION ON UPDATE NO ACTION,
  CONSTRAINT `FK2E9788A7503B5F30` FOREIGN KEY (`patient_id`) REFERENCES `patient` (`id`) ON DELETE NO ACTION ON UPDATE NO ACTION,
  CONSTRAINT `FK2E9788A760714AF5` FOREIGN KEY (`patient_age_unit_id`) REFERENCES `age_unit` (`id`) ON DELETE NO ACTION ON UPDATE NO ACTION,
  CONSTRAINT `FK2E9788A77E0285A4` FOREIGN KEY (`origin_id`) REFERENCES `origin` (`id`) ON DELETE NO ACTION ON UPDATE NO ACTION,
  CONSTRAINT `FK2E9788A7A9435CF7` FOREIGN KEY (`procedure_name_id`) REFERENCES `procedure_name` (`id`) ON DELETE NO ACTION ON UPDATE NO ACTION,
  CONSTRAINT `FK2E9788A7E6A48B42` FOREIGN KEY (`radiation_history_id`) REFERENCES `yes_no` (`id`) ON DELETE NO ACTION ON UPDATE NO ACTION,
  CONSTRAINT `FK2E9788A7E78C98B1` FOREIGN KEY (`procurement_result_id`) REFERENCES `procurement_result` (`id`) ON DELETE NO ACTION ON UPDATE NO ACTION,
  CONSTRAINT `FK2E9788A7EEE5D9AD` FOREIGN KEY (`chart_review_id`) REFERENCES `chart_review` (`id`) ON DELETE NO ACTION ON UPDATE NO ACTION,
  CONSTRAINT `FK2E9788A7F49CA181` FOREIGN KEY (`procedure_event_institution_id`) REFERENCES `institution` (`id`) ON DELETE NO ACTION ON UPDATE NO ACTION,
  CONSTRAINT `FK2E9788A7FCA6A97` FOREIGN KEY (`procedure_type_id`) REFERENCES `procedure_type` (`id`) ON DELETE NO ACTION ON UPDATE NO ACTION
) ENGINE=InnoDB AUTO_INCREMENT=48 DEFAULT CHARSET=latin1;
/*!40101 SET character_set_client = @saved_cs_client */;

--
-- Dumping data for table `clinical_procedure`
--

LOCK TABLES `clinical_procedure` WRITE;
/*!40000 ALTER TABLE `clinical_procedure` DISABLE KEYS */;
INSERT INTO `clinical_procedure` VALUES (1,58,'',2,'','2014-05-01 13:24:01',NULL,NULL,'',NULL,1,70,1,'2014-05-01 00:00:00',1,16,2,8,2,'','J7',NULL,6),(3,0,'',NULL,'','2014-05-06 10:22:27',NULL,'1970-01-01 09:45:00','',NULL,1,NULL,1,'2014-05-06 00:00:00',1,1,2,NULL,NULL,'','',NULL,NULL),(6,1,'',NULL,'','2014-05-08 12:53:35',NULL,NULL,'',NULL,3,NULL,1,'2014-05-08 00:00:00',1,1,2,8,NULL,'','',NULL,NULL),(7,2,'',NULL,'','2014-05-08 16:40:41',NULL,NULL,'',NULL,4,NULL,1,'2014-05-08 00:00:00',1,1,2,NULL,NULL,'','',4,NULL),(8,0,'',NULL,'','2014-05-08 16:40:47',NULL,NULL,'',NULL,4,NULL,1,'2014-05-08 00:00:00',1,1,2,NULL,NULL,'','',NULL,NULL),(9,0,'',NULL,'','2014-05-08 16:40:55',NULL,NULL,'',NULL,4,NULL,1,'2014-05-08 00:00:00',1,1,1,NULL,NULL,'','',NULL,NULL),(10,2,'',NULL,'','2014-05-12 11:23:00',NULL,'1970-01-01 10:25:00','',1,1,NULL,1,'2014-05-12 00:00:00',1,1,1,8,NULL,'','J2',NULL,NULL),(11,57,'',NULL,'','2014-05-13 11:04:58',NULL,'1970-01-01 09:45:00','',NULL,1,NULL,1,'2014-05-13 00:00:00',1,1,1,8,NULL,'','',NULL,5),(12,1,'',NULL,'','2014-05-14 08:48:57',NULL,NULL,'',NULL,5,NULL,1,'2014-05-14 00:00:00',2,1,1,8,NULL,'','',NULL,NULL),(13,1,'',NULL,'','2014-05-20 10:46:15',NULL,'1970-01-01 11:36:00','',NULL,1,NULL,1,'2014-05-20 00:00:00',2,1,1,8,NULL,'','J4',NULL,NULL),(14,1,'',NULL,'','2014-05-20 11:20:23',NULL,'1970-01-01 12:02:00','',NULL,6,NULL,1,'2014-05-20 00:00:00',2,1,1,8,NULL,'','M4',NULL,NULL),(15,1,'',NULL,'','2014-05-23 15:28:16',NULL,'1970-01-01 16:45:00','',NULL,1,NULL,1,'2014-05-23 00:00:00',1,1,1,8,NULL,'','N2',NULL,NULL),(16,0,'',NULL,'','2014-05-27 10:45:49',NULL,'1970-01-01 13:30:00','',NULL,7,NULL,1,'2014-05-27 00:00:00',1,46,1,NULL,NULL,'','J5',NULL,NULL),(17,0,'',NULL,'','2014-05-27 10:48:18',NULL,'1970-01-01 11:00:00','',NULL,8,NULL,1,'2014-05-27 00:00:00',1,80,1,NULL,NULL,'','Radiation Oncology',NULL,NULL),(18,0,'',NULL,'','2014-05-27 11:05:42',NULL,'1970-01-01 11:30:00','',NULL,1,NULL,1,'2014-05-27 00:00:00',1,1,1,NULL,NULL,'','J4',NULL,NULL),(19,1,'',NULL,'','2014-05-27 11:12:25',NULL,'1970-01-01 11:12:00','',NULL,9,NULL,1,'2014-05-27 00:00:00',1,80,1,8,NULL,'','Radiation Oncology',NULL,NULL),(20,2,'',NULL,'','2014-05-30 15:13:14',NULL,'1970-01-01 15:30:00','lksjdfldsf',1,1,NULL,1,'2014-05-30 00:00:00',1,5,1,8,NULL,'','J43',NULL,NULL),(21,1,'',NULL,'','2014-06-04 10:52:57',NULL,'1970-01-01 15:00:00','',NULL,12,33,1,'2014-06-04 00:00:00',2,113,1,8,NULL,'','J9',3,NULL),(22,0,'',NULL,'','2014-06-04 10:54:27',NULL,'1970-01-01 17:00:00','',NULL,13,55,1,'2014-06-04 00:00:00',1,113,1,NULL,NULL,'','10',4,NULL),(23,1,'',NULL,'','2014-06-17 13:41:22',NULL,'1970-01-01 10:35:00','',NULL,1,NULL,1,'2014-06-17 00:00:00',3,1,1,8,NULL,'','J22',1,NULL),(24,1,'',NULL,'','2014-06-18 11:41:47',NULL,'1970-01-01 14:00:00','',4,14,63,1,'2014-06-18 00:00:00',1,46,1,8,NULL,'','J3',NULL,NULL),(25,1,'',3,'','2014-06-19 09:23:00',NULL,NULL,'',NULL,16,12,1,'2014-06-19 00:00:00',3,1,1,8,3,'','',NULL,NULL),(26,0,'',3,'','2014-06-19 10:07:40',NULL,'1970-01-01 10:45:00','',NULL,1,NULL,1,'2014-06-19 00:00:00',1,1,1,NULL,3,'','J23',1,NULL),(28,1,'',3,'','2014-06-19 13:56:30',NULL,NULL,'',NULL,19,NULL,1,'2014-06-19 00:00:00',1,1,1,8,3,'','',NULL,NULL),(29,1,'',3,'','2014-06-27 13:16:23',NULL,'1970-01-01 13:15:00','',NULL,4,NULL,1,'2014-06-27 00:00:00',1,1,1,8,3,'','J34',1,NULL),(30,0,'',3,'','2014-06-27 14:34:41',NULL,'1970-01-01 14:45:00','',NULL,21,NULL,1,'2014-06-27 00:00:00',1,1,1,NULL,3,'','M23',NULL,NULL),(31,0,'',3,'','2014-06-27 15:03:15',NULL,'1970-01-01 15:30:00','',NULL,22,NULL,1,'2014-06-27 00:00:00',1,1,1,NULL,3,'','J33',NULL,NULL),(32,1,'',3,'','2014-06-30 13:58:20',NULL,'1970-01-01 15:30:00','',NULL,23,NULL,1,'2014-06-30 00:00:00',3,1,1,8,3,'','M22',2,NULL),(34,0,'',3,'','2014-10-06 17:23:14',NULL,NULL,'',NULL,25,NULL,1,'2014-10-06 00:00:00',1,2,1,NULL,3,'','',NULL,NULL),(36,1,'',3,'','2015-03-16 12:29:05',NULL,NULL,'',NULL,26,NULL,1,'2015-03-16 00:00:00',1,1,1,8,3,'','',NULL,NULL),(37,1,'',3,'','2015-03-16 12:31:11',NULL,NULL,'',NULL,27,NULL,1,'2015-03-01 00:00:00',1,2,1,8,3,'','',NULL,NULL),(38,1,'',3,'','2015-03-16 14:08:07',NULL,NULL,'',NULL,28,NULL,1,'2015-02-28 00:00:00',1,19,1,8,3,'','',NULL,NULL),(39,3,'',3,'','2015-03-20 13:14:35',NULL,NULL,'',NULL,29,NULL,1,'2015-03-20 00:00:00',3,1,1,8,3,'','',1,4),(40,6,'',3,'','2015-03-23 17:36:37',NULL,NULL,'',NULL,2,NULL,1,'2016-04-23 00:00:00',3,1,1,8,3,'','',NULL,7),(41,0,'',3,'','2015-03-26 14:18:12',NULL,NULL,'test case for reassignment of pre-RTP-IS segment',NULL,30,NULL,1,'2014-03-26 00:00:00',1,1,1,8,3,'','',1,NULL),(42,1,'',3,'','2015-04-16 12:08:06',NULL,NULL,'',NULL,33,NULL,1,'2015-04-16 00:00:00',3,1,1,8,3,'','',NULL,NULL),(43,1,'',3,'','2015-05-06 13:14:58',NULL,NULL,'',NULL,34,33,1,'2012-06-29 00:00:00',2,113,1,8,3,'','',NULL,NULL),(44,0,'',3,'','2015-06-23 11:25:42',NULL,NULL,'',NULL,35,NULL,1,'2015-07-01 00:00:00',2,1,1,NULL,3,'','',NULL,NULL),(45,2,'',3,'','2015-06-23 14:51:56',NULL,NULL,'testing CCF to OSU for pre-RTP-IS',NULL,36,NULL,1,'2014-06-23 00:00:00',1,1,1,8,3,'','',NULL,NULL),(46,0,'',3,'','2015-06-23 16:15:51',NULL,NULL,'',NULL,38,NULL,1,'2015-06-30 00:00:00',1,1,1,NULL,3,'','',NULL,NULL),(47,0,'',3,'','2015-06-23 16:19:13',NULL,NULL,'',NULL,37,NULL,1,'2015-06-23 00:00:00',2,1,1,NULL,3,'','',NULL,NULL);
/*!40000 ALTER TABLE `clinical_procedure` ENABLE KEYS */;
UNLOCK TABLES;

--
-- Table structure for table `consent`
--

DROP TABLE IF EXISTS `consent`;
/*!40101 SET @saved_cs_client     = @@character_set_client */;
/*!40101 SET character_set_client = utf8 */;
CREATE TABLE `consent` (
  `id` bigint(20) NOT NULL AUTO_INCREMENT,
  `version` bigint(20) NOT NULL,
  `consent_date` datetime NOT NULL,
  `consent_type_id` bigint(20) NOT NULL,
  `consenter_email` varchar(255) DEFAULT NULL,
  `consenter_first_name` varchar(255) DEFAULT NULL,
  `consenter_last_name` varchar(255) DEFAULT NULL,
  `consenter_phone_number` varchar(255) DEFAULT NULL,
  `location` varchar(255) DEFAULT NULL,
  `method_id` bigint(20) NOT NULL,
  `patient_id` bigint(20) NOT NULL,
  `status_id` bigint(20) NOT NULL,
  `status_change_date` datetime DEFAULT NULL,
  PRIMARY KEY (`id`),
  KEY `FK38B6C01AF6F78025` (`consent_type_id`),
  KEY `FK38B6C01A503B5F30` (`patient_id`),
  KEY `FK38B6C01AE0FFC44A` (`status_id`),
  KEY `FK38B6C01A1E6C69EA` (`method_id`),
  CONSTRAINT `FK38B6C01A1E6C69EA` FOREIGN KEY (`method_id`) REFERENCES `consent_method` (`id`) ON DELETE NO ACTION ON UPDATE NO ACTION,
  CONSTRAINT `FK38B6C01A503B5F30` FOREIGN KEY (`patient_id`) REFERENCES `patient` (`id`) ON DELETE NO ACTION ON UPDATE NO ACTION,
  CONSTRAINT `FK38B6C01AE0FFC44A` FOREIGN KEY (`status_id`) REFERENCES `consent_status` (`id`) ON DELETE NO ACTION ON UPDATE NO ACTION,
  CONSTRAINT `FK38B6C01AF6F78025` FOREIGN KEY (`consent_type_id`) REFERENCES `consent_type` (`id`) ON DELETE NO ACTION ON UPDATE NO ACTION
) ENGINE=InnoDB AUTO_INCREMENT=7 DEFAULT CHARSET=latin1;
/*!40101 SET character_set_client = @saved_cs_client */;

--
-- Dumping data for table `consent`
--

LOCK TABLES `consent` WRITE;
/*!40000 ALTER TABLE `consent` DISABLE KEYS */;
INSERT INTO `consent` VALUES (1,0,'2014-05-09 00:00:00',2,NULL,NULL,NULL,NULL,NULL,2,3,1,'2014-05-09 00:00:00'),(2,0,'2014-06-19 00:00:00',1,NULL,NULL,NULL,NULL,NULL,1,3,1,'2014-06-19 00:00:00'),(3,0,'2014-10-06 00:00:00',1,NULL,NULL,NULL,NULL,NULL,1,25,1,'2014-10-06 00:00:00'),(4,0,'2014-10-28 00:00:00',2,NULL,NULL,NULL,NULL,NULL,1,2,1,'2014-10-28 00:00:00'),(6,0,'2015-03-26 00:00:00',1,NULL,NULL,NULL,NULL,NULL,1,6,1,'2015-03-26 00:00:00');
/*!40000 ALTER TABLE `consent` ENABLE KEYS */;
UNLOCK TABLES;

--
-- Table structure for table `consent_method`
--

DROP TABLE IF EXISTS `consent_method`;
/*!40101 SET @saved_cs_client     = @@character_set_client */;
/*!40101 SET character_set_client = utf8 */;
CREATE TABLE `consent_method` (
  `id` bigint(20) NOT NULL AUTO_INCREMENT,
  `version` bigint(20) NOT NULL,
  `description` varchar(255) NOT NULL,
  PRIMARY KEY (`id`)
) ENGINE=InnoDB AUTO_INCREMENT=4 DEFAULT CHARSET=latin1;
/*!40101 SET character_set_client = @saved_cs_client */;

--
-- Dumping data for table `consent_method`
--

LOCK TABLES `consent_method` WRITE;
/*!40000 ALTER TABLE `consent_method` DISABLE KEYS */;
INSERT INTO `consent_method` VALUES (1,0,'Paper Form'),(2,0,'Phone'),(3,0,'Email');
/*!40000 ALTER TABLE `consent_method` ENABLE KEYS */;
UNLOCK TABLES;

--
-- Table structure for table `consent_protocol`
--

DROP TABLE IF EXISTS `consent_protocol`;
/*!40101 SET @saved_cs_client     = @@character_set_client */;
/*!40101 SET character_set_client = utf8 */;
CREATE TABLE `consent_protocol` (
  `consent_protocols_id` bigint(20) NOT NULL AUTO_INCREMENT,
  `protocol_id` bigint(20) DEFAULT NULL,
  KEY `FKE2C67D1DFAC135E4` (`protocol_id`),
  KEY `FKE2C67D1D2608A6B4` (`consent_protocols_id`),
  CONSTRAINT `FKE2C67D1D2608A6B4` FOREIGN KEY (`consent_protocols_id`) REFERENCES `consent` (`id`) ON DELETE NO ACTION ON UPDATE NO ACTION,
  CONSTRAINT `FKE2C67D1DFAC135E4` FOREIGN KEY (`protocol_id`) REFERENCES `protocol` (`id`) ON DELETE NO ACTION ON UPDATE NO ACTION
) ENGINE=InnoDB AUTO_INCREMENT=7 DEFAULT CHARSET=latin1;
/*!40101 SET character_set_client = @saved_cs_client */;

--
-- Dumping data for table `consent_protocol`
--

LOCK TABLES `consent_protocol` WRITE;
/*!40000 ALTER TABLE `consent_protocol` DISABLE KEYS */;
INSERT INTO `consent_protocol` VALUES (2,1),(3,18),(4,1),(6,1);
/*!40000 ALTER TABLE `consent_protocol` ENABLE KEYS */;
UNLOCK TABLES;

--
-- Table structure for table `consent_status`
--

DROP TABLE IF EXISTS `consent_status`;
/*!40101 SET @saved_cs_client     = @@character_set_client */;
/*!40101 SET character_set_client = utf8 */;
CREATE TABLE `consent_status` (
  `id` bigint(20) NOT NULL AUTO_INCREMENT,
  `version` bigint(20) NOT NULL,
  `description` varchar(255) NOT NULL,
  PRIMARY KEY (`id`)
) ENGINE=InnoDB AUTO_INCREMENT=5 DEFAULT CHARSET=latin1;
/*!40101 SET character_set_client = @saved_cs_client */;

--
-- Dumping data for table `consent_status`
--

LOCK TABLES `consent_status` WRITE;
/*!40000 ALTER TABLE `consent_status` DISABLE KEYS */;
INSERT INTO `consent_status` VALUES (1,0,'Consent Given'),(2,0,'Declined'),(3,0,'Consent Withdrawn'),(4,0,'Not Approached');
/*!40000 ALTER TABLE `consent_status` ENABLE KEYS */;
UNLOCK TABLES;

--
-- Table structure for table `consent_type`
--

DROP TABLE IF EXISTS `consent_type`;
/*!40101 SET @saved_cs_client     = @@character_set_client */;
/*!40101 SET character_set_client = utf8 */;
CREATE TABLE `consent_type` (
  `id` bigint(20) NOT NULL AUTO_INCREMENT,
  `version` bigint(20) NOT NULL,
  `description` varchar(255) NOT NULL,
  PRIMARY KEY (`id`)
) ENGINE=InnoDB AUTO_INCREMENT=6 DEFAULT CHARSET=latin1;
/*!40101 SET character_set_client = @saved_cs_client */;

--
-- Dumping data for table `consent_type`
--

LOCK TABLES `consent_type` WRITE;
/*!40000 ALTER TABLE `consent_type` DISABLE KEYS */;
INSERT INTO `consent_type` VALUES (1,0,'Specific Protocol(s)'),(2,0,'Universal Consent'),(3,0,'Consent for Basic Science'),(4,0,'Consent for Genomics Studies'),(5,0,'Consent for Both');
/*!40000 ALTER TABLE `consent_type` ENABLE KEYS */;
UNLOCK TABLES;

--
-- Table structure for table `diagnosis`
--

DROP TABLE IF EXISTS `diagnosis`;
/*!40101 SET @saved_cs_client     = @@character_set_client */;
/*!40101 SET character_set_client = utf8 */;
CREATE TABLE `diagnosis` (
  `id` bigint(20) NOT NULL AUTO_INCREMENT,
  `version` bigint(20) NOT NULL,
  `description` varchar(255) NOT NULL,
  PRIMARY KEY (`id`)
) ENGINE=InnoDB AUTO_INCREMENT=265 DEFAULT CHARSET=latin1;
/*!40101 SET character_set_client = @saved_cs_client */;

--
-- Dumping data for table `diagnosis`
--

LOCK TABLES `diagnosis` WRITE;
/*!40000 ALTER TABLE `diagnosis` DISABLE KEYS */;
INSERT INTO `diagnosis` VALUES (1,0,'ACHOLASIA'),(2,0,'ACIDOPHIL CA'),(3,0,'ACINAR CELL CA'),(4,0,'ACINIC CELL CA'),(5,0,'ACOUTIC NEUROMA'),(6,0,'ADCA (ADENOCARCINOMA*)'),(7,0,'ADENOCYSTIC CA'),(8,0,'ADENOFIBROMA/CYSADENOFIBROMA'),(9,0,'ADENOID CYSTIC CA'),(10,0,'ADENOMA*'),(11,0,'ADENOSQUAMOUS CA'),(12,0,'ALPHA 1 ANTITRYPSIN DEF'),(13,0,'ALZHEIMERS DZ'),(14,0,'AMELOBLASTOMA'),(15,0,'ANDROBLASTOMA'),(16,0,'ANEURYSM CONTENTS'),(17,0,'ANGIOMYOLIPOMA'),(18,0,'APPENDICITIS'),(19,0,'ASTHMA'),(20,0,'ASTROBLASTOMA'),(21,0,'ASTROCYTOMA*'),(22,0,'ATHEROSCLEROSIS'),(23,0,'ATRIAL MYXOMA'),(24,0,'AUTOIMMUNE DZ'),(25,0,'BARRETT\'S ESOPHAGUS'),(26,0,'BCC (BASAL CELL CA)'),(27,0,'BASOPHIL CA'),(28,0,'BENIGN PROSTATIC HYPERPLASIA'),(29,0,'BLUE NEVUS'),(30,0,'BONE CYST'),(31,0,'BORDERLINE/LOW MALIG. POTENTIAL'),(32,0,'BOWEN DISEASE'),(33,0,'BRENNER TUMOR'),(34,0,'CAPILLARY HEMANGIOMA'),(35,0,'CARCINOID*'),(36,0,'CA (CARCINOMA*)'),(37,0,'CARDIOMYOPATHY'),(38,0,'Cavernous hemangioma'),(39,0,'CHOLANGIOCA'),(40,0,'CHOLANGIOCA/BILIARY CA'),(41,0,'CHOLECYSTITIS'),(42,0,'CHOLELITHIASIS/GALLSTONES'),(43,0,'CHONDROBLASTOMA'),(44,0,'CHORDOMA'),(45,0,'CHORIOAMNIONITIS'),(46,0,'CHORIOCARCINOMA'),(47,0,'CHOROID PLEXUS CA'),(48,0,'CHOROID PLEXUS PAPILLOMA'),(49,0,'CIRRHOSIS'),(50,0,'CIS (CARCINOMA IN SITU)'),(51,0,'CLOACOGENIC CA'),(52,0,'COLITIS, NOS'),(53,0,'COLITIS, ULCERATIVE'),(54,0,'COLITIS/INFLAMMATORY BOWEL DZ'),(55,0,'COLLOID NODULE'),(56,0,'CONDYLOMA'),(57,0,'CONGENITAL HEART'),(58,0,'CORTICAL CA'),(59,0,'CRANIOPHARYNGIOMA*'),(60,0,'CRIBRIFORM CA'),(61,0,'CROHNS DZ'),(62,0,'CYST (SIMPLE)'),(63,0,'CYSTADENOCA'),(64,0,'CYSTADENOMA'),(65,0,'CYSTIC FIBROSIS'),(66,0,'CYSTOSARCOMA PHYLLOIDES'),(67,0,'DEMENTIA'),(68,0,'DERMOID* (UNICYSTIC MATURE TERATOMA)*'),(69,0,'DIABETES'),(70,0,'DIVERTICULUM'),(71,0,'DYSEMBRYOPLASTIC NEUROEPITH TUMOR'),(72,0,'DYSGERMINOMA'),(73,0,'EMBRYONAL CA'),(74,0,'EMPHYSEMA'),(75,0,'ENDOCARDITIS'),(76,0,'ENDOCRINOMAS'),(77,0,'ENDOCRINOMAS'),(78,0,'ENDOMETRIOSIS'),(79,0,'ENDOMETRITIS'),(80,0,'EPENDYMOBLASTOMA'),(81,0,'EPENDYMOMA'),(82,0,'Epithelioid trophoblastic tumor'),(83,0,'EXTRA-ADRENAL PARAGANG.'),(84,0,'FAT NECROSIS'),(85,0,'FIBROADENOMA'),(86,0,'FIBROBLASTOMA'),(87,0,'FIBROID'),(88,0,'FIBROMA'),(89,0,'FIBROMATOSIS'),(90,0,'FIBROSIS'),(91,0,'FIBROTHECOMA'),(92,0,'FIBROUS DYSPLASIA'),(93,0,'FIBROUS HISTIOCYTOMA'),(94,0,'FOCAL NODULAR HYPERPLASIA'),(95,0,'GANGLIOCYTOMA'),(96,0,'GANGLIOGLIOMA'),(97,0,'GANGLIOMA'),(98,0,'GANGLION'),(99,0,'GANGLIONEUROBLASTOMA'),(100,0,'GANGLIONEUROMA'),(101,0,'GASTRITIS'),(102,0,'GERM CELL TUMOR*'),(103,0,'GIANT & SPINDLE CELL CA'),(104,0,'GIANT CELL CA'),(105,0,'GIANT CELL TUMOR'),(106,0,'GIST (GI STROMAL TUMOR)'),(107,0,'GLASSY CELL CA'),(108,0,'GLIOBLASTOMA'),(109,0,'GLIOBLASTOMA MULTIFORME *'),(110,0,'GLIOMA*'),(111,0,'GLIONEURONAL'),(112,0,'GLOMERULONEPHRITIS'),(113,0,'GLOMUS TUMOR'),(114,0,'GRANULAR CELL TUMOR'),(115,0,'GRANULOSA CELL TUMOR'),(116,0,'GYNECOMASTIA'),(117,0,'HAMARTOMA (CHONDROMA)'),(118,0,'HEMANGIOBLASTOMA'),(119,0,'HEMANGIOENDOTHELIOMA'),(120,0,'HEMANGIOMA*'),(121,0,'HEMANGIOPERICYTOMA'),(122,0,'HEMOCHROMATOSIS'),(123,0,'HEPATITIS'),(124,0,'HEPATOBLASTOMA'),(125,0,'HCC (HEPATOCELLULAR CA)'),(126,0,'HEPATOMA'),(127,0,'HIRSCHSPRUNGS DZ'),(128,0,'HISTIOCYTOMA'),(129,0,'HODGKINS LYMPHOMA*'),(130,0,'HYDATIDIFORM MOLE'),(131,0,'HYPERPLASIA'),(132,0,'INFARCT'),(133,0,'INFARCTION (OSTEONECROSIS)'),(134,0,'INFECTION'),(135,0,'INFLAMMATION'),(136,0,'INFLAMMATORY BOWEL DZ'),(137,0,'ISLET CELL TUMOR'),(138,0,'ITP (IDIOPATHIC THROMBOCYTOPENIC PURPURA)'),(139,0,'KELOID/SCAR'),(140,0,'LEIOMYOMA'),(141,0,'LEIOMYOMA*/FIBROID'),(142,0,'LENTIGO MALIGNA'),(143,0,'LEUKEMIA *'),(144,0,'LEYDIG CELL TUMOR'),(145,0,'LINITIS PLASTICA'),(146,0,'LIPOMA*'),(147,0,'LIPONEFROCYTOMA'),(148,0,'LUPUS'),(149,0,'LYMPHOEPITHELIAL CA'),(150,0,'LYMPHOMA*'),(151,0,'MAST CELL TUMORS'),(152,0,'MEDULLARY CA'),(153,0,'MEDULLOBLASTOMA'),(154,0,'MEDULLOEPITHELIONA'),(155,0,'MELANOCYTOMA'),(156,0,'MELANOCYTOSIS'),(157,0,'MELANOMA*'),(158,0,'Meningeal melanomatosis'),(159,0,'MENINGIOMA*'),(160,0,'MERKLE CELL TUMOR'),(161,0,'MESENCHYMOMA'),(162,0,'MESONEPHROMA'),(163,0,'MESOTHELIOMA*'),(164,0,'MIXED EPITHELIAL'),(165,0,'MIXED TUMOR'),(166,0,'MPNST'),(167,0,'MUCOEPIDERMOID CA'),(168,0,'MULLERIAN MIXED TUMOR'),(169,0,'MULTINODULAR HYPERPLASIA (GOITER)'),(170,0,'MULTIPLE MYELOMA*'),(171,0,'MUSCULAR DYSTROPHY'),(172,0,'MYASTHENIA GRAVIS'),(173,0,'MYCOSIS FUNGOIDES*'),(174,0,'MYELOLIPOMA'),(175,0,'MYELOPROLIFERATIVE DZ.'),(176,0,'MYOEPITHELIOMA'),(177,0,'MYOMATOUS NEOPLASM'),(178,0,'MYOMETRIUM'),(179,0,'NARSOPHARYNGEAL CA'),(180,0,'NEPHROMA'),(181,0,'NEUROBLASTOMA'),(182,0,'NEUROCYTOMA'),(183,0,'NEUROECTODERMAL TUMOR'),(184,0,'NEUROENDOCRINE* CA'),(185,0,'NEUROFIBROMA'),(186,0,'NEUROLEMMOMA/SCHWANNOMA'),(187,0,'NEUROMA'),(188,0,'NEUROTHEKEOMA'),(189,0,'NHL (NON-HODGKINS LYMPHOMA)'),(190,0,'ODONTOGENIC TUMOR'),(191,0,'OLFACTORY NEUROGENIC TUMOR'),(192,0,'OLIGOASTROCYTOMA'),(193,0,'OLIGODENTROGLIOMA'),(194,0,'ONCOCYTOMA (OXYPHILIC)'),(195,0,'ORCHITIS'),(196,0,'OSTEOARTHRITIS'),(197,0,'OSTEOCHONDROMA'),(198,0,'OSTEOMALACIA'),(199,0,'OSTEOPOROSIS'),(200,0,'OVARIAN STROMAL TUMOR'),(201,0,'PAGET DISEASE'),(202,0,'PANCREATITIS'),(203,0,'PAPILLARY CYSTIC NEOPLASM'),(204,0,'PAPILLARY SEROUS CYSTADENOCA'),(205,0,'PAPILLOMA'),(206,0,'PARAGANGLIOMA*'),(207,0,'PARKINSONISM'),(208,0,'Pericytic (Perivascular) Tumors'),(209,0,'PERINEURIOMA'),(210,0,'PHEOCHROMOCYTOMA*'),(211,0,'PILOMATRIX CARCINOMA'),(212,0,'PINEBLASTOMA'),(213,0,'PINEOCYTOMA'),(214,0,'Placental site trophoblastic tumor'),(215,0,'PLASMA CELL TUMORS'),(216,0,'PLASMACYTOMA'),(217,0,'PNET* (PRIMITIVE NEUROECTODERMAL TUMOR)'),(218,0,'PNEUMONIA'),(219,0,'POLYCYSTIC KIDNEY'),(220,0,'Polyembryoma'),(221,0,'POLYGONAL CELL CA'),(222,0,'POLYP'),(223,0,'PROLIFERATIVE'),(224,0,'PROSTATITIS'),(225,0,'PSEUDOCYST'),(226,0,'PYELONEPHRITIS'),(227,0,'RCC (RENAL CELL CARCINOMA)'),(228,0,'RETINOBLASTOMA'),(229,0,'RETINOBLASTOMA*'),(230,0,'RHABDOMYOMA'),(231,0,'SARCOID*'),(232,0,'SARCOMA*'),(233,0,'SCHWANNOMA*'),(234,0,'SEMINOMA*'),(235,0,'SERTOLI-LEYDIG CELL TUMOR'),(236,0,'SEX-CORD STROMAL TUMOR'),(237,0,'SIALOADENITIS'),(238,0,'SIGNET RING CELL CA'),(239,0,'SKIN APPENDAGE CA'),(240,0,'SMALL CELL (OAT CELL) CA'),(241,0,'SCC (SQUAMOUS CELL CA*)'),(242,0,'STROMAL TUMOR'),(243,0,'SUBEPENDYMONA'),(244,0,'SUBMANDIBULAR GLAND'),(245,0,'SWEAT GLAND ADENOCA'),(247,0,'TERATOID/RHABDOID ATYPICAL TUMOR'),(248,0,'TERATOMA*'),(249,0,'THECOMA'),(250,0,'THYMOMA'),(251,0,'THYROIDITIS'),(252,0,'TONSILITIS'),(253,0,'TRICHILEMMOCA'),(254,0,'TTP (THROMBOTIC THROMBOCYTOPENIC PURPURA)'),(255,0,'ULCER'),(256,0,'UNDIFFERENTIATED CA'),(257,0,'TCC (TRANSITIONAL CELL CARCINOMA)'),(258,0,'VERRUCOUS CA'),(259,0,'WARTHINS (PAPILLARY CYSTIC LYMPHOMATOUS)'),(260,0,'WILMS (NEPHROBLASTOMA)'),(261,0,'XANTHROASTROCYTOMA'),(262,0,'YOK SAC TUMOR'),(263,0,'MACROMASTIA'),(264,0,'Obesity');
/*!40000 ALTER TABLE `diagnosis` ENABLE KEYS */;
UNLOCK TABLES;

--
-- Table structure for table `external_vs_internal`
--

DROP TABLE IF EXISTS `external_vs_internal`;
/*!40101 SET @saved_cs_client     = @@character_set_client */;
/*!40101 SET character_set_client = utf8 */;
CREATE TABLE `external_vs_internal` (
  `id` bigint(20) NOT NULL AUTO_INCREMENT,
  `version` bigint(20) NOT NULL,
  `description` varchar(255) NOT NULL,
  PRIMARY KEY (`id`)
) ENGINE=InnoDB AUTO_INCREMENT=3 DEFAULT CHARSET=latin1;
/*!40101 SET character_set_client = @saved_cs_client */;

--
-- Dumping data for table `external_vs_internal`
--

LOCK TABLES `external_vs_internal` WRITE;
/*!40000 ALTER TABLE `external_vs_internal` DISABLE KEYS */;
INSERT INTO `external_vs_internal` VALUES (1,0,'External'),(2,0,'Internal');
/*!40000 ALTER TABLE `external_vs_internal` ENABLE KEYS */;
UNLOCK TABLES;

--
-- Table structure for table `family_history`
--

DROP TABLE IF EXISTS `family_history`;
/*!40101 SET @saved_cs_client     = @@character_set_client */;
/*!40101 SET character_set_client = utf8 */;
CREATE TABLE `family_history` (
  `id` bigint(20) NOT NULL AUTO_INCREMENT,
  `version` bigint(20) NOT NULL,
  `chart_review_id` bigint(20) NOT NULL,
  `diagnosis_id` bigint(20) NOT NULL,
  `relative` varchar(255) NOT NULL,
  PRIMARY KEY (`id`),
  KEY `FK9D9842B96636BA30` (`diagnosis_id`),
  KEY `FK9D9842B9EEE5D9AD` (`chart_review_id`),
  CONSTRAINT `FK9D9842B96636BA30` FOREIGN KEY (`diagnosis_id`) REFERENCES `diagnosis` (`id`) ON DELETE NO ACTION ON UPDATE NO ACTION,
  CONSTRAINT `FK9D9842B9EEE5D9AD` FOREIGN KEY (`chart_review_id`) REFERENCES `chart_review` (`id`) ON DELETE NO ACTION ON UPDATE NO ACTION
) ENGINE=InnoDB DEFAULT CHARSET=latin1;
/*!40101 SET character_set_client = @saved_cs_client */;

--
-- Dumping data for table `family_history`
--

LOCK TABLES `family_history` WRITE;
/*!40000 ALTER TABLE `family_history` DISABLE KEYS */;
/*!40000 ALTER TABLE `family_history` ENABLE KEYS */;
UNLOCK TABLES;

--
-- Table structure for table `gender`
--

DROP TABLE IF EXISTS `gender`;
/*!40101 SET @saved_cs_client     = @@character_set_client */;
/*!40101 SET character_set_client = utf8 */;
CREATE TABLE `gender` (
  `id` bigint(20) NOT NULL AUTO_INCREMENT,
  `version` bigint(20) NOT NULL,
  `description` varchar(255) NOT NULL,
  PRIMARY KEY (`id`)
) ENGINE=InnoDB AUTO_INCREMENT=4 DEFAULT CHARSET=latin1;
/*!40101 SET character_set_client = @saved_cs_client */;

--
-- Dumping data for table `gender`
--

LOCK TABLES `gender` WRITE;
/*!40000 ALTER TABLE `gender` DISABLE KEYS */;
INSERT INTO `gender` VALUES (1,0,'Male'),(2,0,'Female'),(3,0,'Not Specified');
/*!40000 ALTER TABLE `gender` ENABLE KEYS */;
UNLOCK TABLES;

--
-- Table structure for table `grade`
--

DROP TABLE IF EXISTS `grade`;
/*!40101 SET @saved_cs_client     = @@character_set_client */;
/*!40101 SET character_set_client = utf8 */;
CREATE TABLE `grade` (
  `id` bigint(20) NOT NULL AUTO_INCREMENT,
  `version` bigint(20) NOT NULL,
  `value` int(11) NOT NULL,
  PRIMARY KEY (`id`)
) ENGINE=InnoDB AUTO_INCREMENT=5 DEFAULT CHARSET=latin1;
/*!40101 SET character_set_client = @saved_cs_client */;

--
-- Dumping data for table `grade`
--

LOCK TABLES `grade` WRITE;
/*!40000 ALTER TABLE `grade` DISABLE KEYS */;
INSERT INTO `grade` VALUES (1,0,1),(2,0,2),(3,0,3),(4,0,4);
/*!40000 ALTER TABLE `grade` ENABLE KEYS */;
UNLOCK TABLES;

--
-- Table structure for table `institution`
--

DROP TABLE IF EXISTS `institution`;
/*!40101 SET @saved_cs_client     = @@character_set_client */;
/*!40101 SET character_set_client = utf8 */;
CREATE TABLE `institution` (
  `id` bigint(20) NOT NULL AUTO_INCREMENT,
  `version` bigint(20) NOT NULL,
  `description` varchar(255) NOT NULL,
  `number` int(11) NOT NULL,
  PRIMARY KEY (`id`)
) ENGINE=InnoDB AUTO_INCREMENT=4 DEFAULT CHARSET=latin1;
/*!40101 SET character_set_client = @saved_cs_client */;

--
-- Dumping data for table `institution`
--

LOCK TABLES `institution` WRITE;
/*!40000 ALTER TABLE `institution` DISABLE KEYS */;
INSERT INTO `institution` VALUES (1,0,'OSU',1),(2,0,'CCF',3),(3,0,'CWR',4);
/*!40000 ALTER TABLE `institution` ENABLE KEYS */;
UNLOCK TABLES;

--
-- Table structure for table `institution_type`
--

DROP TABLE IF EXISTS `institution_type`;
/*!40101 SET @saved_cs_client     = @@character_set_client */;
/*!40101 SET character_set_client = utf8 */;
CREATE TABLE `institution_type` (
  `id` bigint(20) NOT NULL AUTO_INCREMENT,
  `version` bigint(20) NOT NULL,
  `description` varchar(255) NOT NULL,
  PRIMARY KEY (`id`)
) ENGINE=InnoDB AUTO_INCREMENT=5 DEFAULT CHARSET=latin1;
/*!40101 SET character_set_client = @saved_cs_client */;

--
-- Dumping data for table `institution_type`
--

LOCK TABLES `institution_type` WRITE;
/*!40000 ALTER TABLE `institution_type` DISABLE KEYS */;
INSERT INTO `institution_type` VALUES (1,0,'Academic/Non-Profit'),(2,0,'Commercial'),(3,0,'Government'),(4,0,'Not Applicable');
/*!40000 ALTER TABLE `institution_type` ENABLE KEYS */;
UNLOCK TABLES;

--
-- Table structure for table `investigator`
--

DROP TABLE IF EXISTS `investigator`;
/*!40101 SET @saved_cs_client     = @@character_set_client */;
/*!40101 SET character_set_client = utf8 */;
CREATE TABLE `investigator` (
  `id` bigint(20) NOT NULL AUTO_INCREMENT,
  `version` bigint(20) NOT NULL,
  `billing_city` varchar(255) DEFAULT NULL,
  `billing_country` varchar(255) DEFAULT NULL,
  `billing_department` varchar(255) DEFAULT NULL,
  `billing_institution` varchar(255) DEFAULT NULL,
  `billing_state` varchar(255) DEFAULT NULL,
  `billing_street_address1` varchar(255) DEFAULT NULL,
  `billing_street_address2` varchar(255) DEFAULT NULL,
  `billing_zip_code` varchar(255) DEFAULT NULL,
  `chtn_division_id` bigint(20) DEFAULT NULL,
  `chtn_id` varchar(255) NOT NULL,
  `chtn_id_prefix_id` bigint(20) NOT NULL,
  `courier_name_id` bigint(20) DEFAULT NULL,
  `courier_number` varchar(255) DEFAULT NULL,
  `external_vs_internal_id` bigint(20) DEFAULT NULL,
  `first_name` varchar(255) NOT NULL,
  `institution_type_id` bigint(20) DEFAULT NULL,
  `last_name` varchar(255) NOT NULL,
  `middle_name` varchar(255) DEFAULT NULL,
  `primary_city` varchar(255) DEFAULT NULL,
  `primary_country` varchar(255) DEFAULT NULL,
  `primary_department` varchar(255) DEFAULT NULL,
  `primary_institution` varchar(255) DEFAULT NULL,
  `primary_state` varchar(255) DEFAULT NULL,
  `primary_street_address1` varchar(255) DEFAULT NULL,
  `primary_street_address2` varchar(255) DEFAULT NULL,
  `primary_zip_code` varchar(255) DEFAULT NULL,
  `service_program_type_id` bigint(20) DEFAULT NULL,
  `shipping_city` varchar(255) DEFAULT NULL,
  `shipping_country` varchar(255) DEFAULT NULL,
  `shipping_department` varchar(255) DEFAULT NULL,
  `shipping_institution` varchar(255) DEFAULT NULL,
  `shipping_state` varchar(255) DEFAULT NULL,
  `shipping_street_address1` varchar(255) DEFAULT NULL,
  `shipping_street_address2` varchar(255) DEFAULT NULL,
  `shipping_zip_code` varchar(255) DEFAULT NULL,
  `status_id` bigint(20) DEFAULT NULL,
  PRIMARY KEY (`id`),
  KEY `FK967BBBA998989361` (`institution_type_id`),
  KEY `FK967BBBA9B9CD8466` (`courier_name_id`),
  KEY `FK967BBBA935F1408E` (`service_program_type_id`),
  KEY `FK967BBBA9FE77982D` (`status_id`),
  KEY `FK967BBBA9F71D7623` (`chtn_id_prefix_id`),
  KEY `FK967BBBA9843B44E3` (`chtn_division_id`),
  KEY `FK967BBBA9D6913BE` (`external_vs_internal_id`),
  CONSTRAINT `FK967BBBA935F1408E` FOREIGN KEY (`service_program_type_id`) REFERENCES `service_program_type` (`id`) ON DELETE NO ACTION ON UPDATE NO ACTION,
  CONSTRAINT `FK967BBBA9843B44E3` FOREIGN KEY (`chtn_division_id`) REFERENCES `chtn_division` (`id`) ON DELETE NO ACTION ON UPDATE NO ACTION,
  CONSTRAINT `FK967BBBA998989361` FOREIGN KEY (`institution_type_id`) REFERENCES `institution_type` (`id`) ON DELETE NO ACTION ON UPDATE NO ACTION,
  CONSTRAINT `FK967BBBA9B9CD8466` FOREIGN KEY (`courier_name_id`) REFERENCES `ship_mode` (`id`) ON DELETE NO ACTION ON UPDATE NO ACTION,
  CONSTRAINT `FK967BBBA9D6913BE` FOREIGN KEY (`external_vs_internal_id`) REFERENCES `external_vs_internal` (`id`) ON DELETE NO ACTION ON UPDATE NO ACTION,
  CONSTRAINT `FK967BBBA9F71D7623` FOREIGN KEY (`chtn_id_prefix_id`) REFERENCES `investigator_chtn_id_prefix` (`id`) ON DELETE NO ACTION ON UPDATE NO ACTION,
  CONSTRAINT `FK967BBBA9FE77982D` FOREIGN KEY (`status_id`) REFERENCES `investigator_status` (`id`) ON DELETE NO ACTION ON UPDATE NO ACTION
) ENGINE=InnoDB AUTO_INCREMENT=1037 DEFAULT CHARSET=latin1;
/*!40101 SET character_set_client = @saved_cs_client */;

--
-- Dumping data for table `investigator`
--

LOCK TABLES `investigator` WRITE;
/*!40000 ALTER TABLE `investigator` DISABLE KEYS */;
INSERT INTO `investigator` VALUES (1,0,'BIRMINGHAM','USA','TISSUE PROCUREMENT','UNIV OF ALABAMA AT BIRMINGHAM','AL','449 ZEIGLER RESEARCH BLDG','703 SOUTH 19TH STREET','35294-0007',6,'10',1,NULL,NULL,NULL,'WILLIAM',1,'GRIZZLE',NULL,'BIRMINGHAM','USA','PATHOLOGY','UNIV OF ALABAMA AT BIRMINGHAM','AL','422 ZEIGLER RESEARCH BLDG','703 SOUTH 19TH STREET','35294-0007',NULL,'BIRMINGHAM','USA','TISSUE PROCUREMENT','UNIV OF ALABAMA AT BIRMINGHAM','AL','449 ZEIGLER RESEARCH BLDG','703 SOUTH 19TH STREET','35294-0007',1),(2,0,'ANN ARBOR','USA','RHEUMATOLOGY','UNIVERSITY OF MICHIGAN','MI','109 ZINA PITCHER PLACE','4438 BSRB BOX 2200','48109-2200',1,'15',1,NULL,NULL,NULL,'ALISA',2,'KOCH',NULL,'ANN ARBOR','USA','RHEUMATOLOGY','UNIVERSITY OF MICHIGAN','MI','109 ZINA PITCHER PLACE','4438 BSRB BOX 2200','48109-2200',NULL,'ANN ARBOR','USA','RHEUMATOLOGY','UNIVERSITY OF MICHIGAN','MI','109 ZINA PITCHER PLACE','4438 BSRB BOX 2200','48109-2200',1),(3,0,'LOS ANGELES','USA','ACCTS. PAYABLE','CEDAR SINAI MEDICAL CENTER','CA','P.O. BOX 48955','','90048',4,'16',1,NULL,NULL,NULL,'H. PHILLIP',1,'KOEFFLER',NULL,'LOS ANGELES','USA','MEDICINE','CEDAR SINAI MEDICAL CENTER','CA','8700 BEVERLY BLVD.','DAVIS 5016','90048',NULL,'LOS ANGELES','USA','MEDICINE','CEDAR SINAI MEDICAL CENTER','CA','8700 BEVERLY BLVD.','DAVIS 5016','90048',3),(4,0,'DAVIS','USA','SECTION OF MOLOC. & CELL BIO.','UNIVERSITY OF CALIFORNIA, DAVIS','CA','','','95616',4,'44',1,NULL,NULL,NULL,'CARL',2,'SCHMID',NULL,'DAVIS','USA','SECTION OF MOLOC. & CELL BIO.','UNIVERSITY OF CALIFORNIA, DAVIS','CA','','','95616',NULL,'DAVIS','USA','SECTION OF MOLOC. & CELL. BIO.','UNIVERSITY OF CALIFORNIA, DAVIS','CA','1 SHIELDS AVENUE','BRIGGS BLDG 218','95616',1),(5,0,'CHAPEL HILL','USA','MICROBIOLOGY & IMMUNOLOGY','LINEBERGER CANCER RESEARCH CENTER','NC','SCHOOL OF MEDICINE','MASON FARM ROAD, ROOM 309','27599-7295',6,'50',1,NULL,NULL,NULL,'NANCY',2,'RAAB-TRAUB',NULL,'CHAPEL HILL','USA','MICROBIOLOGY & IMMUNOLOGY','LINEBERGER CANCER RESEARCH CENTER','NC','SCHOOL OF MEDICINE, CAMPUS BX 7295','MASON FARM ROAD','27599-7295',NULL,'CHAPEL HILL','USA','','LINEBERGER CANCER RESEARCH CENTER','NC','SCHOOL OF MEDICINE','MASON FARM ROAD, ROOM 309','27599-7295',1),(6,0,'HOUSTON','USA','HUFFINGTON CTR ON AGING, 452A','BAYLOR COLLEGE OF MEDICINE','TX','ONE BAYLOR PLAZA','','77030',6,'58',1,NULL,NULL,NULL,'PETER',1,'HORNSBY',NULL,'HOUSTON','USA','HUFFINGTON CTR ON AGING, 452A','BAYLOR COLLEGE OF MEDICINE','TX','ONE BAYLOR PLAZA','','77030',NULL,'HOUSTON','USA','HUFFINGTON CTR ON AGING, 452A','BAYLOR COLLEGE OF MEDICINE','TX','ONE BAYLOR PLAZA','','77030',1),(7,0,'PHILADELPHIA','USA','CANCER BIOLOGY PROGRAM','FOX CHASE CANCER CENTER','PA','JOSEPH R. TESTA, PH.D.','333 COTTMAN AVENUE - P3037','19111',3,'67',1,NULL,NULL,NULL,'JOSEPH',2,'TESTA',NULL,'PHILADELPHIA','USA','MEDICAL ONCOLOGY','FOX CHASE CANCER CENTER','PA','7701 BURHOLME AVE.','ROOM 310W','19111',NULL,'PHILADELPHIA','USA','HUMAN GENETICS','FOX CHASE CANCER CENTER','PA','333 COTTMAN AVE','ROOM P-3043','19111-2497',1),(8,0,'BETHESDA','USA','ACCOUNTS PAYABLE,SECTION DFM','NIH','MD','BUILDING 31','ROOM BIB-39','20892',2,'80',1,NULL,NULL,NULL,'SUSAN',2,'BATES',NULL,'BETHESDA','USA','MEDICINE BRANCH','NATIONAL CANCER INSTITUTE','MD','NIH 9000 ROCKVILLE PIKE','BLDG.10, ROOM 12N200','20892',NULL,'BETHESDA','USA','MEDICINE BRANCH','NATIONAL CANCER INSTIT.','MD','NIH 9000 ROCKVILLE PIKE','BLDG.10, ROOM 12N200','20892',3),(9,0,'PHILADELPHIA','USA','HUMAN GENETICS & MOLECULAR BIO','CHILDRENS HOSPITAL OF PHILADELPHIA','PA','34TH AND CIVIC CENTER BLVD','','19104',5,'99',1,NULL,NULL,NULL,'JACLYN',1,'BIEGEL',NULL,'PHILADELPHIA','USA','HUMAN GENETICS & MOLECULAR BIO','CHILDRENS HOSPITAL OF PHILADELPHIA','PA','34TH AND CIVIC CENTER BLVD','','19104',NULL,'PHILADELPHIA','USA','HUMAN GENETICS & MOLECULAR BIO','CHILDRENS HOSPITAL OF PHILADELPHIA','PA','34TH AND CIVIC CENTER BLVD','','19104',1),(10,0,'GALVESTON','USA','PATHOLOGY 0609','THE UNIVERSITY OF TEXAS MEDICAL BRANCH','TX','ROOM # 3.108 KEILLER BULDING','','77555-0609',6,'1002',1,NULL,NULL,NULL,'BHUPENDRA',2,'KAPHALIA',NULL,'GALVESTON','USA','PATHOLOGY 0609','THE UNIVERSITY OF TEXAS MEDICAL BRANCH','TX','ROOM # 3.108 KEILLER BULDING','','77555-0609',NULL,'GALVESTON','USA','PATHOLOGY 0609','THE UNIVERSITY OF TEXAS MEDICAL BRANCH','TX','ROOM # 3.108 KEILLER BULDING','','77555-0609',1),(11,0,'BIRMINGHAM','USA','MEDICINE','UNIVERSITY OF ALABAMA AT BIRMINGHAM','AL','701 SOUTH 19TH STREET','LHRB 339','35294',6,'1005',1,NULL,NULL,NULL,'ROBERT',1,'GARVER',NULL,'BIRMINGHAM','USA','MEDICINE','UNIVERSITY OF ALABAMA AT BIRMINGHAM','AL','701 SOUTH 19TH STREET','LHRB 339','35294',NULL,'BIRMINGHAM','USA','MEDICINE','UNIVERSITY OF ALABAMA AT BIRMINGHAM','AL','701 SOUTH 19TH STREET','LHRB 339','35294',3),(12,0,'MINNEAPOLIS','USA','ACCOUNTING','EPIDEMIOLOGY, UNIVERSITY OF MINNESOTA','MN','1300 SOUTH SECOND STREET','#300','55454',1,'1009',1,NULL,NULL,NULL,'KRISTIN',2,'ANDERSON',NULL,'MINNEAPOLIS','USA','DIVISION OF EPIDEMIOLOGY','UNIVERSITY OF MINNESOTA','MN','1300 SOUTH SECOND STREET','#300','55454',NULL,'JEFFERS0N','USA','DIV OF MOLEC. EPIDEM. HFT 100','NAT CENTER FOR TOXICOLOGICAL RESEARCH','AR','ATTN: DR. FRED KADLUBAR','3900 NCTR ROAD','72079',3),(13,0,'AUSTIN','USA','ZOOLOGY','UNIVERSITY OF TEXAS AT AUSTIN','TX','PATTERSON LAB, RM 522','MAIL CODE C0900','78712',6,'1010',1,NULL,NULL,NULL,'BOB',NULL,'SANDERS',NULL,'AUSTIN','USA','ZOOLOGY','UNIVERSITY OF TEXAS AT AUSTIN','TX','PATTERSON LAB, ROOM 522','MAIL CODE C0900','78712',NULL,'AUSTIN','USA','NUTRITION','UNIVERSITY OF TEXAS AT AUSTIN','TX','2400 SPEEDWAY STREET','PAINTER HALL, ROOM 3.30','78712',3),(14,0,'VANCOUVER','CANADA','TERRY FOX LABORATORY','BC CANCER AGENCY','BC','601 WEST 10TH AVENUE','BC CANCER RESEARCH CENTRE','V5Z1L3',1,'1013',1,NULL,NULL,NULL,'CONNIE',NULL,'EAVES',NULL,'VANCOUVER','CANADA','TERRY FOX LABORATORY','BRITISH COLUMBIA CANCER AGENCY','BC','601 WEST 10TH AVENUE','BC CANCER RESEARCH CENTRE','V5Z1L3',NULL,'VANCOUVER','CANADA','TERRY FOX LABORATORY','BC CANCER AGENCY','BC','601 WEST 10TH AVENUE','STEM CELL ASSAY LAB','V5Z1L3',3),(15,0,'UNIVERSITY PARK','USA','PURCHASING SERVICES','PENN STATE UNIVERSITY','PA','101 PROCUREMENT BUILDING','','16802',3,'1014',1,NULL,NULL,NULL,'RICHARD',1,'FRISQUE',NULL,'UNIVERSITY PARK','USA','BIOCHEMISTRY & MOLECULAR BIO','PENN STATE UNIVERSITY','PA','433 SOUTH FREAR BUILDING','','16802',NULL,'UNIVERSITY PARK','USA','BIOCHEMISTRY & MOLECULAR BIO','PENN STATE UNIVERSITY','PA','433 SOUTH FREAR BUILDING','','16802',3),(16,0,'BELLEVILLE','USA','ACCOUNTS PAYABLE','GARDEN STATE CANCER CENTER','NJ','520 BELLEVILLE AVENUE','','7109',3,'1016',1,NULL,NULL,NULL,'RHONA',NULL,'STEIN',NULL,'BELLEVILLE','USA','','GARDEN STATE CANCER CENTER','NJ','520 BELLEVILLE AVENUE','','7109',NULL,'BELLEVILLE','USA','','GARDEN STATE CANCER CENTER','NJ','520 BELLEVILLE AVENUE','','7109',3),(17,0,'SEATTLE','USA','OBSTETRICS AND GYNECOLOGY','UNIVERSITY OF WASHINGTON','WA','P.O. BOX 356460','','98195-6460',4,'1018',1,NULL,NULL,NULL,'EDITH',1,'CHENG',NULL,'SEATTLE','USA','OBSTETRICS AND GYNECOLOGY','UNIVERSITY OF WASHINGTON','WA','HEALTH SCIENCE BLDG.','ROOM BR612','98195-6460',NULL,'SEATTLE','USA','OBSTETRICS AND GYNECOLOGY','UNIVERSITY OF WASHINGTON','WA','HEALTH SCIENCE BLDG.','ROOM BR612','98195-6460',1),(18,0,'BETHESDA','USA','B1B32','NIH COMMERCIAL ACCOUNTS','MD','31 CENTER DRIVE','MAIL STOP MSC 20450','20892',2,'1027',1,NULL,NULL,NULL,'JONATHAN',2,'VOGEL',NULL,'BETHESDA','USA','DERMATOLOGY BRANCH','NCI','MD','10 CENTER DRIVE MSC 1908','BUILDING 10, ROOM 12N260','20892-1908',NULL,'BETHESDA','USA','DERMATOLOGY BRANCH','NCI','MD','10 CENTER DRIVE MSC 1908','BUILDING 10, ROOM 12N260','20892-1908',3),(19,0,'BLOOMINGTON','USA','MEDICAL SCIENCES','INDIANA UNIVERSITY SCHOOL OF MEDICINE','IN','JORDAN HALL 302','1000 EAST THIRD STREET','47405',1,'1030',1,NULL,NULL,NULL,'KENNETH',NULL,'NEPHEW',NULL,'BLOOMINGTON','USA','MEDICAL SCIENCES','INDIANA UNIVERSITY SCHOOL OF MEDICINE','IN','JORDAN HALL 302','1000 EAST THIRD STREET','47405',NULL,'BLOOMINGTON','USA','MEDICAL SCIENCES','INDIANA UNIVERSITY SCHOOL OF MEDICINE','IN','JORDAN HALL 302','1000 EAST THIRD STREET','47405',3),(20,0,'HOUSTON','USA','ACCOUNTS PAYABLE','UT - M.D. ANDERSON CANCER CENTER','TX','P.O. BOX 301401','','77230-1401',6,'1035',1,NULL,NULL,NULL,'DONGHUI',3,'LI',NULL,'HOUSTON','USA','CLINICAL INVESTIGATION','UT - M.D. ANDERSON CANCER CENTER','TX','NAOMI BUILDING, RM 1.040','8515 FANNIN','77054',NULL,'HOUSTON','USA','','UT MD ANDERSON','TX','7435 FANNIN STREET','2SCRB2.3209','77054',3),(21,0,'KINGSTON','USA','CHEMISTRY','UNIV. OF RHODE ISLAND','RI','51 LOWER COL ROAD','PASTORE HALL','2881',3,'1037',1,NULL,NULL,NULL,'OMANAND',3,'KOUL',NULL,'WALTHAM','USA','BIOMEDICAL SCIENCES','THE SHRIVER CENTER','MA','200 TRAPELO ROAD','','2452',NULL,'WALTHAM','USA','BIOMEDICAL SCIENCES','THE SHRIVER CENTER','MA','200 TRAPELO ROAD','','2452',3),(22,0,'BETHESDA','USA','ACCOUNTS PAYABLE','NCI','MD','','9000 ROCKVILLE PIKE','20892',2,'1039',1,NULL,NULL,NULL,'SCOTT',NULL,'ABRAMS',NULL,'BETHESDA','USA','LAB OF TUMOR IMMUNOLOGY& BIO','NCI','MD','BUILDING 10, ROOM 5B46','10 CENTER DRIVE, MSC1402','20892-1402',NULL,'BETHESDA','USA','LAB OF TUMOR IMMUNOLOGY& BIO','NCI','MD','BUILDING 10, ROOM 5B46','10 CENTER DRIVE, MSC1402','20892-1402',3),(23,0,'STANFORD','USA','PEDIATRICS','STANFORD UNIVERSITY','CA','STANFORD UNIV. MED. CTR.','PO BOX 20410','94309-0410',4,'1040',1,NULL,NULL,NULL,'DALE',3,'UMETSU',NULL,'STANFORD','USA','PEDIATRICS','STANFORD UNIVERSITY','CA','STANFORD UNIV. MED. CTR.','RM S217','94305',NULL,'STANFORD','USA','PEDIATRICS','STANFORD UNIVERSITY','CA','STANFORD UNIV. MED. CTR.','300 PASTURE DRIVE, RM S309','94305-5208',1),(24,0,'PHILADELPHIA','USA','ACCOUNTS PAYABLE','THOMAS JEFFERSON UNIVERSITY','PA','1020 WALNUT STREET','','19107-5585',3,'1041',1,NULL,NULL,NULL,'SCOTT',NULL,'WALDMAN',NULL,'PHILADELPHIA','USA','MEDICINE & PHARMACOLOGY','THOMAS JEFFERSON UNIVERSITY','PA','1100 WALNUT STREET','MOB 813','19107',NULL,'PHILADELPHIA','USA','MEDICINE & PHARMACOLOGY','THOMAS JEFFERSON UNIVERSITY','PA','1100 WALNUT STREET','MOB 814','19107',3),(25,0,'MADISON','USA','ONCOLOGY','UNIVERSITY OF WISCONSIN-MADISON','WI','1400 UNIVERSITY AVENUE','MCARDLE LABORATORY','53706',1,'1044',1,NULL,NULL,NULL,'JEFF',3,'ROSS',NULL,'MADISON','USA','ONCOLOGY','UNIVERSITY OF WISCONSIN-MADISON','WI','1400 UNIVERSITY AVENUE','MCARDLE LABORATORY','53706',NULL,'MADISON','USA','ONCOLOGY','UNIVERSITY OF WISCONSIN-MADISON','WI','1400 UNIVERSITY AVENUE','','53706',3),(26,0,'ALBANY','USA','','HEALTH RESEARCH, INC.','NY','RM E318,EMPIRE STATE PLAZA','P-1 SOUTH, DOCK J','12201',3,'1045',1,NULL,NULL,NULL,'XINXIN',NULL,'DING',NULL,'ALBANY','USA','','WADSWORTH CENTER, NYSDOSH','NY','RM 178A','EMPIRE STATE PLAZA, BOX 509','12201-0509',NULL,'ALBANY','USA','','WADSWORTH CENTER, NYSDOSH','NY','RM E318,EMPIRE STATE PLAZA','P-1 SOUTH, DOCK J','12201',1),(27,0,'PHILADELPHIA','USA','BIOSCIENCE AND BIOTECHNOLOGY','DREXEL UNIVERSITY','PA','32ND AND CHESTNUT STREETS','STRATTON 312','19104',3,'1046',1,NULL,NULL,NULL,'KYLIE',3,'KESHAV',NULL,'PHILADELPHIA','USA','BIOSCIENCE AND BIOTECHNOLOGY','DREXEL UNIVERSITY','PA','32ND AND CHESTNUT STREETS','STRATTON 312','19104',NULL,'PHILADELPHIA','USA','BIOSCIENCE AND BIOTECHNOLOGY','DREXEL UNIVERSITY','PA','32ND AND CHESTNUT STREETS','STRATTON 312','19104',3),(28,0,'RENO','USA','INTERNAL MEDICINE','','NV','VAMC, 1000 LOCAST ST.','','89520',4,'1050',1,NULL,NULL,NULL,'PHILIP',NULL,'GOODMAN',NULL,'RENO','USA','INTERNAL MEDICINE','UNIV. OF NEVADA SCH. OF MED. MS355','NV','WASHOE MED. CTR.','77 PRINGLE WAY','89557',NULL,'RENO','USA','','UNIV. OF NEVADA','NV','APPLIED RESEARCH FACILITY','#400','89557',3),(29,0,'BRONX','USA','RADIATION ONCOLOGY','ALBERT EINSTEIN COLLEGE OF MEDICINE','NY','1300 MORRIS PARK AVENUE','ULMAN 1219','10461',3,'1056',1,NULL,NULL,NULL,'MOHAN',NULL,'ACHARY',NULL,'BRONX','USA','RADIATION ONCOLOGY','ALBERT EINSTEIN COLLEGE OF MEDICINE','NY','1300 MORRIS PARK AVENUE','ULMAN 1219','10461',NULL,'BRONX','USA','RADIATION ONCOLOGY','ALBERT EINSTEIN COLLEGE OF MEDICINE','NY','1300 MORRIS PARK AVENUE','ULMAN 1219','10461',3),(30,0,'MONTREAL','CANADA','MEDICINE(CALCIUM RESEARCH LAB)','MCGILL UNIVERSITY HEALTH CENTER','PQ','687 PINE AVENUE WEST','ROOM H4.67','H3A 1A1',1,'1058',1,NULL,NULL,NULL,'RICHARD',3,'KREMER',NULL,'MONTREAL','CANADA','MEDICINE(CALCIUM RESEARCH LAB)','MCGILL UNIVERSITY HEALTH CENTER','PQ','687 PINE AVENUE WEST','ROOM H4.67','H3A 1A1',NULL,'MONTREAL','CANADA','MEDICINE(CALCIUM RESEARCH LAB)','MCGILL UNIVERSITY HEALTH CENTER','PQ','687 PINE AVENUE WEST','ROOM H4.67','H3A 1A1',3),(31,0,'FLEURIMONT, QC','CANADA','ANATOMIC DE BIOLOGIECELLULARIE','UNIVERSITE DE SHERBROOKE','','3001 12E AVE NORD','FACULTE DE MEDECINE','J1H 5N4',1,'1062',1,NULL,NULL,NULL,'JEAN-FRANCOIS',NULL,'BEAULIEU',NULL,'FLEURIMONT, QC','CANADA','ANATOMIE DE BIOLOGIECELLULARIE','UNIVERSITE DE SHERBROOKE','','3001 12E AVE NORD','FACULTE DE MEDICINE','J1H 5N4',NULL,'FLEURIMONT, QC','CANADA','ANATOMIE DE BIOLOGIECELLULARIE','UNIVERSITE DE SHERBROOKE','','3001 12E AVE NORD','FACULTE DE MEDICINE','J1H 5N4',1),(32,0,'BERKELEY','USA','ENVIRONMENTAL CHEMISTRY & TOXI','UNIV. OF CALIF., BERKELEY','CA','114 WELLMAN HALL','','94720-3112',4,'1066',1,NULL,NULL,NULL,'JOHN',NULL,'CASIDA',NULL,'BERKELEY','USA','ENVIRONMENTAL CHEMISTRY & TOXI','UNIV. OF CALIF., BERKELEY','CA','114 WELLMAN HALL','','94720-3112',NULL,'BERKELEY','USA','ENVIRONMENTAL CHEMISTRY & TOXI','UNIV. OF CALIF., BERKELEY','CA','114 WELLMAN HALL','','94720-3112',3),(33,0,'NEW YORK','USA','MEDICINE','COLUMBIA UNIVERSITY','NY','P&S BUILDING, ROOM 8-401','630 WEST 168TH STREET','10032',3,'1067',1,NULL,NULL,NULL,'GARY',NULL,'SWERGOLD',NULL,'NEW YORK','USA','MEDICINE','COLUMBIA UNIVERSITY','NY','630 WEST 168TH STREET','','10032',NULL,'NEW YORK','USA','MEDICINE','COLUMBIA UNIVERSITY','NY','BLACK BUILDING, ROOM 8-804','630 WEST 168TH STREET','10032',1),(34,0,'KINGSTON','CANADA','MEDICINE','QUEENS UNIVERSITY','ON','ETHERINGTON HALL ROOM1021','','K7L 3N6',1,'1073',1,NULL,NULL,NULL,'INKA',3,'BROCKHAUSEN',NULL,'KINGSTON','CANADA','MEDICINE','QUEENS UNIVERSITY','ON','ETHERINGTON HALL ROOM1021','','K7L 3N6',NULL,'KINGSTON','CANADA','','HUMAN MOBILITY RESEARCH CENTER','ON','KINGSTON GENERAL HOSPITAL','ANGADA 1; ROOM 5-113','K7L 2V7',3),(35,0,'BETHESDA','USA','COMMERCIAL ACCOUNTS','NIH','MD','2115 EAST JEFFERSON ST.','MSC 8500, RM 4B-432','20892-8500',2,'1075',1,NULL,NULL,NULL,'BARBARA',NULL,'VONDERHAAR',NULL,'BETHESDA','USA','LAB OF TUMOR IMMUNO & BIO','NCI','MD','37 CONVENT DR.','BLDG 37, RM 1108','20892',NULL,'BETHESDA','USA','','NCI','MD','37 CONVENT DR.','BLDG 37, RM 1108','20892',1),(36,0,'BETHESDA','USA','ACCOUNTS PAYABLE','NIH','MD','31 CENTER DRIVE','BLDG. 31, ROOM B1B39','20892',2,'1076',1,NULL,NULL,NULL,'ROBERT',NULL,'CALLAHAN',NULL,'BETHESDA','USA','TUMOR IMMUNOLOGY & BIOLOGY','NATIONAL CANCER INSTITUTE','MD','BUILDING 10','ROOM 5B50','20892',NULL,'BETHESDA','USA','TUMOR IMMUNOLOGY & BIOLOGY','NATIONAL CANCER INSTITUTE','MD','BUILDING 10','ROOM 5B53','20892',3),(37,0,'VAHALLA','USA','BIOCHEMISTRY & MOLECULAR BIO','NEW YORK MEDICAL COLLEGE','NY','ATTN: DULCIE BROOMFIELD','BASIC SCIENCE BUILDING, RM 109','10595',3,'1077',1,NULL,NULL,NULL,'MARIETTA',NULL,'LEE',NULL,'VAHALLA','USA','BIOCHEMISTRY & MOLECULAR BIO','NEW YORK MEDICAL COLLEGE','NY','ROOM 121','BASIC SCIENCE BUILDING','10595',NULL,'VAHALLA','USA','BIOCHEMISTRY & MOLECULAR BIO','NEW YORK MEDICAL COLLEGE','NY','ROOM 121','BASIC SCIENCE BUILDING','10595',3),(38,0,'BOSTON','USA','PURCHASING','BOSTON UNIVERSITY','MA','715 ALBANY STREET','560-5','02118-2526',3,'1079',1,NULL,NULL,NULL,'PAMELA',NULL,'LARSON',NULL,'BOSTON','USA','CANCER RESEARCH CENTER','BOSTON UNIV. SCHOOL OF MEDICINE','MA','650 ALBANY STREET','EBRC 415','2118',NULL,'BOSTON','USA','CANCER RESEARCH CENTER','BOSTON UNIV. SCHOOL OF MEDICINE','MA','650 ALBANY STREET','EBRC 415','2118',3),(39,0,'JEFFERSON','USA','FINANCE OFFICE','NCTR','AR','3900 NCTR ROAD, HFT 323','','72079',6,'1082',1,NULL,NULL,NULL,'DANIEL',NULL,'DOERGE',NULL,'JEFFERSON','USA','DIV. OF BIOCHEMICAL TOXICOLOGY','NATIONAL CENTER FOR TOXICOLOGICAL RESE','AR','3900 NCTR ROAD, 53C-215','','72079',NULL,'JEFFERSON','USA','DIV. OF BIOCHEMICAL TOXICOLOGY','NATIONAL CENTER FOR TOXICOLOGICAL RESE','AR','3900 NCTR ROAD, 53C-215','','72079',3),(40,0,'SUMMERVILLE','USA','ACCOUNTS PAYABLE','TUFTS UNIVERSITY','MA','169 HOLLAND STREET','','2144',3,'1083',1,NULL,NULL,NULL,'G. GARY',NULL,'SAHAGIAN',NULL,'BOSTON','USA','PHYSIOLOGY','TUFTS UNIVERSITY SCHOOL OF MEDICINE','MA','136 HARRISON AVENUE','STEARNS 105','2111',NULL,'BOSTON','USA','PHYSIOLOGY','TUFTS UNIVERSITY SCHOOL OF MEDICINE','MA','37 TYLER STREETS','STEARNS 805','2111',3),(41,0,'BOSTON','USA','ADULT ONCOLOGY','DANA FARBER CANCER INSTITUTE','MA','ROOM J519','JIMMY FUND BUILDING, D.F.C.I.','2115',3,'1084',1,NULL,NULL,NULL,'MIKE',NULL,'MAKRIGIORGOS',NULL,'BOSTON','USA','ADULT ONCOLOGY','DANA FARBER CANCER INSTITUTE','MA','ROOM J519','JIMMY FUND BUILDING, D.F.C.I.','2115',NULL,'BOSTON','USA','ADULT ONCOLOGY','DANA FARBER CANCER INSTITUTE','MA','44 BINNEY ST., RM J519','JIMMY FUND BUILDING, DFCI','2115',3),(42,0,'AUGUSTA','USA','ACCOUNTS PAYABLE','MCG. CMCRCV','GA','1120 15TH STREET','CN3142','30912-8000',6,'1087',1,NULL,NULL,NULL,'NAHID',NULL,'MIVECHI',NULL,'AUGUSTA','USA','CTR FOR MOLECULAR CHAPERONE','MEDICAL COLLEGE OF GEORGIA','GA','1410 LANEY-WALKER BLVD','CN-3141A','30912-2615',NULL,'AUGUSTA','USA','CTR FOR MOLECULAR CHAPERONE','MEDICAL COLLEGE OF GEORGIA','GA','1410 LANEY-WALKER BLVD','CN3153','30912-2615',3),(43,0,'AUSTIN','USA','MICROBIOLOGY','UNIV. OF TEXAS AT AUSTIN','TX','24TH STREET & SPEEDWAY ESB 532','','78712-1095',6,'1089',1,NULL,NULL,NULL,'PHILLIP',NULL,'TUCKER',NULL,'AUSTIN','USA','MICROBIOLOGY','UNIV. OF TEXAS AT AUSTIN','TX','24TH STREET & SPEEDWAY ESB 532','','78712-1095',NULL,'AUSTIN','USA','MICROBIOLOGY','UNIV. OF TEXAS CENTRAL RECEIVING','TX','UT CENTRAL RECEIVING','2200 COMAL STREET','78722',3),(44,0,'PROVO','USA','','BRIGHAM YOUNG UNIVERSITY','UT','FINANCIAL SEVICES','D-148 ASB','84602',4,'1095',1,NULL,NULL,NULL,'TERRY',NULL,'ELTON',NULL,'PROVO','USA','CHEMISTRY AND BIOCHEMISTRY','BRIGHAM YOUNG UNIVERSITY','UT','C-206 BNSN BUILDING','','84602',NULL,'PROVO','USA','RECEIVING DEPT.','BRIGHAM YOUNG UNIVERSITY','UT','685 E. UNIVERSITY PKWY','REFERENCE P.O. # Y30798','84602',3),(45,0,'MEMPHIS','USA','SURGERY','UNIVERSITY OF TENNESSEE-MEMPHIS','TN','956 COURT AVENUE','COLEMAN BLDG., ROOM E-234','38163',6,'1102',1,NULL,NULL,NULL,'DERRICK',NULL,'BEECH',NULL,'MEMPHIS','USA','SURGERY','UNIVERSITY OF TENNESSEE-MEMPHIS','TN','956 COURT AVENUE','ROOM G-212','38163',NULL,'MEMPHIS','USA','SURGERY','UNIVERSITY OF TENNESSEE-MEMPHIS','TN','956 COURT AVE, RM G-215','COLEMAN BUILDING','38163',3),(46,0,'HOUSTON','USA','MOLECULAR AND CELLULAR BIOLOGY','BAYLOR COLLEGE OF MEDICINE','TX','1 BAYLOR PLAZA','N1130 ALKEK BLDG.','77030',6,'1104',1,NULL,NULL,NULL,'BONNIE',NULL,'DUNBAR',NULL,'HOUSTON','USA','MOLECULAR AND CELLULAR BIOLOGY','BAYLOR COLLEGE OF MEDICINE','TX','1 BAYLOR PLAZA','N1130 ALKEK BLDG.','77030',NULL,'HOUSTON','USA','MOLECULAR AND CELLULAR BIOLOGY','BAYLOR COLLEGE OF MEDICINE','TX','1 BAYLOR PLAZA','N1130 ALKEK BLDG.','77030',3),(47,0,'PHILADELPHIA','USA','ACCOUNTS PAYABLE','THOMAS JEFFERSON UNIVERSITY','PA','1020 WALNUT STREET','ROOM 532 SCOTT BLDG.','19107',3,'1106',1,NULL,NULL,NULL,'DAVID',NULL,'STOKES',NULL,'PHILADELPHIA','USA','MEDICINE','THOMAS JEFFERSON UNIVERSITY','PA','233 SOUTH 10TH STREET','ROOM 506 BLSB','19107',NULL,'PHILADELPHIA','USA','MEDICINE','THOMAS JEFFERSON UNIVERSITY','PA','233 SOUTH 10TH STREET','ROOM 506 BLSB','19107',1),(48,0,'ORANGE','USA','OBSTETRICS & GYNECOLOGY','UCI MEDICAL CENTER','CA','101 THE CITY DR.','BLDG. 23 ROOM 107','92868',5,'1107',1,NULL,NULL,NULL,'BRADLEY',NULL,'MONK',NULL,'ORANGE','USA','OBSTETRICS & GYNECOLOGY','UCI MEDICAL CENTER','CA','101 THE CITY DR.','BLDG. 23 ROOM 107','92868',NULL,'SAN DIEGO','USA','GARRET M. HAMPTON, PH.D.','GENOMICS INSTITUTE OF THE NOVARTIS RES','CA','3115 MERRYFIELD ROW','','92121',1),(49,0,'BALTIMORE','USA','PROCUREMENT DEPT.','NATIONAL INSTITUTE ON AGING','MD','5600 NATHAN SHOCK DR','','21224',5,'1108',1,NULL,NULL,NULL,'PAT',NULL,'MORIN',NULL,'BALTIMORE','USA','CELLULAR AND MOLECULAR BIOLOGY','NIA-GERONTOLOGY RESEARCH CENTER','MD','5600 NATHAN SHOCK DRIVE','ROOM 1-B-12','21224-6825',NULL,'BALTIMORE','USA','','NATIONAL INSTITUTE ON AGING','MD','BLDG GRC-RM 1B 15','5600 NATHAN SHOCK DRIVE','21224',3),(50,0,'ORANGE','USA','OBSTETRICS AND GYNECOLOGY','UCI MEDICAL CENTER','CA','101 THE CITY DR.','BLDG 23, RM 107','92868',5,'1109',1,NULL,NULL,NULL,'ROBERT',NULL,'BURGER',NULL,'ORANGE','USA','OBSTETRICS AND GYNECOLOGY','UCI MEDICAL CENTER','CA','101 THE CITY DR.','BLDG 23, RM 107','92868',NULL,'SAN DIEGO','USA','GARRET M. HAMPTON, PH.D.','GENOMICS INSTITUTE OF THE NOVARTIS RES','CA','3115 MERRYFIELD ROW','','92121',3),(51,0,'NEW YORK','USA','PHYSIOLOGY & CELLULAR BIOPHYS','COLLEGE OF P&S AT COLUMBIA UNIVERSITY','NY','630 WEST 168TH ST.','BOX 22, ROOM #BB1111','10032',3,'1116',1,NULL,NULL,NULL,'NANCY',NULL,'EMENAKER',NULL,'NEW YORK','USA','PHYSIOLOGY & CELLULAR BIOPHYS','COLLEGE OF P&S AT COLUMBIA UNIVERSITY','NY','630 WEST 168TH ST.','11TH FLOOR, ROOM #BB1111','10032',NULL,'NEW YORK','USA','PHYSIOLOGY & CELLULAR BIOPHYS','COLLEGE OF P&S AT COLUMBIA UNIVERSITY','NY','630 WEST 168TH ST.','11TH FLOOR, ROOM #BB1111','10032',3),(52,0,'JEFFERSON','USA','MOLECULAR EPIDEMIOLOGY','GOVERNMENT - FDA','AR','3900 NCTR ROAD','BUILDING 53C','72079',6,'1117',1,NULL,NULL,NULL,'BEVERLY',NULL,'LYN-COOK',NULL,'JEFFERSON','USA','MOLECULAR EPIDEMIOLOGY','FEDERAL DRUG ADMINISTRATION','AR','3900 NCTR ROAD','BUILDING 53C','72079',NULL,'JEFFERSON','USA','MOLECULAR EPIDEMIOLOGY','GOVERNMENT - FDA','AR','3900 NCTR ROAD','BUILDING 53C, ROOM 221','72079',1),(53,0,'RANTOUL','USA','ACCOUNTING','UNIVERSITY OF ILLINOIS','IL','ACCOUNTING OFFICE','PO BOX 820','61866',1,'1120',1,NULL,NULL,NULL,'JOHN',NULL,'ERDMAN',NULL,'URBANA','USA','NUTRITIONAL SCIENCES','UNIVERSITY OF ILLINOIS','IL','ROOM 448 BEVIER HALL','905 S. GOODWIN, MC-182','61801',NULL,'URBANA','USA','DIV OF NUTRITIONAL SCIENCES','','IL','905 SOUTH GOODWIN AVE.','ROOM 448 BEVIER HALL','61801',3),(54,0,'TOLEDO','USA','BIOLOGY','UNIVERSITY OF TOLEDO','OH','2801 WEST BANCROFT AVE','WOLFE HALL ROOM 3227','43606',1,'1121',1,NULL,NULL,NULL,'LIRIM',NULL,'SHEMSHEDINI',NULL,'TOLEDO','USA','BIOLOGY','UNIVERSITY OF TOLEDO','OH','2801 WEST BANCROFT AVE','WOLFE HALL ROOM 3227','43606',NULL,'TOLEDO','USA','BIOLOGY','UNIVERSITY OF TOLEDO','OH','2801 WEST BANCROFT AVE','WOLFE HALL ROOM 3227','43606',3),(55,0,'PORTLAND','USA','MEDICINE','OREGON HEALTH SCIENCES UNIV.','OR','3181 SW SAM JACKSON PK RD.','L586','97201',4,'1127',1,NULL,NULL,NULL,'WILLIAM',NULL,'HENNER',NULL,'PORTLAND','USA','MEDICINE','OREGON HEALTH SCIENCES UNIV.','OR','3181 SW SAM JACKSON PK RD.','L586','97201',NULL,'PORTLAND','USA','MEDICINE','OREGON HEALTH SCIENCES UNIV.','OR','3181 SW SAM JACKSON PK RD.','L586','97201',1),(56,0,'BETHESDA','USA','ACCOUNTS PAYABLE','NATIONAL CANCER INSTITUTE','MD','9000 ROCKVILLE PIKE','BLDG. 31, RM B1B39','20892',2,'1129',1,NULL,NULL,NULL,'ETTORE',NULL,'APPELLA',NULL,'BETHESDA','USA','LABORATORY OF CELL BIOLOGY','NATIONAL CANCER INSTITUTE','MD','9000 ROCKVILLE PIKE','BLDG. 37, 1BO4','20892',NULL,'BETHESDA','USA','LABORATORY OF CELL BIOLOGY','NATIONAL CANCER INSTITUTE','MD','9000 ROCKVILLE PIKE','BLDG 37, 1BO4','20892',3),(57,0,'CHARLESTOWN','USA','ACCOUNTS PAYABLE','PARTNERS HEALTHCARE','MA','PO BOX 9127','','2129',3,'1131',1,NULL,NULL,NULL,'COLLEEN',NULL,'FELTMATE',NULL,'BOSTON','USA','OBSTETRICS AND GYNECOLOGY','BRIGHAM AND WOMENS HOSP','MA','75 FRANCIS STREET','','2115',NULL,'BOSTON','USA','OB/GYN','','MA','BLI ROOM 447','221 LONGWOOD AVE','2115',1),(58,0,'INDIANAPOLIS','USA','PEDIATRICS','INDIANA UNIVERSITY MEDICAL SCHOOL','IN','DEPARTMENT OF PEDIATRICS','ROOM 2600','46202',1,'1136',1,NULL,NULL,NULL,'MARK',NULL,'KELLEY',NULL,'INDIANAPOLIS','USA','PEDIATRICS','INDIANA UNIVERSITY MEDICAL SCHOOL','IN','DEPARTMENT OF PEDIATRICS','ROOM 2600','46202',NULL,'INDIANAPOLIS','USA','PEDIATRICS','INDIANA UNIVERSITY MEDICAL SCHOOL','IN','DEPARTMENT OF PEDIATRICS','ROOM 2600','46202',3),(59,0,'BETHESDA','USA','','NIH','MD','9000 ROCKVILLE PIKE','BLDG 31, RM B1B39','20892',3,'1141',1,NULL,NULL,NULL,'TERRY',NULL,'MOODY',NULL,'ROCKVILLE','USA','BIOMRKS & PRVT RSH BR','NATIONAL CANCER INSTITUTE','MD','BLDG. KWC ROOM 300','9610 MEDICAL CENTER DRIVE','20850',NULL,'ROCKVILLE','USA','BIOMRKS & PRVT RSH BR','NCI','MD','BLDG. KWC ROOM 300','9610 MEDICAL CENTER DRIVE','20850',1),(60,0,'BETHESDA','USA','ACCOUNTS PAYABLE','NCI','MD','9000 ROCKVILLE PIKE','BLDG 31, ROOM B1B31','20892',2,'1145',1,NULL,NULL,NULL,'FRANK',NULL,'CUTTITTA',NULL,'BETHESDA','USA','CELL & CANCER BIO RESEARCH','NCI','MD','9000 ROCKVILLE PIKE','BUILDING 10, ROOM 13N262','20892',NULL,'BETHESDA','USA','CELL & CANCER BIO RESEARCH','NCI','MD','9000 ROCKVILLE PIKE','BUILDING 10, ROOM 13N262','20892',1),(61,0,'GRAND RAPIDS','USA','LABORATORY FOR CANCER GENETICS','VAN ANDEL RESEARCH INSTITUE','MI','333 BOSTWICK NE','','49503',1,'1149',1,NULL,NULL,NULL,'BIN',NULL,'TEH',NULL,'GRAND RAPIDS','USA','LABORATORY FOR CANCER GENETICS','VAN ANDEL RESEARCH INSTITUTE','MI','333 BOSTWICK NE','','49503',NULL,'GRAND RAPIDS','USA','LABORATORY FOR CANCER GENETICS','VAN ANDEL RESEARCH INSTITUE','MI','333 BOSTWICK NE','','49503',3),(62,0,'SEATTLE','USA','ACCOUNTS PAYABLE','UNIVERSITY OF WASHINGTON','WA','3917 UNIVERSITY WAY N.E.','UW BOX 351130','98105-6692',4,'116',1,NULL,NULL,NULL,'MARY-CLAIRE',NULL,'KING',NULL,'SEATTLE','USA','HEALTH SCIENCES','UNIVERSITY OF WASHINGTON','WA','1959 PACIFIC AVENUE NE','ROOM K160','98195',NULL,'SEATTLE','USA','','UNIVERSITY OF WASHINGTON','WA','1959 NORTHEAST PACIFIC ST','HSB ROOM K160','98195',3),(63,0,'OKLAHOMA CITY','USA','PROTEIN STUDIES PROGRAM DEPT.','OKLAHOMA MEDICAL RESEARCH FOUNDATION','OK','825 N.E. 13TH STREET','','73104',6,'1160',1,NULL,NULL,NULL,'JORDAN',NULL,'TANG',NULL,'OKLAHOMA CITY','USA','PROTEIN STUDIES PROGRAM DEPT.','OKLAHOMA MEDICAL RESEARCH FOUNDATION','OK','825 N.E. 13TH STREET','','73104',NULL,'OKLAHOMA CITY','USA','PROTEIN STUDIES PROGRAM DEPT.','OKLAHOMA MEDICAL RESEARCH FOUNDATION','OK','825 N.E. 13TH STREET','','73104',1),(64,0,'AMARILLO','USA','PHARMACEUTICAL SCIENCES','TEXAS TECH UNIVERSITY HEALTH SCIENCES','TX','1300 SW COULTER DRIVE','ROOM 408','79106',6,'1161',1,NULL,NULL,NULL,'SUZANNE',NULL,'LINDSEY',NULL,'AMARILLO','USA','PHARMACEUTICAL SCIENCES','TEXAS TECH UNIVERSITY HEALTH SCIENCES','TX','1300 SW COULTER DRIVE','ROOM 408','79106',NULL,'AMARILLO','USA','PHARMACEUTICAL SCIENCES','TEXAS TECH UNIVERSITY HEALTH SCIENCES','TX','1300 SW COULTER DRIVE','ROOM 408','79106',3),(65,0,'NEW YORK','USA','','MOUNT SINAI SCHOOL OF MEDICINE','NY','ACCOUNTS PAYABLE, BOX 7000','ONE GUSTAVE L. LEVY PLACE','10029-6574',3,'1163',1,NULL,NULL,NULL,'RAFAEL',NULL,'MIRA-Y-LOPEZ',NULL,'NEW YORK','USA','MEDICINE','MOUNT SINAI SCHOOL OF MEDICINE','NY','ONE GUSTAVE L. LEVY PLACE','ATRAN BLDG., ROOM 610','10029-6574',NULL,'NEW YORK','USA','MEDICINE','MOUNT SINAI SCHOOL OF MEDICINE','NY','MADISON AVE & 99TH ST','ATRAN BLDG., ROOM 610','10029-6574',3),(66,0,'CHARLOTTESVILLE','USA','ACCOUNTS PAYABLE','UNIVERSITY OF VIRGINIA','VA','PO BOX 400197','1001 N. EMMET STREET','22904-4197',2,'1165',1,NULL,NULL,NULL,'HENRY',NULL,'FRIERSON, JR.',NULL,'CHARLOTTESVILLE','USA','PATHOLOGY','UNIVERSITY OF VIRGINIA HEALTH SYSTEM','VA','PO BOX 800214','RM 3036 HOSPITAL EXPANSION','22908',NULL,'CHARLOTTESVILLE','USA','PATHOLOGY','UNIVERSITY OF VIRGINIA HEALTH SYSTEM','VA','RM 3036 HOSPITAL EXPANSION','1215 LEE ST.','22908',3),(67,0,'PALO ALTO','USA','MEDICINE/GASTROENTEROLOGY','STANFORD UNIVERSITY','CA','269 CAMPUS DRIVE','CCSR BLDG/ROOM 3115','94305-5187',4,'1167',1,NULL,NULL,NULL,'ANSON',NULL,'LOWE',NULL,'PALO ALTO','USA','MEDICINE/GASTROENTEROLOGY','STANFORD UNIVERSITY','CA','269 CAMPUS DRIVE','CCSR BLDG/ROOM 3115','94305-5187',NULL,'PALO ALTO','USA','MEDICINE/GASTROENTEROLOGY','STANFORD UNIVERSITY','CA','269 CAMPUS DRIVE','CCSR BLDG/ROOM 3115','94305-5187',3),(68,0,'LA JOLLA','USA','','THE BURNHAM INSTITUTES','CA','10901 N. TORREY PINES ROAD','','92037',4,'1168',1,NULL,NULL,NULL,'SERGEI',NULL,'MALKHOSYAN',NULL,'LA JOLLA','USA','','THE BURNHAM INSTITUTES','CA','10901 N. TORREY PINES ROAD','','92037',NULL,'LA JOLLA','USA','RECEIVING','THE BURNHAM INSTITUTES','CA','10901 N. TORREY PINES RD.','','92037',3),(69,0,'ANN ARBOR','USA','ACCOUNTS PAYABLE','UNIVERSITY OF MICHIGAN','MI','5091 WOLVERINE TOWER','3003 SOUTH STATE ST.','48109-1287',1,'1171',1,NULL,NULL,NULL,'CRAIG',NULL,'LOGSDON',NULL,'ANN ARBOR','USA','PHYSIOLOGY','UNIVERSITY OF MICHIGAN','MI','7710A MEDICAL SCIENCES II','1150 WEST MEDICAL CENTER DR.','48109-0622',NULL,'ANN ARBOR','USA','PHYSIOLOGY','UNIVERSITY OF MICHIGAN','MI','7710A MEDICAL SCIENCES II','1150 WEST MEDICAL CENTER DR.','48109-0622',3),(70,0,'BIRMINGHAM','USA','ACCOUNTS PAYABLE','UNIVERSITY','AL','660 AB BUILDING','1530 3RD AVENUE SOUTH','35294-0007',6,'1172',1,NULL,NULL,NULL,'CANDECE',NULL,'GLADSON',NULL,'BIRMINGHAM','USA','PATHOLOGY','UNIVERSITY OF ALABAMA AT BIRMINGHAM','AL','1530 THIRD AVENUE SOUTH','LHRB 567','35294-0007',NULL,'BIRMINGHAM','USA','PATHOLOGY','UNIVERSITY OF ALABAMA AT BIRMINGHAM','AL','701 SOUTH 19TH STREET','LHRB 580','35294-0007',3),(71,0,'LA JOLLA','USA','','UNIV. OF CALIFORNIA AT SAN DIEGO','CA','DISBURSEMENT DIVISION, 0955','9500 GILMAN DRIVE','92093-0955',4,'1190',1,NULL,NULL,NULL,'DANIEL',NULL,'OCONNOR',NULL,'LA JOLLA','USA','DEPT. OF MEDICINE','UNIV. OF CALIFORNIA AT SAN DIEGO','CA','9500 GILMAN DRIVE','PALADE CELL & MOL MED WEST, RM 125','92093-0838',NULL,'LA JOLLA','USA','DEPT. OF MEDICINE','UNIV. OF CALIFORNIA AT SAN DIEGO','CA','9500 GILMAN DR','GEORGE PALADA CMM-WEST ROOM105','92093',1),(72,0,'IOWA CITY','USA','PHYSIOLOGY AND BIOPHYSICS','UNIVERSITY OF IOWA','IA','51 NEWTON ROAD','BSB 5-660','52242',1,'1191',1,NULL,NULL,NULL,'SARAH',NULL,'ENGLAND',NULL,'IOWA CITY','USA','PHYSIOLOGY AND BIOPHYSICS','UNIVERSITY OF IOWA','IA','51 NEWTON ROAD','BSB 5-660','52242',NULL,'IOWA CITY','USA','PHYSIOLOGY AND BIOPHYSICS','UNIVERSITY OF IOWA','IA','51 NEWTON ROAD','BSB 5-660','52242',3),(73,0,'BETHESDA','USA','ACCOUNTS PAYABLE','NCI','MD','9000 ROCKVILLE PIKE','BUILDING 31, ROOM B1B39','20892',2,'1192',1,NULL,NULL,NULL,'MICHAEL',NULL,'BUSTIN',NULL,'BETHESDA','USA','DBS','NCI','MD','9000 ROCKVILLE PIKE','BUILDING 37, RM 3D12','20892',NULL,'BETHESDA','USA','DBS','NCI','MD','9000 ROCKVILLE PIKE','BUILDING 37, RM 3D12','20892',3),(74,0,'BELLEVILLE','USA','','GARDEN STATE CANCER CTR','NJ','520 BELLEVILLE AVE','','7109',3,'1193',1,NULL,NULL,NULL,'DAVID',NULL,'GOLD',NULL,'BELLEVILLE','USA','','GARDEN STATE CANCER CTR','NJ','520 BELLEVILLE AVE','','7109',NULL,'BELLEVILLE','USA','','GARDEN STATE CANCER CTR','NJ','520 BELLEVILLE AVE','','7109',3),(75,0,'SAN FRANCISCO','USA','SCHOOL OF DENISTRY','UNIVERSITY OF THE PACIFIC','CA','2155 WEBSTER STREET','MICROBIOLOGY','94115',4,'1199',1,NULL,NULL,NULL,'KRYSTYN',NULL,'KONOPKA',NULL,'SAN FRANCISCO','USA','MICROBIOLOGY','UNIVERSITY OF THE PACIFIC','CA','2155 WEBSTER ST.','SCHOOL OF DENISTRY','94115',NULL,'SAN FRANCISCO','USA','SCHOOL OF DENISTRY','UNIVERSITY OF THE PACIFIC','CA','2155 WEBSTER STREET','MICROBOLOGY','94115',3),(76,0,'SEATTLE','USA','ENVIRONMENTAL HEALTH','UNIVERSITY OF WASHINGTON','WA','4225 ROOSEVELT WAY','NE #100','98105-6099',4,'120',1,NULL,NULL,NULL,'CURTIS',NULL,'OMIECINSKI',NULL,'SEATTLE','USA','ENVIRONMENTAL HEALTH','UNIVERSITY OF WASHINGTON','WA','4225 ROOSEVELT WAY','NE #100','98105-6099',NULL,'SEATTLE','USA','ENVIRONMENTAL HEALTH','UNIVERSITY OF WASHINGTON','WA','4225 ROOSEVELT WAY','NE #100','98105-6099',1),(77,0,'WASHINGTON','USA','PHARMACOLOGY','GEORGETOWN UNIVERSITY MEDICAL CENTER','DC','MED-DENT NE 403','3900 RESERVOIR ROAD, NW','20007',3,'1200',1,NULL,NULL,NULL,'DAVID',NULL,'FLOCKHART',NULL,'WASHINGTON','USA','PHARMACOLOGY','GEORGETOWN UNIVERSITY MEDICAL CENTER','DC','MED-DENT NE 403','3900 RESERVOIR ROAD, NW','20007',NULL,'WASHINGTON','USA','PHARMACOLOGY','GEORGETOWN UNIVERSITY MEDICAL CENTER','DC','MED-DENT SE 407','3900 RESERVOIR ROAD, NW','20007',3),(78,0,'CLEVELAND','USA','PATHOLOGY','UNIVERSITY HOSPITALS OF CLEVELAND','OH','11100 EUCLID AVENUE','','44106',1,'1215',1,NULL,NULL,NULL,'MARYANN',NULL,'FITZMAURICE',NULL,'CLEVELAND','USA','PATHOLOGY','UNIVERSITY HOSPITALS OF CLEVELAND','OH','11100 EUCLID AVENUE','','44106',NULL,'CAMBRIDGE','USA','','M.I.T.','MA','G. R. HARRISON LAB. M.I.T.','77 MASSACHUSETTS AVE. RM 6-014','02139-4307',3),(79,0,'BOSTON','USA','DEPARTMENT OF PATHOLOGY','BRIGHAM & WOMENS HOSPITAL','MA','ATTN: MARY LOGIUDICE-CROCE','75 FRANCIS STREET','2115',3,'1216',1,NULL,NULL,NULL,'BRADLEY',NULL,'QUADE',NULL,'BOSTON','USA','PATHOLOGY','BRIGHAM & WOMENS HOSPITAL','MA','75 FRANCIS ST.','','2115',NULL,'BOSTON','USA','PATHOLOGY','','MA','20 SHATTUCK STREET','','2115',3),(80,0,'KINGSTON','USA','ACCOUNTING DEPARTMENT','UNIV OF RHODE ISLAND','RI','103 CARLOTTI','ADMINISTRATION BUILDING','2881',3,'1218',1,NULL,NULL,NULL,'BINGFANG',NULL,'YAN',NULL,'KINGSTON','USA','BIOMEDICAL SCIENCES','UNIVERSITY OF RHODE ISLAND','RI','41 LOWER COLLEGE ROAD','237 FOGARTY HALL','2881',NULL,'KINGSTON','USA','BIOMEDICAL SCIENCES','UNIVERSITY OF RHODE ISLAND','RI','41 LOWER COLLEGE ROAD','237 FOGARTY HALL','2881',3),(81,0,'IOWA CITY','USA','ANATOMY AND CELL BIOLOGY','UNIVERSITY OF IOWA','IA','51 NEWTON ROAD','BOWEN SCIENCE BLDG ROOM 1-500','52242',1,'1219',1,NULL,NULL,NULL,'JEANNE',NULL,'SNYDER',NULL,'IOWA CITY','USA','ANATOMY AND CELL BIOLOGY','UNIVERSITY OF IOWA','IA','51 NEWTON ROAD','BOWEN SCIENCE BLDG ROOM 1-500','52242',NULL,'IOWA CITY','USA','ANATOMY AND CELL BIOLOGY','UNIVERSITY OF IOWA','IA','51 NEWTON ROAD','BOWEN SCIENCE BLDG ROOM 1-500','52242',3),(82,0,'BETHESDA','USA','OFM/COMMERCIAL ACCOUNTS','NIH','MD','2115 EAST JEFFERSON ST.','MSC 8500, RM 4B-432','20892-8500',2,'1222',1,NULL,NULL,NULL,'GRIFFIN',NULL,'RODGERS',NULL,'BETHESDA','USA','MOLECULAR CLINCAL HEMATOLOGY','NIDDK','MD','BLDG 10 RM 9N-115','9000 ROCKVILLE PIKE','20892',NULL,'BETHESDA','USA','MOLECULAR CLINCAL HEMATOLOGY','NHLBI','MD','BLDG 10 RM 9N-108','9000 ROCKVILLE PIKE','20892',1),(83,0,'CHICAGO','USA','SURGICAL ONCOLOGY','INOVERSITY OF ILLINOIS','IL','840 SOUTH WOOD STREET','','60612',1,'1225',1,NULL,NULL,NULL,'KONSTANTIN',NULL,'CHRISTOV',NULL,'CHICAGO','USA','SURGICAL ONCOLOGY','INOVERSITY OF ILLINOIS','IL','840 SOUTH WOOD STREET','','60612',NULL,'CHICAGO','USA','SURGICAL ONCOLOGY','INOVERSITY OF ILLINOIS','IL','840 SOUTH WOOD STREET','','60612',3),(84,0,'NEW YORK','USA','RADIATION ONCOLOGY & CELL BIO','NYU SCHOOL OF MEDICINE','NY','RUSK RESEARCH BUILDING','400 EAST 34TH STREET, RM 806','10016',3,'1243',1,NULL,NULL,NULL,'PETER',NULL,'BROOKS',NULL,'NEW YORK','USA','RADIATION ONCOLOGY & CELL BIO','NYU SCHOOL OF MEDICINE','NY','RUSK RESEARCH BUILDING #806','400 EAST 34TH STREET','10016',NULL,'NEW YORK','USA','RADIATION ONCOLOGY & CELL BIO','NYU SCHOOL OF MEDICINE','NY','RUSK RESEARCH BUILDING #806','400 EAST 34TH STREET RM 806','10016',1),(85,0,'BETHESDA','USA','PATHOLOGY','NATURAL HEART, LUNG AND BLOOD INST.','MD','10 CENTER DRIVE MSC-1518','BLDG. 10/ 2N224','20892',2,'1245',1,NULL,NULL,NULL,'JULIO',NULL,'VALENCIA',NULL,'BETHESDA','USA','PATHOLOGY','NATURAL HEART, LUNG AND BLOOD INST.','MD','10 CENTER DRIVE MSC-1518','BLDG. 10/ 2N224','20892',NULL,'BETHESDA','USA','PATHOLOGY','NATURAL HEART, LUNG AND BLOOD INST.','MD','10 CENTER DRIVE MSC-1518','BLDG. 10/ 2N224','20892',3),(86,0,'CLEVELAND','USA','DERMATOLOGY','CWRU','OH','2074 ABINGTON RD','','44106',1,'1264',1,NULL,NULL,NULL,'NEIL',NULL,'KORMAN',NULL,'CLEVELAND','USA','DERMATOLOGY','CWRU','OH','2074 ABINGTON RD','','44106',NULL,'CLEVELAND','USA','DERMATOLOGY','CWRU','OH','2074 ABINGTON RD','','44106',3),(87,0,'CLEVELAND','USA','ACCOUNTS PAYABLE','CASE WESTERN UNIVERSITY','OH','10900 EUCLID AVE.','','44106-4946',1,'1268',1,NULL,NULL,NULL,'TARIQ',NULL,'HAQQI',NULL,'CLEVELAND','USA','MEDICINE - RHEUMATOLOGY','CASE WESTERN UNIVERSITY','OH','2109 ADELBERT ROAD','BRB-1040 A','44106-4946',NULL,'CLEVELAND','USA','MEDICINE - RHEUMATOLOGY','CASE WESTERN UNIVERSITY','OH','2109 ADELBERT ROAD','BRB-1040 A','44106-4946',3),(88,0,'CLEVELAND','USA','CWRU ACCOUNTS PAYABLE','CWRU SCHOOL OF MEDICINE','OH','10900 EUCLID AVE','','44106-4970',1,'1270',1,NULL,NULL,NULL,'RICHARD',NULL,'ECKERT',NULL,'CLEVELAND','USA','PHYSIOLOGY & BIOPHYSICS','CWRU SCHOOL OF MEDICINE','OH','10900 EUCLID AVE','','44106-4970',NULL,'CLEVELAND','USA','PHYSIOLOGY & BIOPHYSICS','CWRU SCHOOL OF MEDICINE','OH','10900 EUCLID AVE','','44106-4970',3),(89,0,'CLEVELAND','USA','PHARMACOLOGY','CASE WESTERN RESERVE UNIVERSITY','OH','2109 ADELBERT SCHOOL OF MEDICI','W311','44106',1,'1273',1,NULL,NULL,NULL,'DONALD',NULL,'ANTHONY',NULL,'CLEVELAND','USA','PHARMACOLOGY','CASE WESTERN RESERVE UNIVERSITY','OH','2109 ADELBERT SCHOOL OF MEDICINE','W311','44106',NULL,'CLEVELAND','USA','PHARMACOLOGY','CASE WESTERN RESERVE UNIVERSITY','OH','2109 ADELBERT SCHOOL OF MEDICI','W311','44106',3),(90,0,'BETHESDA','USA','OFM/COMMERCIAL ACCOUNTS','NIH','MD','2115 EAST JEFFERSON ST.','MSC 8500, RM 4B-432','20892-8500',2,'1288',1,NULL,NULL,NULL,'JEN',NULL,'JIN',NULL,'BETHESDA','USA','LAB OF POP GENETICS','NCI','MD','BUILDING 41 ROOM D702','9000 ROCKVILLE PIKE','20892',NULL,'BETHESDA','USA','LAB OF POP GENETICS','NCI','MD','BUILDING 41 ROOM D702','9000 ROCKVILLE PIKE','20892',1),(91,0,'HENDERSON','USA','','CANCER RESEARCH INST. OF WEST TENNESSE','TN','215 HAMLETT STREET','','38340',6,'1293',1,NULL,NULL,NULL,'JERRY',NULL,'THORNTHWAITE',NULL,'HENDERSON','USA','','CANCER RESEARCH INST. OF WEST TENNESSE','TN','215 HAMLETT STREET','','38340',NULL,'HENDERSON','USA','SHIPPING & RECEIVING','CANCER RESEARCH INST. OF WEST TENNESSE','TN','FREED-HARDEMON UNIVERSITY','158 E. MAIN STREET','38340',3),(92,0,'ANN ARBOR','USA','PATHOLOGY AND INTERNAL MEDICIN','UNIVERSITY OF MICHIGAN MEDICAL SCHOOL','MI','1150 WEST MEDICAL CENTER DR.','4301 MSRB-III, BOX 0638','48109',5,'1308',1,NULL,NULL,NULL,'KATHLEEN',NULL,'CHO',NULL,'ANN ARBOR','USA','PATHOLOGY AND INTERNAL MEDICIN','UNIVERSITY OF MICHIGAN MEDICAL SCHOOL','MI','1150 WEST MEDICAL CENTER DR.','4301 MSRB-III, BOX 0638','48109',NULL,'ANN ARBOR','USA','PATHOLOGY AND INTERNAL MEDICIN','UNIVERSITY OF MICHIGAN MEDICAL SCHOOL','MI','1150 WEST MEDICAL CENTER DR.','4301 MSRB-III, BOX 0638','48109',1),(93,0,'DEERFIELD','USA','ACCOUNTS PAYABLE','ASTELLAS RESEARCH INSTITUTE OF AMERICA','IL','ACCOUNTS PAYABLE','THREE PARKWAY NORTH','60015-2548',1,'1309',1,NULL,NULL,NULL,'MASAKAZU',NULL,'KOBAYASHI',NULL,'EVANSTON','USA','EVANSTON RESEARCH PARK','ASTELLAS RESEARCH INSTITUTE OF AMERICA','IL','1801 MAPLE AVE','NORTHWESTERN UNIVERSITY','60201',NULL,'EVANSTON','USA','EVANSTON RESEARCH PARK','ASTELLAS RESEARCH INSTITUE OF AMERICA','IL','1801 MAPLE AVE','NORTHWESTERN UNIVERSITY','60201',3),(94,0,'GREENVILLE','USA','DEPT. OF SURGERY','EAST CAROLINA UNIVERSITY','NC','4 S10 BRODY MED.SCIENCE BLD','600 MOYE BLVD.','27858',6,'1313',1,NULL,NULL,NULL,'KATHRYN',NULL,'VERBANAC',NULL,'GREENVILLE','USA','SURGERY','EAST CAROLINA UNIV, BRODY SCH. OF MED.','NC','4S-10 BRODY MEDICAL SCIENCES BLDG.','','27858',NULL,'GREENVILLE','USA','SURGERY','EAST CAROLINA UNIV, BRODY SCH. OF MED.','NC','4S-09 BRODY MEDICAL SCI. BLDG.','600 MOYE BOULEVARD','27834',1),(95,0,'BOSTON','USA','PEDIATRIC SURGERY','MASS. GENERAL HOSPITAL','MA','55 FRUIT STREET','WARREN 1157','2114',3,'1314',1,NULL,NULL,NULL,'CRAIG',NULL,'NEVILLE',NULL,'BOSTON','USA','','MASSACHUSETTS GENERAL HOSPITAL','MA','55 FRUIT STREET','WARREN 1157','2114',NULL,'BOSTON','USA','SURGERY','MASSACHUSETTS GENERAL HOSPITAL','MA','55 FRUIT STREET','WARREN 1157','2114',3),(96,0,'PROVIDENCE','USA','MICROBIOLOGY','BROWN UNIVERSITY','RI','69 BROWN STREET','BOX G-B616','2912',3,'1316',1,NULL,NULL,NULL,'WALTER',NULL,'ATWOOD',NULL,'PROVIDENCE','USA','MICROBIOLOGY','BROWN UNIVERSITY','RI','69 BROWN STREET','BOX G-B616','2912',NULL,'PROVIDENCE','USA','MICROBIOLOGY','BROWN UNIVERSITY','RI','69 BROWN STREET','J. W. WILSON STOCKROOM','2912',3),(97,0,'OMAHA','USA','ACCOUNTS PAYABLE','UNIVERSITY OF NEBRASKA','NE','ATTN: SUE KLIMA','985870 NEBRASKA MED. CTR.','68198',4,'1318',1,NULL,NULL,NULL,'SURINDER',NULL,'BATRA',NULL,'OMAHA','USA','BIOCHEMISTRY AND MOLECULAR BIO','UNIVERSITY OF NEBRASKA MED. CTR.','NE','984525 NEBRASKA MED. CTR.','','68198-4525',NULL,'OMAHA','USA','SHIPPING & RECEIVING','UNIVERSITY OF NEBRASKA','NE','668 S. 41ST ST.','','68198-4525',1),(98,0,'SAN FRANCISCO','USA','MEDICINE','UNIVERSITY OF CALIF., SAN FRANCISCO','CA','BOX 1623','','94143',4,'1319',1,NULL,NULL,NULL,'JONATHAN',NULL,'TERDIMAN',NULL,'SAN FRANCISCO','USA','MEDICINE','UNIVERSITY OF CALIF., SAN FRANCISCO','CA','BOX 1623','','94143',NULL,'SAN FRANCISCO','USA','S-441','UCSF CANCER CENTER','CA','2340 SUTTER STREET','','94115',1),(99,0,'BALTIMORE','USA','OFFICE OF COMPTROLLER/AP','JOHNS HOPKINS UNIVERSITY','MD','ATTN: MARY JO FACKLER','PO BOX 33499','21218',2,'1321',1,NULL,NULL,NULL,'SARASWATI',NULL,'SUKUMAR',NULL,'BALTIMORE','USA','ONCOLOGY','JOHNS HOPKINS UNIVERSITY','MD','CANCER RESEARCH BUILDING, ROOM 410','1650 ORLEANS STREET','21231',NULL,'BALTIMORE','USA','AT JOHN HOPKINS','THE SIDNEY KIMMEL COMPREHENSIVE CANCER','MD','1650 ORLEANS STREET','CRB 1, RM 132','21231',3),(100,0,'BOSTON','USA','NEUROENDOCRINE UNIT','MASSACHUSETTS GENERAL HOSPITAL','MA','55 FRUIT ST, BUL 457','','2114',3,'1333',1,NULL,NULL,NULL,'ANNE',NULL,'KLIBANSKI',NULL,'BOSTON','USA','NEUROENDOCRINE UNIT','MASSACHUSETTS GENERAL HOSPITAL','MA','55 FRUIT ST, BUL 457','','2114',NULL,'BOSTON','USA','NEUROENDOCRINE UNIT','MASSACHUSETTS GENERAL HOSPITAL','MA','NEUROENDOCRINE LAB','BUL 450, 55 FRUIT STREET','2114',3),(101,0,'BETHESDA','USA','NIH/NICHD/PREB','NICHD','MD','6705 ROCKLEDGE DRIVE','8TH FLOOR, ROOM 8000','20892',2,'1334',1,NULL,NULL,NULL,'LYNNTTE',NULL,'NIEMAN',NULL,'BETHESDA','USA','OCD','NATIONAL INSTITUTES OF HEALTH','MD','10 CENTER DRIVE, MSC 1832','10/9S261','20892',NULL,'BETHESDA','USA','OCD','NATIONAL INSTITUTES OF HEALTH','MD','10 CENTER DRIVE, BLDG 10','9D42 MSC 1583','20892',1),(102,0,'LA JOLLA','USA','','THE BURNHAM INSTITUTE','CA','10901 N. TORREY PINES ROAD','','92037',4,'1336',1,NULL,NULL,NULL,'FUMIICHIRO',NULL,'YAMAMOTO',NULL,'LA JOLLA','USA','','THE BURNHAM INSTITUTE','CA','10901 N. TORREY PINES ROAD','5314 RM','92037',NULL,'LA JOLLA','USA','','THE BURNHAM INSTITUTE','CA','10901 N. TORREY PINES ROAD','ROOM 2226','92037',3),(103,0,'CLEVELAND','USA','RABO','METROHEALTH MEDICAL CENTER/CWRU','OH','2500 METROHEALTH DR.','ROOM R-104','44109',1,'1341',1,NULL,NULL,NULL,'PERRY',NULL,'KANNAN',NULL,'CLEVELAND','USA','RESEARCH DEPT.','METROHEALTH MEDICAL CENTER/CWRU','OH','2500 METROHEALTH DRIVE','ROOM R-457','44109',NULL,'CLEVELAND','USA','RESEARCH DEPARTMENT','METROHEALTH MEDICAL CENTER/CWRU','OH','2500 METROHEALTH DR.','ROOM R-411','44109',3),(104,0,'HERSHEY','USA','PHARMACOLOGY','PENN STATE COLLEGE OF MEDICINE','PA','ROOM #CC7758','500 UNIVERSITY DRIVE','17033',3,'1345',1,NULL,NULL,NULL,'KATHLEEN',NULL,'MULDER',NULL,'HERSHEY','USA','PHARMACOLOGY','PENN STATE COLLEGE OF MEDICINE','PA','ROOM #CC7758','500 UNIVERSITY DRIVE','17033',NULL,'HERSHEY','USA','PHARMACOLOGY','PENN STATE COLLEGE OF MEDICINE','PA','ROOM #C7758','500 UNIVERSITY DRIVE','17033',3),(105,0,'SAN DIEGO','USA','','TORREY PINES INST. FOR MOLECULAR STUD.','CA','3550 GENERAL ATOMICS COURT','ATTN: ACCOUNTS PAYABLE','92121',4,'1349',1,NULL,NULL,NULL,'ALAN',NULL,'KLEINFELD',NULL,'SAN DIEGO','USA','','TORREY PINES INST. FOR MOLECULAR STUD.','CA','3550 GENERAL ATOMICS COURT','','92121',NULL,'SAN DIEGO','USA','MOLECULAR STUDIES','TORREY PINES INST. FOR MOLECULAR STUD.','CA','3550 GENERAL ATOMICS COURT','BUILDING 2 ROOM 129','92121',3),(106,0,'STONY BROOK','USA','PEDIATRICS','SUNY AT STONY BROOK','NY','HSC T-11-069','','11794-8111',5,'1351',1,NULL,NULL,NULL,'MARIAN',NULL,'EVINGER',NULL,'STONY BROOK','USA','PEDIATRICS','SUNY AT STONY BROOK','NY','HSC T-11-069','','11794-8111',NULL,'STONY BROOK','USA','PEDIATRICS','SUNY AT STONY BROOK','NY','HSC T-11-069','','11794-8111',1),(107,0,'PHILADELPHIA','USA','DIV OF HUMAN GENETICS & MOL BI','CHOP','PA','3516 CIVIC CENTER BLVD','ABRAMSON RESEARCH RM1002','19104',3,'1354',1,NULL,NULL,NULL,'BEVERLY',NULL,'EMANUEL',NULL,'PHILADELPHIA','USA','DIV OF HUMAN GENETICS & MOL BI','CHILDRENS HOSPITAL OF PHILADELPHIA','PA','3516 CIVIC CENTER BLVD','ABRAMSON RESEARCH RM1002','19104',NULL,'PHILADELPHIA','USA','DIV OF HUMAN GENETICS & MOL BI','CHOP','PA','3516 CIVIC CENTER BLVD','ABRAMSON RESEARCH RM1002','19104',1),(108,0,'SYRACUSE','USA','','SUNY UPSTATE MEDICAL UNIVERSITY','NY','ACCOUNTS PAYABLE','750 EAST ADAMS ST.','13210',3,'1355',1,NULL,NULL,NULL,'M. SAEED',NULL,'SHEIKH',NULL,'SYRACUSE','USA','PHARMACOLOGY','SUNY UPSTATE MEDICAL UNIVERSITY','NY','750 EAST ADAMS STREET','','13210',NULL,'SYRACUSE','USA','PHARMACOLOGY','SUNY UPSTATE MEDICAL UNIVERSITY','NY','750 EAST ADAMS ST','','13210',3),(109,0,'BALTIMORE','USA','PURCHASING DEPT','SINAI HOSPITAL OF BALTIMORE','MD','P.O. BOX 2667','','21215',2,'1360',1,NULL,NULL,NULL,'SUDHIR',NULL,'DUTTA',NULL,'BALTIMORE','USA','DEPT OF MEDICINE','SINAI HOSPITAL OF BALTIMORE','MD','2435 W. BELVEDERE AVE.','SUITE 51','21215',NULL,'BALTIMORE','USA','GI RESEARCH','SINAI HOSPITAL OF BALTIMORE','MD','2401 W. BELVEDERE AVE','SHAPIRO BLDG. ROOM 108','21215',3),(110,0,'SAN DIEGO','USA','VASCULAR BIOLOGY','THE SIDNEY CANCER CENTER','CA','10905 ROAD TO THE CURE','','92121',4,'1362',1,NULL,NULL,NULL,'JACQUELINE',NULL,'TESTA',NULL,'SAN DIEGO','USA','VASCULAR BIOLOGY','THE SIDNEY KIMMEL CANCER CENTER','CA','10905 ROAD TO THE CURE','','92121',NULL,'SAN DIEGO','USA','VASCULAR BIOLOGY','THE SIDNEY CANCER CENTER','CA','10905 ROAD TO THE CURE','','92121',3),(111,0,'FREDERICK','USA','BASIC RESEARCH LIBRARY','NCI','MD','NCI-FREDERICK, PO BOX B','BLDG 469, RM 102','21702-1201',2,'1365',1,NULL,NULL,NULL,'DONALD',NULL,'BLAIR',NULL,'FREDERICK','USA','BASIC RESEARCH LIBRARY','NCI','MD','NCI-FREDERICK, PO BOX B','BLDG 469, RM 102','21702-1201',NULL,'FREDERICK','USA','BASIC RESEARCH LAB','NCI--FREDERICK','MD','1050 BOYLES ST','BLDG 469, RM 117','21702-1201',3),(112,0,'BETHESDA','USA','ACCOUNTS PAYABLE','NCI','MD','9000 ROCKVILLE PIKE','BUILDING 31, ROOM B1B39','20892',2,'1370',1,NULL,NULL,NULL,'KRISTOPHER',NULL,'KRAUSZ',NULL,'BETHESDA','USA','LABORATORY OF METABOLISM','NCI','MD','9000 ROCKVILLE PIKE','BUILDING 37, ROOM 2A03','20892',NULL,'BETHESDA','USA','LABORATORY OF METABOLISM','NCI','MD','9000 ROCKVILLE PIKE','BUILDING 37, ROOM 3112','20892',1),(113,0,'BETHESDA','USA','OFM/COMMERCIAL ACCOUNTS','NIH','MD','2115 EAST JEFFERSON ST','MSC 8500, RM 4B-432','20892-8500',2,'1371',1,NULL,NULL,NULL,'MAXWELL',NULL,'LEE',NULL,'BETHESDA','USA','NCI/CCR,LPG','NIH','MD','BLDG 41, RM D702, MSC5060','41 LIBRARY DRIVE','20892',NULL,'BETHESDA','USA','NCI/DCEG,LPG','NIH','MD','BLDG 41, RM D702, MSC5060','41 LIBRARY DRIVE','20892',3),(114,0,'BETHESDA','USA','SURGERY BRANCH','NATIONAL CANCER INSTITUTE','MD','10 CENTER DRIVE','BUILDING 10, ROOM 2B58','20892',2,'1372',1,NULL,NULL,NULL,'FRANCESCO',NULL,'MARINCOLA',NULL,'BETHESDA','USA','SURGERY BRANCH','NATIONAL CANCER INSTITUTE','MD','10 CENTER DRIVE','BUILDING 10, ROOM 2B58','20892',NULL,'BETHESDA','USA','SURGERY BRANCH','NATIONAL CANCER INSTITUTE','MD','10 CENTER DRIVE','BUILDING 10, ROOM 2B58','20892',3),(115,0,'ROCKVILLE','USA','DIVISION OF CELLULAR AND GENE','CBER, FOOD AND DRUG ADMINISTRATION','MD','8800 ROCKVILLE PIKE','NIH BLDG.29B, RM 2G07, HFM-735','20892',2,'1375',1,NULL,NULL,NULL,'RAJ',NULL,'PURI',NULL,'BETHESDA','USA','CELLULAR & GENE THERAPIES','FDA/ CTR FOR BIOL EVAL & RESEARCH','MD','BLDG 29B, RM 2G07','8800 ROCKVILLE PIKE','20892',NULL,'BETHESDA','USA','CELLULAR & GENE THERAPIES','FDA/CTR FOR BIOL EVAL & RESEARCH','MD','BLDG 29B, RM 2G07','8800 ROCKVILLE PIKE','20892',1),(116,0,'BETHESDA','USA','','','MD','6705 ROCKLEDGE STE 800','MSC7970','20892',2,'1376',1,NULL,NULL,NULL,'JAMES',NULL,'SEGARS',NULL,'BETHESDA','USA','OBSTETRICS/GYN','USUHS/NIH','MD','BUILDING A, ROOM 3078, USUHS','4301 JONES BRIDGE ROAD','20814',NULL,'BETHESDA','USA','OBSTETRICS/GYN','USUHS/NIH','MD','BUILDING A, ROOM 3078, USUHS','4301 JONES BRIDGE ROAD','20814',3),(117,0,'FREDERICK','USA','ACCOUNTS PAYABLE','SAIC FREDERICK, NCI-FCRDC','MD','SAIC FREDERICK','PO BOX B, BLDG 244','21702-1201',2,'1378',1,NULL,NULL,NULL,'NADYA',NULL,'TARASOVA',NULL,'FREDERICK','USA','MOLECULAR ASPECTS OF DRUG DESI','ABL-BASIC RESEARCH PROGRAM, NCI-FCRDC','MD','CHANDLER STREET','BLDG. 538, ROOM 120','21702',NULL,'FREDERICK','USA','RECEIVING','NCI-FREDERICK','MD','BOYLES STREET','BLDG. 1050','21702',1),(118,0,'NEW BRUNSWICK','USA','ACCOUNTS PAYABLE','UNIVERSITY OF MEDICINE AND DENTISTRY O','NJ','PO BOX 2686','','8901',3,'1385',1,NULL,NULL,NULL,'KIRAN',NULL,'CHADA',NULL,'PISCATAWAY','USA','BIOCHEMISTRY','UNIVERSITY OF MEDICINE AND DENTISTRY O','NJ','675 HOES LANE','ROOM 604','8854',NULL,'PISCATAWAY','USA','BIOCHEMISTRY','UNIVERSITY OF MEDICINE AND DENTISTRY O','NJ','675 HOES LANE','ROOM 605','8854',3),(119,0,'VAHALLA','USA','ACCOUNTS PAYABLE','AMERICAN HEALTH FOUNDATION','NY','1 DANA ROAD','','10595',3,'1386',1,NULL,NULL,NULL,'FUNG-LUNG',NULL,'CHUNG',NULL,'VAHALLA','USA','CARCINOGENESIS & MOLE. EPID.','AMERICAN HEALTH FOUNDATION','NY','1 DANA ROAD','','10595',NULL,'VAHALLA','USA','CARCINOGENESIS & MOLE. EPID.','AMERICAN HEALTH FOUNDATION','NY','1 DANA ROAD','','10595',3),(120,0,'PHILADELPHIA','USA','DERMATOLOGY','UNIV. OF PENN. MEDICAL SCHOOL','PA','422 CURIE BLVD.','ROOM 232 CLINICAL RESEACRH BLD','19104',3,'1387',1,NULL,NULL,NULL,'GEORGE',NULL,'COTSARELIS',NULL,'PHILADELPHIA','USA','DERMATOLOGY','UNIVERSITY OF PENNSYLVANIA','PA','422 CURIE BLVD.','ROOM 232 CLINICAL RESEARCH BLDG.','19104',NULL,'PHILADELPHIA','USA','DERMATOLOGY','UNIV. OF PENN. MEDICAL SCHOOL','PA','422 CURIE BLVD.','ROOM 232 CLINICAL RESEARCH BLD','19104',1),(121,0,'PHILADELPHIA','USA','','UNIVERSITY OF PENNSYLVANIA','PA','421 CURIE BLVD','1365 BRB II/III','19104-6142',3,'1388',1,NULL,NULL,NULL,'GEORGE',NULL,'COUKOS',NULL,'PHILADELPHIA','USA','CRRWH','UNIVERSITY OF PENNSYLVANIA','PA','421 CURIE BLVD, BRB II/III','RM 1209','19104',NULL,'PHILADELPHIA','USA','CRRWH','UNIVERSITY OF PENNSYLVANIA','PA','421 CURIE BLVD, BRB II/III','RM 1209','19104',3),(122,0,'ROCHESTER','USA','','UNIV. OF ROCHESTER PROCUREMENT SERVICE','NY','70 GOLER HOUSE','','14642',3,'1389',1,NULL,NULL,NULL,'DAVID',NULL,'CULP',NULL,'ROCHESTER','USA','CENTER FOR ORAL BIOLOGY','UNIVERSITY OF ROCHESTER MEDICAL CENTER','NY','601 ELMWOOD AVE.','KMRB RM. G-9878','14642',NULL,'ROCHESTER','USA','CENTER FOR ORAL BIOLOGY','UNIV. OF ROCHESTER MEDICAL CENTER','NY','601 ELMWOOD AVE., BOX 611','KMRB RM. G-9878','14642',1),(123,0,'ALBANY','USA','NYS DEPT OF HEALTH','WADSWORTH CENTER','NY','EMPIRE STATE PLAZA','BIGGS LAB, RM E303','12201',3,'1391',1,NULL,NULL,NULL,'MICHAEL',NULL,'FASCO',NULL,'ALBANY','USA','ENVIRONMENTAL DISEASE PREVENT','WADSWORTH CENTER','NY','NYS DEPT OF HEALTH','EMPIRE STATE PLAZA','12201',NULL,'ALBANY','USA','NYS DEPT OF HEALTH','WADSWORTH CENTER','NY','EMPIRE STATE PLAZA','BIGGS LAB, RM E303','12201',3),(124,0,'UPPER MONTCLAIR','USA','BIOLOGY','MONTCLAIR STATE UNIVERSITY','NJ','1 NORMAL AVENUE','SCIENCE HALL, ROOM 120','7043',3,'1393',1,NULL,NULL,NULL,'REGINALD',NULL,'HALABY',NULL,'UPPER MONTCLAIR','USA','BIOLOGY','MONTCLAIR STATE UNIVERSITY','NJ','1 NORMAL AVENUE','SCIENCE HALL, ROOM 120','7043',NULL,'UPPER MONTCLAIR','USA','BIOLOGY','MONTCLAIR STATE UNIVERSITY','NJ','1 NORMAL AVENUE','SCIENCE HALL, ROOM 120','7043',3),(125,0,'BOSTON','USA','ACCOUNTS PAYABLE','TUFTS UNIVERSITY','MA','169 HOLLAND STREET','3RD FLOOR TAG','2144',3,'1394',1,NULL,NULL,NULL,'BRIGITTE',NULL,'HUBER',NULL,'BOSTON','USA','PATHOLOGY','TUFTS UNIVERSITY','MA','37 TYLER STREET','SC 404','2111',NULL,'BOSTON','USA','RECEIVING','TUFTS UNIVERSITY','MA','37 TYLER STREET','JAHARIS 901D','2111',1),(126,0,'COLUMBUS','USA','CLINICAL CANCER GENETICS','JAMES CANCER HOSPITAL','OH','MEDICAL RESEARCH FACILITY ROOM','300 W. 10TH AVE. STE. 519','43210-1240',3,'1398',1,NULL,NULL,NULL,'VIRGINIA',NULL,'LIVOLSI',NULL,'PHILA','USA','PATHOLOGY&LABORATORY MEDICINE','UNIVERSITY OF PENNSYLVANIA','PA','FOUNDERS BLDG. RM. 6-042','36TH & SPRUCE STS.','19104',NULL,'PHILA','USA','PATHOLOGY &LABORATORY MEDICINE','UNIVERSITY OF PENNSYLVANIA','PA','','36TH & SPRUCE STREETS','19104',1),(127,0,'MARLTON','USA','ACCOUNTING','QUALTEK MOLECULAR LABORATORIES','NJ','16 ORCHARD LANE','','8053',3,'1400',1,NULL,NULL,NULL,'FRANK',NULL,'LYNCH',NULL,'MARLTON','USA','','QUALTEK MOLECULAR LABS','NJ','16 ORCHARD LANE','','8053',NULL,'SANTA BARBARA','USA','LABORATORY (R & D)','QUALTEK MOLECULAR LABORATORIES','CA','334 S. PATTERSON AVENUE','','93111',3),(128,0,'DANVILLE','USA','WEIS CENTER FOR RESEARCH','GEISINGER CLINIC','PA','100 NORTH ACADEMY AVENUE','','17822',3,'1405',1,NULL,NULL,NULL,'JANET',NULL,'ROBISHAW',NULL,'DANVILLE','USA','WEIS CENTER FOR RESEARCH','GEISINGER CLINIC','PA','100 NORTH ACADEMY AVENUE','','17822',NULL,'DANVILLE','USA','WEIS CENTER FOR RESEARCH','GEISINGER CLINIC','PA','100 NORTH ACADEMY AVENUE','','17822',3),(129,0,'PHILADELPHIA','USA','ACCOUNTS PAYABLE','AHERF-DELAWARE VALLEY','PA','245 NORTH 15TH STREET','12TH FLOOR/NEW COLLEGE BLDG','19102',3,'1407',1,NULL,NULL,NULL,'EDWARD',NULL,'SCHULMAN',NULL,'PHILADELPHIA','USA','PULMONARY AND CRITICAL CARE','DREXEL UNIVERSITY COLLEGE OF MEDICINE','PA','245 NORTH 15TH STREET, 12TH FLOOR','NEW COLLEGE BUILDING','19102',NULL,'PHILADELPHIA','USA','PULMONARY AND CRITICAL CARE','DREXEL UNIVERSITY COLLEGE OF MEDICINE','PA','245 NORTH 15TH ST.','12TH FLOOR NEW COLLEGE BLDGE.','19102-1192',1),(130,0,'BUFFALO','USA','IMMUNOLOGY','ROSWELL PARK CANCER INSTITUTE','NY','ELM & CARLTON STREETS','ROOM 315A','14263',3,'1408',1,NULL,NULL,NULL,'BEN',NULL,'SEON',NULL,'BUFFALO','USA','IMMUNOLOGY','ROSWELL PARK CANCER INSTITUTE','NY','ELM & CARLTON STREETS','ROOM 315A','14263',NULL,'BUFFALO','USA','IMMUNOLOGY','ROSWELL PARK CANCER INSTITUTE','NY','ELM & CARLTON STREETS','ROOM 315A','14263',1),(131,0,'BUFFALO','USA','HEALTH RESEARCH ACCTS PAYABLE','ROSWELL PARK CANCER INSTITUTE','NY','ELM & CARLTON','ASB, K 152C','14263',3,'1409',1,NULL,NULL,NULL,'MINOTI',NULL,'SHARMA',NULL,'BUFFALO','USA','MOLE & CELLULAR BIOPHYSICS','ROSWELL PARK CANCER INSTITUTE','NY','ELM & CARLTON','CCR 107','14263',NULL,'BUFFALO','USA','PHARMACOLOGY & TOXICOLOGY','SUNY AT BUFFALO SOUTH CAMPUS','NY','3435 MAIN','FARBER HALL 102','14214',3),(132,0,'BETHESDA','USA','COMMERCIAL ACCOUNTS','NIH','MD','2115 EAST JEFFERSON ST.','MSC 8500, RM 4B-432','20892-8500',2,'141',1,NULL,NULL,NULL,'CURTIS',NULL,'HARRIS',NULL,'BETHESDA','USA','LAB OF HUMAN CARCINOGENESIS','NATIONAL CANCER INSTITUTE','MD','BLDG. 37, ROOM 2C25','37 CONVENT DR. MSC 4255','20892-4255',NULL,'BETHESDA','USA','LAB OF HUMAN CARCINOGENESIS','NCI/ NIH','MD','BLDG. 37, ROOM 3060D','9000 ROCKVILLE PIKE','20892-4255',1),(133,0,'PHILADELPHIA','USA','GASTROENTEROLOGY','UNIV. OF PENNSYLVANIA','PA','415 CURIE BLDG, RM 600','CLINICAL RESEARCH BLDG.','19104-6140',3,'1410',1,NULL,NULL,NULL,'GARY',NULL,'WU',NULL,'PHILADELPHIA','USA','GASTROENTEROLOGY','UNIV. OF PENNSYLVANIA','PA','415 CURIE BLDG, RM 600','CLINICAL RESEARCH BLDG.','19104-6140',NULL,'PHILADELPHIA','USA','GASTROENTEROLOGY','UNIV. OF PENNSYLVANIA','PA','415 CURIE BLDG, RM 600','CLINICAL RESEARCH BLDG.','19104-6140',1),(134,0,'BETHESDA','USA','HEME/ONC','NCI/MEDICINE BRANCH DOS','MD','BLDG 8 ROOM 5101','NATIONAL NAVAL MEDICAL CENTER','20889-5105',5,'1414',1,NULL,NULL,NULL,'SAMIR',NULL,'KHLEIF',NULL,'BETHESDA','USA','HEME/ONC','','MD','NCI-NAVAL HOSPITAL BETHESDA','BUILDING 8, ROOM # 5101','20889',NULL,'BETHESDA','USA','HEME/ONC','NCI/MEDICINE BRANCH DOS','MD','BLDG 8 ROOM 5101','NATIONAL NAVAL MEDICAL CENTER','20889-5105',3),(135,0,'LEXINGTON','USA','PEDIATRICS','UNIVERSITY OF KENTUCKY','KY','740 S. LIMESTONE','ROOM J457','40536-0084',5,'1415',1,NULL,NULL,NULL,'JEFFREY',NULL,'MOSCOW',NULL,'LEXINGTON','USA','PEDIATRICS','UNIVERSITY OF KENTUCKY','KY','740 S. LIMESTONE','ROOM J457','40536',NULL,'LEXINGTON','USA','PEDIATRICS','UNIVERSITY OF KENTUCKY','KY','800 ROSE STREET','ROOM MN 469','40536-0084',3),(136,0,'JACKSONVILLE','USA','ACCOUNTS PAYABLE','THE NEMOURS FOUNDATION','FL','10140 CENTURION PARKWAY NORTH','','32256',5,'1416',1,NULL,NULL,NULL,'ROBERT',NULL,'OLNEY',NULL,'JACKSONVILLE','USA','PEDIATRICS/ENDOCRINOLOGY','THE NEMOURS CHILDRENS CLINIC','FL','807 NIRA STREET','9N RESEARCH LAB','32207',NULL,'JACKSONVILLE','USA','PEDIATRICS/ENDOCRINOLOGY','THE NEMOURS CHILDRENS CLINIC','FL','807 CHILDRENS WAY','9N RESEARCH LAB','32207',1),(137,0,'BIRMINGHAM','USA','PHYSIOLOGY & BIOPHYSICS','UNIVERSITY OF ALABAMA AT BIRMINGHAM','AL','MCLM 936','1918 UNIVERSITY BLVD.','35294-0005',6,'1418',1,NULL,NULL,NULL,'SUSAN',NULL,'BELLIS',NULL,'BIRMINGHAM','USA','PHYSIOLOGY & BIOPHYSICS','UNIVERSITY OF ALABAMA AT BIRMINGHAM','AL','MCLM 904','THIRD AVENUE SOUTH','35294-0005',NULL,'BIRMINGHAM','USA','PHYSIOLOGY & BIOPHYSICS','UNIVERSITY OF ALABAMA AT BIRMINGHAM','AL','MCLM 936','1918 UNIVERSITY BLVD.','35294-0005',3),(138,0,'BERKELEY','USA','SCHOOL OF PUBLIC HEALTH','UNIVERSITY OF CALIFORNIA','CA','140 WARREN HALL','','94720-7360',6,'1419',1,NULL,NULL,NULL,'GERTRUDE',NULL,'BUEHRING',NULL,'BERKELEY','USA','SCHOOL OF PUBLIC HEALTH','UNIVERSITY OF CALIFORNIA','CA','140 WARREN HALL','','94720-7360',NULL,'BERKELEY','USA','SCHOOL OF PUBLIC HEALTH','UNIVERSITY OF CALIFORNIA','CA','140 WARREN HALL','','94720-7360',1),(139,0,'OMAHA','USA','ENDOCRINE','VAMC','NE','4101 WOOLWORTH AVE., RESOURCE','RM. R-211','68105',4,'1421',1,NULL,NULL,NULL,'ROBERT',NULL,'ANDERSON',NULL,'OMAHA','USA','ENDOCRINE','VAMC','NE','4101 WOOLWORTH AVE., RESOURCE 151','RM. R-211','68105',NULL,'OMAHA','USA','ENDOCRINE','VAMC','NE','4101 WOOLWORTH AVE., RESOURCE','RM. R-211','68105',1),(140,0,'SAN FRANCISCO','USA','ACCOUNTS PAYABLE','VA MEDICAL CENTER','CA','4150 CLEMENT ST.','NCIRE BLDG. 203','94121',4,'1422',1,NULL,NULL,NULL,'RAJVIR',NULL,'DAHIYA',NULL,'SAN FRANCISCO','USA','UROLOGY RESEARCH','VA MEDICAL CENTER','CA','4150 CLEMENT ST.','RM 3B-43, BLDG. 203','94121',NULL,'SAN FRANCISCO','USA','UROLOGY RESEARCH','VA MEDICAL CENTER','CA','4150 CLEMENT ST.','RM 2B-25, BLDG. 203 MS 112F','94121',3),(141,0,'CLEVELAND','USA','PATHOLOGY','CASE WESTERN RESERVE','OH','2085 ADELBERT RD.','RM 204','44106',1,'1423',1,NULL,NULL,NULL,'DAWN',NULL,'DAWSON',NULL,'CLEVELAND','USA','PATHOLOGY','CASE WESTERN RESERVE UNIVERSITY','OH','2085 ADELBERT ROAD','ROOM 204','44106',NULL,'CLEVELAND','USA','UCRC II','','OH','11101 E. CEDAR RD.','','44106',3),(142,0,'SACRAMENTO','USA','DEPT. OF ORTHOPAEDIC SURGERY','UNIV. OF CA DAVIS SCHOOL OF MEDICINE','CA','4635 2ND AVE. RM. 2000','','95817',4,'1435',1,NULL,NULL,NULL,'A. HARI',NULL,'REDDI',NULL,'SACRAMENTO','USA','DEPT. OF ORTHOPAEDIC SURGERY','UNIV. OF CA DAVIS SCHOOL OF MEDICINE','CA','4635 2ND AVE. RM. 2000','','95817',NULL,'SACRAMENTO','USA','DEPT. OF ORTHOPAEDIC SURGERY','UNIV. OF CA DAVIS SCHOOL OF MEDICINE','CA','4635 2ND AVE. RM. 2000','','95817',1),(143,0,'LA JOLLA','USA','','THE BURNHAM INSTITUTE','CA','10901 NORTH TORREY PINES RD','','92037',4,'1441',1,NULL,NULL,NULL,'ALEX',NULL,'STRONGIN',NULL,'LA JOLLA','USA','','THE BURNHAM INSTITUTE','CA','10901 NORTH TORREY PINES RD','','92037',NULL,'LA JOLLA','USA','','THE BURNHAM INSTITUTE','CA','10901 NORTH TORREY PINES RD','','92037',3),(144,0,'ST. LOUIS','USA','INTERNAL MEDICINE','WASHINGTON UNIV. SCHL. OF MED.','MO','660 S. EUCLID AVE.','RM 1021 CSRB NT','63110',4,'1442',1,NULL,NULL,NULL,'MARGARET',NULL,'MA',NULL,'ST. LOUIS','USA','INTERNAL MEDICINE','WASHINGTON UNIV. SCHL. OF MED.','MO','660 S. EUCLID AVE.','RM 1021 CSRB NT','63110',NULL,'ST. LOUIS','USA','INTERNAL MEDICINE','WASHINGTON UNIV. SCHL. OF MED','MO','4940 PARKVIEW, CSRB NT 1021','','63110',1),(145,0,'PHILADELPHIA','USA','GASTROENTEROLOGY','UNIVERSITY OF PENNSYLVANIA','PA','415 CURIE BLVD','SUITE 600 CRB','19104',3,'1444',1,NULL,NULL,NULL,'EUNRAN',NULL,'SUH',NULL,'PHILADELPHIA','USA','GASTROENTEROLOGY','UNIVERSITY OF PENNSYLVANIA','PA','415 CURIE BLVD','CRB 663','19104',NULL,'PHILADELPHIA','USA','GASTROENTEROLOGY','UPENN SCHOOL OF MEDICINE','PA','415 CURIE BLVD','CRB 663','19104',3),(146,0,'ANNANDALE','USA','CENTER FOR LIVER DISEASES','INOVA FAIRFAX HOSPITAL','VA','3289 WOODBURN ROAD','SUITE 375','22003',2,'1448',1,NULL,NULL,NULL,'ZOBAIR',NULL,'YOUNOSSI',NULL,'ANNANDALE','USA','CENTER FOR LIVER DISEASES','INOVA FAIRFAX HOSPITAL','VA','3289 WOODBURN ROAD','SUITE 375','22003',NULL,'ANNANDALE','USA','CENTER FOR LIVER DISEASES','INOVA FAIRFAX HOSPITAL','VA','3289 WOODBURN ROAD','SUITE 375','22003',3),(147,0,'OTTAWA','USA','CELLULAR & MOLECULAR MEDICINE','UNIVERSITY OF OTTAWA','ON','451 SMYTH ROAD','GUINDON HALL, ROOM 3113','K1H 8M5',1,'1454',1,NULL,NULL,NULL,'BALWANT',NULL,'TUANA',NULL,'OTTAWA','USA','CELLULAR & MOLECULAR MEDICINE','UNIVERSITY OF OTTAWA','ON','451 SMYTH ROAD','GUINDON HALL, ROOM 3113','K1H 8M5',NULL,'OTTAWA','USA','CELLULAR & MOLECULAR MEDICINE','UNIVERSITY OF OTTAWA','ON','451 SMYTH ROAD','GUINDON HALL, ROOM 3113','K1H 8M5',3),(148,0,'LA JOLLA','USA','ACCOUNTS PAYABLE','THE SCRIPPS RESEARCH INSTITUTE','CA','10550 N. TORREY PINES RD.','TPC12','92037',4,'1467',1,NULL,NULL,NULL,'BENJAMIN',NULL,'CRAVATT',NULL,'LA JOLLA','USA','CELL BIOLOGY','THE SCRIPPS RESEARCH INSTITUTE','CA','10550 N. TORREY PINES RD.','RM. BCC157','92037',NULL,'LA JOLLA','USA','CELL BIOLOGY','THE SCRIPPS RESEARCH INSTITUTE','CA','10550 N. TORREY PINES RD.','RM. BCC157','92037',1),(149,0,'NEW HAVEN','USA','SURGERY/RESEARCH','YALE UNIVERSITY SCHOOL OF MED','CT','TMP 202','333 CEDAR STREET','6520',3,'1470',1,NULL,NULL,NULL,'IRVIN',NULL,'MODLIN',NULL,'NEW HAVEN','USA','SURGERY (GI)','YALE UNIVERSITY SCHOOL OF MEDICINE','CT','333 CEDAR STREET','TMP 202','06520-8062',NULL,'NEW HAVEN','USA','GASTROENTEROLOGY/SURGICAL RES.','YALE UNIVERSITY','CT','BML363','310 CEDAR STREET','6520',1),(150,0,'MILWAUKEE','USA','MEDICINE','MEDICAL COLLEGE OF WISCONSIN','WI','MEDICAL COLLEGE OF WISCONSIN','8701 WATERTOWN PLANK ROAD','53226',1,'1471',1,NULL,NULL,NULL,'ASHWANI',NULL,'KHANNA',NULL,'MILWAUKEE','USA','MEDICINE','MEDICAL COLLEGE OF WISCONSIN','WI','MEDICAL COLLEGE OF WISCONSIN','8701 WATERTOWN PLANK ROAD','53226',NULL,'MILWAUKEE','USA','MEDICINE','MEDICAL COLLEGE OF WISCONSIN','WI','MEDICAL COLLEGE OF WISCONSIN','8701 WATERTOWN PLANK ROAD','53226',3),(151,0,'FARMINGTON','USA','CENTER FOR MOLECULAR MEDICINE','UNIV. OF CONNECTICUT HEALTH CENTER','CT','263 FARMINGTON AVENUE','MC3101','06032-3101',3,'1478',1,NULL,NULL,NULL,'DANIEL',NULL,'ROSENBERG',NULL,'FARMINGTON','USA','CENTER FOR MOLECULAR MEDICINE','UNIV. OF CONNECTICUT HEALTH CENTER','CT','263 FARMINGTON AVENUE','','06030-3101',NULL,'FARMINGTON','USA','CENTER FOR MOLECULAR MEDICINE','UNIV. OF CONNECTICUT HEALTH CENTER','CT','263 FARMINGTON AVENUE','','06030-3101',3),(152,0,'NEW HAVEN','USA','INTERNAL MEDICINE','YALE UNIVERSITY SCHOOL OF MEDICINE','CT','333 CEDAR STREET','PO BOX 208057, LCI 105','06520-8057',3,'1479',1,NULL,NULL,NULL,'ROBERT',NULL,'HOMER',NULL,'NEW HAVEN','USA','PATHOLOGY','YALE UNIVERSITY SCHOOL OF MEDICINE','CT','PO BOX 208023','310 CEDAR STREET','06520-8023',NULL,'NEW HAVEN','USA','INTERNAL MEDICINE','YALE UNIVERSITY SCHOOL OF MEDICINE','CT','SECT OF PULMONARY & CRITICAL','CARE MEDICINE','06520-8057',3),(153,0,'HERSHEY','USA','PHARMACOLOGY DEPARTMENT','PENN STATE COLLEGE OF MEDICINE','PA','500 UNIVERSITY DRIVE - C7744','','17033',3,'1480',1,NULL,NULL,NULL,'GAVIN',NULL,'ROBERTSON',NULL,'HERSHEY','USA','PHARMACOLOGY','PENN STATE COLLEGE OF MEDICINE','PA','500 UNIVERSITY DRIVE','H078','17033',NULL,'HERSHEY','USA','PHARMACOLOGY DEPARTMENT','PENN STATE COLLEGE OF MEDICINE','PA','500 UNIVERSITY DRIVE - C7744','','17033',1),(154,0,'WASHINGTON','USA','ONCOLOGY','LOMBARDI CANCER CENTER','DC','RESEARCH BUILDING, RM E304','3970 RESERVOIR ROAD, NW','20007',2,'1482',1,NULL,NULL,NULL,'TODD',NULL,'WALDMAN',NULL,'WASHINGTON','USA','ONCOLOGY','LOMBARDI CANCER CENTER','DC','RESEARCH BUILDING, RM E304','3970 RESERVOIR ROAD, NW','20007',NULL,'WASHINGTON','USA','ONCOLOGY','LOMBARDI CANCER CENTER','DC','RESEARCH BUILDING, RM E304','3970 RESERVOIR ROAD, NW','20007',3),(155,0,'ALBANY','USA','PURCHASING (RESEARCH)','STATE U OF NY, ALBANY','NY','MANAGEMENT SERVICE CENTER, 302','1400 WASHINGTON AVENUE','12222',3,'1488',1,NULL,NULL,NULL,'KIMI',NULL,'NISHIKAWA',NULL,'ALBANY','USA','BIOLOGY','STATE UNIVERSITY OF NEW YORK','NY','1400 WASHINGTON AVE','BIOLOGY ROOM 349','12222',NULL,'ALBANY','USA','BIOLOGY','STATE U OF NY, ALBANY','NY','1400 WASHINGTON AVE','BIOLOGY ROOM 349','12222',1),(156,0,'MADISON','USA','OPHTHALMOLOGY & VISUAL SCIENCE','U. OF WISCONSIN MEDICAL SCHOOL','WI','F4 / 338 CSC','600 HIGHLAND AVENUE','53792-3220',5,'1491',1,NULL,NULL,NULL,'DANIEL',NULL,'ALBERT',NULL,'MADISON','USA','OPHTHALMOLOGY & VISUAL SCIENCE','U. OF WISCONSIN MEDICAL SCHOOL','WI','F4 / 338 CSC','600 HIGHLAND AVENUE','53792-3220',NULL,'MADISON','USA','OPHTHALMOLOGY & VISUAL SCIENCE','U. OF WISCONSIN MEDICAL SCHOOL','WI','F4 / 338 CSC','600 HIGHLAND AVENUE','53792-3220',1),(157,0,'BETHESDA','USA','OFM/COMMERCIAL ACCOUNTS','NIH','MD','2115 EAST JEFFERSON ST.','MSC 8500, RM 4B-432','20892-8500',2,'1493',1,NULL,NULL,NULL,'MIRIAM',NULL,'POIRIER',NULL,'BETHESDA','USA','','NCI, NIH','MD','37 CONVENT DR. MSC-4255','LCCTP, BLDG 37 ROOM 4032','20892-4255',NULL,'BETHESDA','USA','','NCI, NIH','MD','37 CONVENT DR. MSC-4255','LCCTP, BLDG 37 ROOM 4032','20892-4255',1),(158,0,'IOWA CITY','USA','PATHOLOGY','UNIVERSITY OF IOWA','IA','200 HAWKINS DRIVE','ROOM 153 B MRC','52242',1,'1499',1,NULL,NULL,NULL,'YASHPAL',NULL,'AGRAWAL',NULL,'IOWA CITY','USA','PATHOLOGY','UNIVERSITY OF IOWA','IA','200 HAWKINS DRIVE','ROOM 153 B MRC','52242',NULL,'IOWA CITY','USA','PATHOLOGY','UNIVERSITY OF IOWA','IA','200 HAWKINS DRIVE','ROOM 153 B MRC','52242',3),(159,0,'CHICAGO','USA','HUMAN NUTRITION M/C 517','UNIVERSITY OF ILLINOIS','IL','1919 W TAYLOR ST','ROOM #650','60612',1,'1502',1,NULL,NULL,NULL,'PHYLLIS',NULL,'BOWEN',NULL,'CHICAGO','USA','HUMAN NUTRITION M/C 517','UNIVERSITY OF ILLINOIS','IL','1919 W TAYLOR ST','ROOM #650','60612',NULL,'CHICAGO','USA','HUMAN NUTRITION M/C 517','UNIVERSITY OF ILLINOIS','IL','1919 W TAYLOR ST','ROOM #650','60612',3),(160,0,'BOSTON','USA','MCRI','NEW ENGLAND MEDICAL CENTER','MA','TUPPER RESEARCH BLDG RM 222','25 HARVARD STREET','2111',3,'1515',1,NULL,NULL,NULL,'DEBBIE',NULL,'BEASLEY',NULL,'BOSTON','USA','MEDICINE/DIV OF NEPHROLOGY','NEW ENGLAND MEDICAL CENTER','MA','750 WASHINGTON ST.','BOX 172','2111',NULL,'BOSTON','USA','NEPHROLOGY','NEW ENGLAND MEDICAL CENTER','MA','15 KNEELAND ST.','TUPPER RESEARCH BLDG RM 222','2111',3),(161,0,'FARMINGTON','USA','ACCOUNTS PAYABLE','UNIV.OF CONNECTICUT HEALTH','CT','ACCOUNTS PAYABLE','263 FARMINGTON AVE. RM. 1014','6032',3,'1522',1,NULL,NULL,NULL,'BHATIA',NULL,'PARDEEP',NULL,'FARMINGTON','USA','MOLECULAR MEDICINE, RM E1014','','CT','UNIV. OF CONNECTICUT HEALTH SCIEN','263 FARMINGTON AVE RM. E1014','6032',NULL,'FARMINGTON','USA','MOLECULAR MEDICINE, RM E1014','','CT','UNIV. OF CONNECTICUT HEALTH SC','263 FARMINGTON AVE. RM. 1014','6032',3),(162,0,'','USA','','','','','','',1,'1526',1,NULL,NULL,NULL,'JOSEPH',NULL,'BOKAR',NULL,'CLEVELAND','USA','HEM/ONC','CASE WESTERN RESERVE UNIVERSITY','OH','2109 ADELBERT ROAD','BRB 301A','44106',NULL,'','USA','','','','','','',3),(163,0,'WASHINGTON','USA','ONCOLOGY','LOMARDI CANCER CENTER','DC','NEW RESEARCH BLDG, RM E407','3970 RESERVOIR RD, NW','20057',2,'1530',1,NULL,NULL,NULL,'WEIQUN',NULL,'LI',NULL,'WASHINGTON','USA','ONCOLOGY','LOMARDI CANCER CENTER','DC','NEW RESEARCH BLDG, RM E407','3970 RESERVOIR RD, NW','20057',NULL,'WASHINGTON','USA','ONCOLOGY','LOMARDI CANCER CENTER','DC','NEW RESEARCH BLDG, RM E407','3970 RESERVOIR RD, NW','20007',1),(164,0,'NASHVILLE','USA','MEDICINE','VANDERBILT UNIVERSITY SCHOOL OF MED.','TN','1161 21ST AVENUE','A3314 MCN','37232-0011',4,'1538',1,NULL,NULL,NULL,'WONDER',NULL,'DRAKE',NULL,'NASHVILLE','USA','MEDICINE','VANDERBILT UNIVERSITY SCHOOL OF MED.','TN','1161 21ST AVENUE','A3310 MCN','37232-0011',NULL,'NASHVILLE','USA','MEDICINE','VANDERBILT UNIVERSITY SCHOOL OF MED.','TN','1161 21ST AVENUE','A3310 MCN','37232-0011',1),(165,0,'NEW YORK','USA','DERMATOLOGY','COLUMBIA UNIVERSITY HSC','NY','630 W. 168TH ST','VC15-216','10032',3,'1542',1,NULL,NULL,NULL,'REBECCA',NULL,'MORRIS',NULL,'NEW YORK','USA','DERMATOLOGY','COLUMBIA UNIVERSITY HSC','NY','630 W. 168TH ST','VC15-216','10032',NULL,'NEW YORK','USA','DERMATOLOGY','COLUMBIA UNIVERSITY HSC','NY','630 W. 168TH ST','VC15-216','10032',3),(166,0,'PHILADELPHIA','USA','RESEARCH HEMATOLOGY','CHOP','PA','ROSEANNE CASH','','19104',3,'1543',1,NULL,NULL,NULL,'ELEANOR',NULL,'POLLAK',NULL,'PHILADELPHIA','USA','RESEARCH HEMATOLOGY','UNIVERSITY OF PENNSYLVANIA MED CENTER','PA','316C ABRAMSON RESEARCH CENTER','','19104',NULL,'PHILADELPHIA','USA','RESEARCH HEMATOLOGY','UNIVERSITY OF PENNSYLVANIA MED CENTER','PA','316C ABRAMSON RESEARCH CENTER','3516 CIVIC CENTER BLVD.','19104',1),(167,0,'PITTSBURGH','USA','HILLMAN CANCER CENTER','UNIVERSITY OF PITTSBURGH CANCER INST.','PA','5117 CENTRE AVE., 1.32 B','','15213',5,'1545',1,NULL,NULL,NULL,'ANNA',NULL,'LOKSHIN',NULL,'PITTSBURGH','USA','HILLMAN CANCER CENTER','UNIVERSITY OF PITTSBURGH CANCER INST.','PA','5117 CENTRE AVE., 1.32 B','','15213',NULL,'PITTSBURGH','USA','HILLMAN CANCER CENTER','','PA','5117 CENTRE AVE','LOKSHIN LAB # G.6','15213',1),(168,0,'NEW YORK','USA','','WEILL CORNELL UNIVERSITY MED. COLLEGE','NY','575 LEXINGTON AVENUE','9TH FLOOR','10065',3,'1552',1,NULL,NULL,NULL,'THOMAS',NULL,'FAHEY',NULL,'NEW YORK','USA','DEPARTMENT OF SURGERY','CORNELL UNIVERSITY WEILL MED. COLLEGE','NY','525 E. 68TH STREET','ROOM 2024','10021',NULL,'NEW YORK','USA','DEPT OF SURGERY/ CUMC','CORNELL UNIVERSITY WEILL MED. COLLEGE','NY','510 E 70TH STREET','ROOM A-983','10021',1),(169,0,'BIRMINGHAM','USA','PHARMACOLOGY & TOXICOLOGY','UNIVERSITY OF ALABAMA AT BIRMINGHAM','AL','1824 SIXTH AVENUE SOUTH','WTI 608B','35294',6,'1554',1,NULL,NULL,NULL,'RICHIE',NULL,'SOONG',NULL,'BIRMINGHAM','USA','PHARMACOLOGY & TOXICOLOGY','UNIVERSITY OF ALABAMA AT BIRMINGHAM','AL','1824 SIXTH AVENUE SOUTH','WTI 608B','35294',NULL,'BIRMINGHAM','USA','PHARMACOLOGY & TOXICOLOGY','UNIVERSITY OF ALABAMA AT BIRMINGHAM','AL','1824 SIXTH AVENUE SOUTH','WTI 608B','35294',3),(170,0,'AUGUSTA','USA','BIOCHEMISTRY/MOLECULAR BIOLOGY','MEDICAL COLLEGE OF GEORGIA','GA','1120 LANEY WALKER BLVD','CB 2530, MCG','30912-2100',5,'1555',1,NULL,NULL,NULL,'DOROTHY',NULL,'TUAN',NULL,'AUGUSTA','USA','BIOCHEMISTRY & MOLECULAR BIOL','MEDICAL COLLEGE OF GEORGIA','GA','1120 15TH STREET','ROOM CB 2208','30912-2100',NULL,'AUGUSTA','USA','BIOCHEMISTRY/MOLECULAR BIOLOGY','MEDICAL COLLEGE OF GEORGIA','GA','1120 LANEY WALKER BLVD','CB 2530, MCG','30912-2100',3),(171,0,'PHILADELPHIA','USA','DERMATOLOGY','PENNSYLVANIA','PA','UNIVERSITY OF PENNSYLVANIA,415','415 CURIE BLVD, ROOM 235 CRB','19103',3,'1556',1,NULL,NULL,NULL,'PAUL',NULL,'STEIN',NULL,'PHILADELPHIA','USA','DERMATOLOGY','PENNSYLVANIA','PA','UNIVERSITY OF PENNSYLVANIA,','415 CURIE BLVD, ROOM 235 CRB','19103',NULL,'PHILADELPHIA','USA','DERMATOLOGY','PENNSYLVANIA','PA','UNIVERSITY OF PENNSYLVANIA','415 CURE BLVD, ROOM 235 CRB','19103',3),(172,0,'PITTSBURGH','USA','MAGEE-WOMENS RES INST','UNIVERSITY OF PITTSBURGH','PA','204 CRAFT AVE','MWH 2130','15213',3,'1557',1,NULL,NULL,NULL,'GERALD',NULL,'SCHATTEN',NULL,'PITTSBURGH','USA','PITT DEV CNTR','UNIVERSITY OF PITTSBURGH','PA','204 CRAFT AVENUE','MWH 2130','15213',NULL,'PITTSBURG','USA','MAGEE WOMENS RES INST','UNIVERSITY OF PITTSBURGH','PA','PITTSBURG DEVELOPMENT CENTER','204 CRAFT AVE','15213',1),(173,0,'ATLANTA','USA','MEDICINE','MOREHOUSE SCHOOL OF MEDICINE','GA','720 WESTVIEW DRIVE, S.W.','','30310',6,'1558',1,NULL,NULL,NULL,'FELIX',NULL,'AIKHIONBARE',NULL,'ATLANTA','USA','MEDICINE','MOREHOUSE SCHOOL OF MEDICINE','GA','720 WESTVIEW DRIVE, S.W.','','30310',NULL,'ATLANTA','USA','MEDICINE','MOREHOUSE SCHOOL OF MEDICINE','GA','720 WESTVIEW DRIVE, S.W.','RM MED 324','30310-1495',3),(174,0,'NORFOLK','USA','MICRO & MOLEC. CELL BIOLOGY','EASTERN VA MEDICAL SCHOOL','VA','LEWIS HALL, 700 W. OLNEY RD','ROOM 3141, PO BOX 1980','23507-1696',5,'1560',1,NULL,NULL,NULL,'O. JOHN',NULL,'SEMMES',NULL,'NORFOLK','USA','MICRO & MOLEC. CELL BIOLOGY','EASTERN VA MEDICAL SCHOOL','VA','LEWIS HALL, 700 W. OLNEY RD','ROOM 3141, PO BOX 1980','23507-1696',NULL,'NORFOLK','USA','MICRO & MOLEC. CELL BIOLOGY','EASTERN VA MEDICAL SCHOOL','VA','LEWIS HALL, 700 W. OLNEY RD','ROOM 3014','23507-1696',1),(175,0,'BOSTON','USA','HEMATOLOGY/ONCOLOGY','BETH ISRAEL DEACONESS MEDICAL CENTER','MA','330 BROOKLINE AVENUE','NRB 1030L','2215',3,'1563',1,NULL,NULL,NULL,'MARK',NULL,'EXLEY',NULL,'BOSTON','USA','HEMATOLOGY/ONCOLOGY','BETH ISRAEL DEACONESS MEDICAL CENTER','MA','330 BROOKLINE AVENUE','','2215',NULL,'BOSTON','USA','HEMATOLOGY/ONCOLOGY','BETH ISRAEL DEACONESS MEDICAL CENTER','MA','HIM 1043','77 AVENUE LOUIS PASTEUR','2115',1),(176,0,'PHILADELPHIA','USA','NEUROSURGERY/NEUROONCOLOGY','CHILDRENS HOSPITAL OF PHILADELPHIA','PA','34TH & CIVIC CTR. BLVD.','RM 515G JOSEPH STOKES RES. INS','19104',3,'1564',1,NULL,NULL,NULL,'DAMODARA',NULL,'REDDY',NULL,'PHILADELPHIA','USA','NEUROSURGERY/NEUROONCOLOGY','CHILDRENS HOSPITAL OF PHILADELPHIA','PA','RM 515G JOSEPH STOKES','RESEARCH INSTITUTE','19104',NULL,'PHILADELPHIA','USA','NEUROSURGERY/NEUROONCOLOGY','CHILDRENS HOSPITAL OF PHILADELPHIA','PA','34TH & CIVIC CTR BLVD.','RM 515G JOSEPH STOKES RES. INS','19104',3),(177,0,'WYNNEWOOD','USA','ACCOUNTS PAYABLE','LANDENAU INST. FOR MED. RESEARCH','PA','PO BOX 12609','','19096',3,'1565',1,NULL,NULL,NULL,'LISA',NULL,'LAURY-KLEINTOP',NULL,'WYNNEWOOD','USA','','LANKENAU INST. FOR MED. RES.','PA','100 LANCASTER AVE.','RM 232','19096',NULL,'WYNNEWOOD','USA','','LANKENAU INST. FOR MED. RESEARCH','PA','100 LANCASTER AVE','RM 232','19096',1),(178,0,'BATON ROUGE','USA','COMPARATIVE BIOMEDICAL SCIENCE','LOUISIANA STATE UNIVERSITY','LA','SKIP BERTMAN DRIVE','ROOM 2522','70803',6,'1569',1,NULL,NULL,NULL,'DARIO',NULL,'MARCHETTI',NULL,'BATON ROUGE','USA','COMPARATIVE BIOMEDICAL SCIENCE','LOUISIANA STATE UNIVERSITY','LA','SKIP BERTMAN DRIVE','ROOM 2522','70803',NULL,'BATON ROUGE','USA','COMPARATIVE BIOMEDICAL SCIENCE','LOUISIANA STATE UNIVERSITY','LA','SKIP BERTMAN DRIVE','ROOM 2522','70803',3),(179,0,'HOUSTON','USA','ACCOUNTS PAYABLE','M.D.ANDERSON CANCER CTR.','TX','P.O.BOX 301401','','77230',6,'1578',1,NULL,NULL,NULL,'SAI-CHING',NULL,'YEUNG',NULL,'HOUSTON','USA','GENERAL INTERNAL MEDICINE','UNIV. OF TEXAS-M.D. ANDERSON CANCER CT','TX','1515 HOLCOMBE BLVD.','P.O BOX 437','77030',NULL,'HOUSTON','USA','GENERAL INTERNAL MEDICINE','UNIV. OF TEXAS-M.D. ANDERSON CANCER CT','TX','1515 HOLCOMBE BLVD.','LAB ROOM # Y55819','77030',1),(180,0,'NEW ORLEANS','USA','CBR','TULANE UNIVERSITY','LA','1430 TULANE AVENUE, SL-3','','70112',6,'1579',1,NULL,NULL,NULL,'JOHN',NULL,'MCLACHLAN',NULL,'NEW ORLEANS','USA','CBR','TULANE UNIVERSITY','LA','1430 TULANE AVENUE, SL-3','','70112',NULL,'NEW ORLEANS','USA','','TULANE UNIVERSITY','LA','JBJ BUILDING, RM 322A','333 S. LIBERTY STREET','70112',3),(181,0,'LA JOLLA','USA','DISBURSEMENTS DIVISION','UCSD MEDICAL CENTER','CA','9500 GILMAN DR.','MAIL CODE 0955','92093-0955',4,'1580',1,NULL,NULL,NULL,'JASON',NULL,'YUAN',NULL,'LA JOLLA','USA','MEDICINE','UCSD MEDICAL CENTER','CA','9500 GILMAN DRIVE','MAIL CODE 0725','92093-0725',NULL,'LA JOLLA','USA','','UCSD','CA','9500 GILMAN DRIVE','MTF RM 253','92093-0725',3),(182,0,'PHILADELPHIA','USA','DEPT. OF MEDICINE','UNIVERSITY OF PENNSYLVANIA','PA','415 CURIE BLVD. ; CRB RM. 6','GASTROENTEROLOGY DIVISION','19104-6140',3,'1581',1,NULL,NULL,NULL,'ANIL',NULL,'RUSTGI',NULL,'PHILADELPHIA','USA','DEPT. OF MEDICINE','UNIVERSITY OF PENNSYLVANIA','PA','415 CURIE BLVD. ; CRB RM. 600A','GASTROENTEROLOGY DIVISION','19104',NULL,'PHILADELPHIA','USA','DEPT. OF MEDICINE','UNIVERSITY OF PENNSYLVANIA','PA','415 CURIE BLVD. ; 640 CRB','GASTROENTEROLOGY DIVISION','19104',1),(183,0,'WYNNEWOOD','USA','LIMR - ACCOUNTS PAYABLE','LANDENAU INST. FOR MED. RESEARCH','PA','PO BOX 12609','','19096',3,'1582',1,NULL,NULL,NULL,'SUSAN',NULL,'GILMOUR',NULL,'WYNNEWOOD','USA','','LANKENAU INST. FOR MED. RESEARCH','PA','100 LANCASTER AVE. RM 131','','19096',NULL,'WYNNEWOOD','USA','','LANDENAU INST. FOR MED. RESEARCH','PA','100 LANCASTER AVE. RM 131','','19096',3),(184,0,'BUFFALO','USA','ANDROLOGY LAB','CHILDRENS HOSPITAL','NY','219 BRYANT STREET','3RD FLOOR ANNEX BLDG','14222',3,'1589',1,NULL,NULL,NULL,'LANI',NULL,'BURKMAN',NULL,'BUFFALO','USA','ANDROLOGY LAB','CHILDRENS HOSPITAL','NY','219 BRYANT STREET','BASEMENT HODGE BLDG.','14222',NULL,'BUFFALO','USA','ANDROLOGY LAB','CHILDRENS HOSPITAL','NY','219 BRYANT STREET','BASEMENT HODGE BLDG.','14222',3),(185,0,'PHILADELPHIA','USA','ACCOUNTS PAYABLE','UNIVERSITY OF PENNSYLVANIA','PA','3451 WALNUT STREET','ROOM 440 FRANKLIN BLDG','19104-6281',3,'1591',1,NULL,NULL,NULL,'NELSON',NULL,'WIVEL',NULL,'PHILADELPHIA','USA','DIV. OF MEDICAL GENETICS','UNIVERSITY OF PA SCHOOL OF MEDICINE','PA','3601 SPRUCE STREET','','19104-4268',NULL,'PHILADELPHIA','USA','MEDICINE','UNIVERSITY OF PENN SCHOOL OF MEDICINE','PA','201 WISTAR INSTITUTE','3601 SPRUCE STR','19104-4268',3),(186,0,'BETHESDA','USA','PEDIATRIC ONCOLOGY','NCI / NIH','MD','8717 GROVEMONT CIRCLE','','20892-4605',5,'1592',1,NULL,NULL,NULL,'JAVED',NULL,'KHAN',NULL,'BETHESDA','USA','PEDIATRIC ONCOLOGY','NCI / NIH ONCOGENOMICS SECTION','MD','ADVANCED TECHNOLOGY CTR, RM 134E','8717 GROVEMONT CIRCLE','20892-4605',NULL,'GAITHERSBURG','USA','PEDIATRIC ONCOLOGY','NCI/NIH','MD','ADVANCED TECH CENTER, RM 134E','8717 GROVEMONT CIRCLE','20877',3),(187,0,'ANN ARBOR','USA','ACCOUNTS RECEIVABLE','UNIVERSITY OF MICHIGAN','MI','5091 WOLVERINE TOWER','3003 S STATE ST.','48109',1,'1594',1,NULL,NULL,NULL,'THOMAS',NULL,'GIORDANO',NULL,'ANN ARBOR','USA','PATHOLOGY','UNIVERSITY OF MICHIGAN','MI','1500 EAST MEDICAL CENTER DR.','UH 2G322','48109-0054',NULL,'ANN ARBOR','USA','','UNIVERSITY OF MICHIGAN','MI','1150 W. MEDICAL CENTER DR.','C562 MSRB II','48109-0669',1),(188,0,'CLEVELAND','USA','DEPARTMENT OF MEDICINE','UNIVERSITY HOSPITALS OF CLEVELAND','OH','2061 CORNELL RD., ROOM 207','DIVISION OF RHEUMATIC DISAEASE','44106-5076',1,'1598',1,NULL,NULL,NULL,'CHARLES',NULL,'MALEMUD',NULL,'CLEVELAND','USA','DEPT. OF MEDICINE','UNIVERSITY HOSPITALS OF CLEVELAND','OH','2061 CORNELL RD., ROOM 207','DIVISION OF RHEUMATOID DISEASES','44106-5076',NULL,'CLEVELAND','USA','BIOMEDICAL RESEARCH','CASE WESTERN RESERVE','OH','2109 ADELBERT RD.','RM 1021E','44106-4946',3),(189,0,'BOSTON','USA','DERMATOLOGY','MASS GENERAL HOSP - WELLMAN LABS','MA','55 FRUIT STREET','BHX 630','2114',3,'1604',1,NULL,NULL,NULL,'RICHARD',NULL,'ANDERSON',NULL,'BOSTON','USA','DERMATOLOGY','MASS GENERAL HOSP - WELLMAN LABS','MA','55 FRUIT STREET','BHX 630','2114',NULL,'BOSTON','USA','DERMATOLOGY','MASS GENERAL HOSP - WELLMAN LABS','MA','55 FRUIT STREET','BARTLETT HALL, BHX 630','2114',3),(190,0,'MINNEAPOLIS','USA','SURGERY','UNIVERSITY OF MINNESOTA','MN','MMC 195','420 DELAWARE ST., SE','55455',1,'1608',1,NULL,NULL,NULL,'PETER',NULL,'DAHLBERG',NULL,'MINNEAPOLIS','USA','SURGERY','UNIVERSITY OF MINNESOTA','MN','MMC 207','420 DELAWARE ST., SE','55455',NULL,'MINNEAPOLIS','USA','SURGICAL SCIENCES LAB','UNIVERSITY OF MINNESOTA','MN','PHILLIPS-WANGENSTEEN BLD, B150','516 DELAWARE ST., SE','55455',3),(191,0,'NEW YORK','USA','DEPT. OF RHEUMATIC DISEASE','HOSPITAL FOR JOINT DISEASES','NY','301 E. 17TH STREET','','10003',3,'161',1,NULL,NULL,NULL,'PATRICIA',NULL,'MONGINI',NULL,'NEW YORK','USA','DEPT. OF RHEUMATIC DISEASE','HOSPITAL FOR JOINT DISEASES','NY','301 E. 17TH STREET','','10003',NULL,'NEW YORK','USA','DEPT. OF RHEUMATIC DISEASE','HOSPITAL FOR JOINT DISEASES','NY','301 E. 17TH STREET','16TH FLOOR LAB','10003',1),(192,0,'BRONX','USA','ACCOUNTS PAYABLE','ALBERT EINSTEIN COLLEGE OF MEDICINE','NY','1300 MORRIS PARK AVENUE','11TH FLOOR BELFER BLDG.','10461',3,'1610',1,NULL,NULL,NULL,'CHAIM',NULL,'PUTTERMAN',NULL,'BRONX','USA','MEDICINE/RHEUMATOLOGY','ALBERT EINSTEIN COLLEGE OF MEDICINE','NY','1300 MORRIS PARK AVENUE','ULLMANN 1223','10461',NULL,'BRONX','USA','MEDICINE/RHEUMATOLOGY','ALBERT EINSTEIN COLLEGE OF MEDICINE','NY','1300 MORRIS PARK AVENUE','ULLMANN 1223','10461',1),(193,0,'BETHESDA','USA','ACCOUNTS PAYABLE','NIEHS/NIH','MD','31 CENTER DRIVE, MSC 2045','ROOM B1B32','20892',6,'1611',1,NULL,NULL,NULL,'WILLIAM',NULL,'COPELAND',NULL,'RESEARCH TRIANGLE PARK','USA','LAB OF MOLECULAR GENETICS','NIEHS/NIH','NC','111 TW ALEXANDER DRIVE','BUILDING 101, RM E316','27709',NULL,'RESEARCH TRIANGLE PARK','USA','LABORATORY OF MOLECULAR GENETI','NIEHS/NIH','NC','111 TW ALEXANDER DRIVE','BUILDING 101, RM E316','27709',3),(194,0,'SPRINGFIELD','USA','DEPARTMENT OF MMICB','SIU SCHOOL OF MEDICINE','IL','P.O. BOX 19626','ATTN: MORRIS COOPER','62794',1,'1618',1,NULL,NULL,NULL,'MORRIS',NULL,'COOPER',NULL,'SPRINGFIELD','USA','MEDICAL MICRO & IMMUNOLOGY','SOUTHERN ILLINOIS UNIVERSITY','IL','801 N RUTLEDGE','MAILCODE 9626','62702',NULL,'SPRINGFIELD','USA','MEDICAL MICRO & IMMUNOLOGY','SOUTHERN ILLINOIS UNIVERSITY','IL','825 N RUTLEDGE','SCLF2 ROOM 2618','62702',1),(195,0,'PITTSBURGH','USA','PATHOLOGY','UNIVERSITY OF PITTSBURGH','PA','S421 - BST','200 LOTHROP STREET','15261',3,'1620',1,NULL,NULL,NULL,'SATDARSHAN',NULL,'MONGA',NULL,'PITTSBURGH','USA','PATHOLOGY','UNIVERSITY OF PITTSBURGH','PA','S421 - BST','200 LOTHROP STREET','15261',NULL,'PITTSBURGH','USA','PATHOLOGY','UNIVERSITY OF PITTSBURGH','PA','S427 - BST','200 LOTHROP STREET','15261',1),(196,0,'CLEVELAND','USA','CANCER BIOLOGY','CLEVELAND CLINIC FOUNDATION','OH','9500 EUCLID AVE, NB 40-125','','44195',1,'1622',1,NULL,NULL,NULL,'ROBERT',NULL,'KIM',NULL,'CLEVELAND','USA','CANCER BIOLOGY','CLEVELAND CLINIC FOUNDATION','OH','9500 EUCLID AVE, NB 40-125','','44195',NULL,'CLEVELAND','USA','CANCER BIOLOGY','CLEVELAND CLINIC FOUNDATION','OH','9500 EUCLID AVE, NB 40-125','','44195',3),(197,0,'JEFFERSON','USA','FINANCE OFFICE (HFT-323)','NCTR','AR','3900 NCTR ROAD','','72079-9502',6,'1624',1,NULL,NULL,NULL,'FREDERICK',NULL,'BELAND',NULL,'JEFFERSON','USA','DIV. OF BIOCHEMICAL TOXICOLOGY','NATIONAL CENTER FOR TOXICOLOGICAL RESE','AR','3900 NCTR DRIVE, HFT-110','','72079',NULL,'JEFFERSON','USA','DIV. OF BIOCHEMICAL TOXICOLOGY','NATIONAL CENTER FOR TOXICOLOGICAL RESE','AR','3900 NCTR DRIVE, HFT-110','','72079',3),(198,0,'DALLAS','USA','MOLECULAR BIOLOGY 9148','THE UNIVERSITY OF TEXAS','TX','SOUTHWESTERN MED. CTR.','5323 HARRY HINES ROAD','75390-9148',6,'1625',1,NULL,NULL,NULL,'RAY',NULL,'MACDONALD',NULL,'DALLAS','USA','MOLECULAR BIOLOGY 9148','THE UNIVERSITY OF TEXAS','TX','SOUTHWESTERN MEDICAL CTR DALLAS','5323 HARRY HINES BLVD','75390-9148',NULL,'DALLAS','USA','MOLECULAR BIOLOGY','UT SOUTHWESTERN MEDICAL CTR AT DALLAS','TX','NA7.132','6000 HARRY HINES BLVD','75390-9148',1),(199,0,'PITTSBURGH','USA','PHARMACOLOGY','UNIVERSITY OF PITTSBURGH CANCER INST','PA','5117 CENTRE AVENUE','SUITE 2.32A','15213',3,'1626',1,NULL,NULL,NULL,'SHIVENDRA',NULL,'SINGH',NULL,'PITTSBURGH','USA','PHARMACOLOGY','UNIVERSITY OF PITTSBURGH CANCER INST','PA','5117 CENTRE AVENUE','SUITE 2.32A','15213',NULL,'PITTSBURGH','USA','HILLMAN CANCER CENTER','UNIVERSITY OF PITTSBURGH CANCER INST','PA','RESEARCH PAVILION','5117 CENTRE AVE. SUITE 2.32A','15213',3),(200,0,'SHREVEPORT','USA','PHARMACOLOGY','LSU HEALTH SCIENCES CENTER','LA','1501 KINGS HIGHWAY, F8-36','','71130-3932',6,'1627',1,NULL,NULL,NULL,'KENNETH',NULL,'MCMARTIN',NULL,'SHREVEPORT','USA','PHARMACOLOGY','LSU HEALTH SCIENCES CENTER','LA','1501 KINGS HIGHWAY, F8-36','','71130-3932',NULL,'SHREVEPORT','USA','PHARMACOLOGY','LSU HEALTH SCIENCES CENTER','LA','1501 KINGS HIGHWAY','ROOM F8-36','71130-3932',1),(201,0,'SAN FRANCISCO','USA','ANATOMY (AND PROGRAM IN IMMUN)','UNIV. OF CALI, SAN FRANCISCO','CA','513 PARNASSUS','RM S-1334','94143-0452',4,'1629',1,NULL,NULL,NULL,'STEVEN',NULL,'ROSEN',NULL,'SAN FRANCISCO','USA','ANATOMY (AND PROGRAM IN IMMUN)','UNIV. OF CALI, SAN FRANCISCO','CA','513 PARNASSUS','RM S-1334','94143-0452',NULL,'SAN FRANCISCO','USA','ANATOMY (AND PROGRAM IN IMMUN)','UNIV. OF CALI, SAN FRANCISCO','CA','513 PARNASSUS','RM HSW-1330C','94143-0452',3),(202,0,'BEKELEY','USA','MOLECULAR & CELL BIOLOGY','UNIVERSITY OF CALIFORNIA OF BERKELEY','CA','491 LSA','CANCER RESEARCH LAB','94720',4,'163',1,NULL,NULL,NULL,'SATYABRATA',NULL,'NANDI',NULL,'BEKELEY','USA','MOLECULAR & CELL BIOLOGY','UNIVERSITY OF CALIFORNIA OF BERKELEY','CA','491 LSA','CANCER RESEARCH LAB','94720',NULL,'BEKELEY','USA','MOLECULAR & CELL BIOLOGY','UNIVERSITY OF CALIFORNIA OF BERKELEY','CA','491 LSA','CANCER RESEARCH LAB','94720',3),(203,0,'CLEVELAND','USA','ACCOUNTS PAYABLE','CASE WESTERN RESERVE UNIVERSITY','OH','10900 EUCLID AVENUE','','44106',1,'1630',1,NULL,NULL,NULL,'EVAN',NULL,'EICHLER',NULL,'CLEVELAND','USA','GENETICS, BRB720','CASE WESTERN RESERVE UNIVERSITY','OH','10900 EUCLID AVENUE','','44106',NULL,'CLEVELAND','USA','GENETICS, BRB747A','CASE WESTERN RESERVE UNIVERSITY','OH','2109 ADELBERT ROAD','','44106',3),(204,0,'LEXINGTON','USA','PULMONARY DIV/INTERNAL MED','UNIVERSITY OF KENTUCKY','KY','800 ROSE STREET','MN 614','40536-0298',6,'1634',1,NULL,NULL,NULL,'EDWARD',NULL,'HIRSCHOWITZ',NULL,'LEXINGTON','USA','PULMONARY DIV/INTERNAL MED','UNIVERSITY OF KENTUCKY','KY','800 ROSE STREET','MN 614','40536-0298',NULL,'LEXINGTON','USA','','VA MEDICAL CENTER','KY','1101 VETERANS DRIVE','ROOM C-405','40506-0236',3),(205,0,'BETHESDA','USA','PATHOLOGY','NCI','MD','TARP LAB, ATC','MSC 4605','20892-4605',3,'1636',1,NULL,NULL,NULL,'STEPHEN',NULL,'HEWITT',NULL,'BETHESDA','USA','PATHOLOGY','NCI','MD','TARP LAB, ATC','MSC 4605','20892-4605',NULL,'GAITHERSBURG','USA','PATHOLOGY','NCI','MD','TARP LAB, ATC','8717 GROVEMONT CIRCLE','20877',3),(206,0,'PHILDELPHIA','USA','BIOLOGY','TEMPLE UNIVERSITY','PA','354 BIOLOGY LIFE SCIENCES','1900 NORTH 12TH STREET','19122',3,'1641',1,NULL,NULL,NULL,'GEORGE',NULL,'TUSZYNSKI',NULL,'PHILDELPHIA','USA','BIOLOGY','TEMPLE UNIVERSITY','PA','354 BIOLOGY LIFE SCIENCES','1900 NORTH 12TH STREET','19122',NULL,'PHILDELPHIA','USA','BIOLOGY','TEMPLE UNIVERSITY','PA','354 BIOLOGY LIFE SCIENCES','1900 NORTH 12TH STREET','19122',1),(207,0,'QUINCY','USA','','','MA','HALOGENETICS INC.','155 KENDRICK AVE. SUITE 101','2169',6,'1644',1,NULL,NULL,NULL,'SHELDON',NULL,'GREER',NULL,'MIAMI','USA','MICROBIOLOGY AND IMMUNOLOGY','UNIVERSITY OF MIAMI SCHOOL OF MEDICINE','FL','1600 N.W. 10TH AVE','R-138','33136',NULL,'MIAMI','USA','MICROBIOLOGY AND IMMUNO(R-138)','UNIVERSITY OF MIAMI SCHOOL OF MEDICINE','FL','ATTN: NICOLA','1600 N.W. 10TH AVE RM.3077A','33136',1),(208,0,'SAN DIEGO','USA','ACCOUNTS PAYABLE','LA JOLLA INSTITUTE FOR MOLECULAR MEDIC','CA','4570 EXECUTIVE DR.','SUITE 100','92122',4,'1645',1,NULL,NULL,NULL,'UGUR',NULL,'OZERDEM',NULL,'SAN DIEGO','USA','VASCULAR BIOLOGY DIVISION','LA JOLLA INSTITUTE FOR MOLECULAR MEDIC','CA','4570 EXECUTIVE DR.','SUITE 100','92122',NULL,'SAN DIEGO','USA','VASCULAR BIOLOGY DIVISION','LA JOLLA INSTITUTE FOR MOLECULAR MEDIC','CA','4570 EXECUTIVE DR.','SUITE 100','92122',1),(209,0,'LA JOLLA','USA','PEDIATRICS','UNIVERSITY OF CA AT SAN DIEGO','CA','9894 GENESSE AVE.','SUITE 225','92037',4,'1646',1,NULL,NULL,NULL,'ANTHONY',NULL,'MONTGOMERY',NULL,'LA JOLLA','USA','PEDIATRICS','UNIVERSITY OF CA AT SAN DIEGO','CA','9894 GENESSE AVE.','SUITE 225','92037',NULL,'LA JOLLA','USA','PEDIATRICS','UNIVERSITY OF CA AT SAN DIEGO','CA','9894 GENESSE AVE.','SUITE 225','92037',3),(210,0,'PHILADELPHIA','USA','ACCOUNTS PAYABLE','THE WISTAR INSTITUTE','PA','3601 SPRUCE STREET','ROOM 141','19104',3,'1648',1,NULL,NULL,NULL,'MEENHARD',NULL,'HERLYN',NULL,'PHILADELPHIA','USA','PROG. OF EXPERIMENTAL THERAPEU','WISTAR INSTITUTE','PA','3601 SPRUCE STREET','ROOM 489','19104',NULL,'PHILADELPHIA','USA','PROG. OF EXPERIMENTAL THERAPEU','THE WISTAR INSTITUTE','PA','3601 SPRUCE STREET','ROOM 489','19104',3),(211,0,'PHILA','USA','PATHOLOGY&LABORATORY MEDICINE','UNIVERSITY OF PENNSYLVANIA','PA','6 FOUNDERS, H.U.P.','36TH & SPRUCE STS.','19104',3,'1649',1,NULL,NULL,NULL,'DAVID',NULL,'ELDER',NULL,'PHILA','USA','PATHOLOGY & LAB MEDICINE','UNIVERSITY OF PENNSYLVANIA','PA','6 FOUNDERS, H.U.P.','36TH & SPRUCE STS.','19104',NULL,'PHILA','USA','PATHOLOGY&LABORATORY MEDICINE','UNIVERSITY OF PENNSYLVANIA','PA','6024 FOUNDERS','36TH & SPRUCE STS.','19104',3),(212,0,'CHAPEL HILL','USA','PATHOLOGY & LAB MEDICINE','UNIV OF NORTH CAROLINA AT CHAPEL HILL','NC','620 BRINKHOUS-BULLITT BLDG.','CB # 7525','27599-7525',6,'1655',1,NULL,NULL,NULL,'DAVID',NULL,'KAUFMAN',NULL,'CHAPEL HILL','USA','PATHOLOGY & LAB MEDICINE','UNIV OF NORTH CAROLINA AT CHAPEL HILL','NC','620 BRINKHOUS-BULLITT BLDG.','CB # 7525','27599-7525',NULL,'CHAPEL HILL','USA','PATHOLOGY & LAB MEDICINE','UNIV OF NORTH CAROLINA AT CHAPEL HILL','NC','31-347 LINEBERGER CANCER CTR','CB # 7295','27599',3),(213,0,'MEMPHIS','USA','STOUT NEUROSCIENCE LABORATORY','UNIVERSITY OF TENNESSEE HLTH SCI CTR','TN','847 MONROE AVENUE, ROOM 117','','38163',6,'1658',1,NULL,NULL,NULL,'DOMINIC',NULL,'DESIDERIO',NULL,'MEMPHIS','USA','STOUT NEUROSCIENCE LABORATORY','UNIVERSITY OF TENNESSEE HLTH SCI CTR','TN','847 MONROE AVENUE, ROOM 117','','38163',NULL,'MEMPHIS','USA','STOUT NEUROSCIENCE LABORATORY','UNIVERSITY OF TENNESSEE HLTH SCI CTR','TN','847 MONROE AVENUE, ROOM 117','','38163',3),(214,0,'RANTOUL','USA','','UNIVERSITY OF ILLINOIS','IL','INVOICE PROCESSING CENTER','P.O. BOX 820','61866',1,'1659',1,NULL,NULL,NULL,'RICHARD',NULL,'BENYA',NULL,'CHICAGO','USA','MEDICINE','UNIVERSITY OF ILLINOIS','IL','840 S.WOOD ST. ROOM 718E','','60612',NULL,'CHICAGO','USA','WEST SIDE VA','HEALTH CARE SYSTEM','IL','909 S. WOLCOTT AVE.','BULIDING COMRB, ROOM 5140','60612',3),(215,0,'DETROIT','USA','ACCOUNTS PAYABLE','WAYNE STATE UNIVERSITY','MI','PO BOX 9056','','48202',1,'1663',1,NULL,NULL,NULL,'MICHAEL',NULL,'TAINSKY',NULL,'DETROIT','USA','CANCER GENETICS','WAYNE STATE UNIVERSITY','MI','110 E. WARREN AVENUE RM 311','','48201',NULL,'DETROIT','USA','CANCER GENETICS','KARMANOS CANCER INSTITUTE','MI','110 E. WARREN AVENUE','1ST FLOOR GENETICS','48201',3),(216,0,'CHARLESTON','USA','ACCOUNTS PAYABLE','MEDICAL UNIVERSITY OF SOUTH CAROLINA','SC','MEDICAL UNIV. OF SOUTH CAROLIN','PO BOX 130010','29413-9010',5,'1667',1,NULL,NULL,NULL,'SUBBI',NULL,'MATHUR',NULL,'CHARLESTON','USA','OB/GYN','MEDICAL UNIVERSITY OF SOUTH CAROLINA','SC','96 JONATHAN LUCAS STREET','SUITE 634, PO BOX 250619','29425',NULL,'CHARLESTON','USA','OB/GYN','MEDICAL UNIVERSITY OF SOUTH CAROLINA','SC','96 JONATHAN LUCAS STREET','SUITE 634 CLINICAL SCIENCE BLD','29425',3),(217,0,'FARMINGTON','USA','ACCOUNTS PAYABLE','UNIVERSITY OF CONNECTICUT HEALTH CENTE','CT','263 FARMINGTON AVENUE','','06030-4031',3,'1668',1,NULL,NULL,NULL,'SANJAY',NULL,'MALLYA',NULL,'FARMINGTON','USA','CENTER FOR MOLECULAR MEDICINE','UNIVERSITY OF CONNECTICUT HEALTH CENTE','CT','263 FARMINGTON AVENUE','ROOM E1023','06030-3101',NULL,'FARMINGTON','USA','CENTER FOR MOLECULAR MEDICINE','UNIVERSITY OF CONNECTICUT HEALTH CENTE','CT','263 FARMINGTON AVENUE','ROOM E1023','06030-3101',3),(218,0,'STONY BROOK','USA','BIOCHEMISTRY & CELL BIOLOGY','STATE UNIVERSITY OF NEW YORK','NY','R474 LIFE SCIENCE BLDG','','11794-5215',3,'1669',1,NULL,NULL,NULL,'HAOPENG',NULL,'DUFFY',NULL,'STONY BROOK','USA','BIOCHEMISTRY & CELL BIOLOGY','STATE UNIVERSITY OF NEW YORK','NY','R474 LIFE SCIENCE BLDG','','11794-5215',NULL,'STONY BROOK','USA','BIOCHEMISTRY & CELL BIOLOGY','STATE UNIVERSITY OF NEW YORK','NY','R474 LIFE SCIENCE BLDG','','11794-5215',1),(219,0,'MONTREAL','CANADA','PEDIATRICS HEMATO-ONCOLOGY','MONTREAL CHILDRENS HOSP. RESEARCH INST','PQ','4060 STE CATHERINE WEST','PT-239','H3Z-2Z3',5,'1672',1,NULL,NULL,NULL,'NADA',NULL,'JABADO',NULL,'MONTREAL','CANADA','PEDIATRICS HEMATO-ONCOLOGY','MONTREAL CHILDRENS HOSP. RESEARCH INST','PQ','4060 STE CATHERINE WEST','PT-239','H3Z-2Z3',NULL,'MONTREAL','CANADA','PEDIATRICS HEMATO-ONCOLOGY','MONTREAL CHILDRENS HOSP. RESEARCH INST','PQ','4060 STE CATHERINE WEST','PT-239','H3Z-2Z3',1),(220,0,'BOSTON','USA','PEDIATRIC ONCOLOGY','DANA-FARBER CANCER INSTITUTE','MA','44 BINNEY ST.','DANA BUILDING ROOM 640','2115',5,'1673',1,NULL,NULL,NULL,'TODD',NULL,'GOLUB',NULL,'BOSTON','USA','PEDIATRIC ONCOLOGY','DANA-FARBER CANCER INSTITUTE','MA','44 BINNEY ST.','DANA BUILDING ROOM 640','2115',NULL,'BOSTON','USA','PEDIATRIC ONCOLOGY','DANA-FARBER CANCER INSTITUTE','MA','44 BINNEY ST.','DANA BUILDING ROOM 640','2115',1),(221,0,'HOUSTON','USA','ACCOUNTS PAYABLE','BAYLOR COLLEGE OF MEDICINE','TX','TEXAS CHILDRENS HOSPITAL','MC 4-4293, P.O. BOX 3000327','77230',5,'1674',1,NULL,NULL,NULL,'KWONG-KWOK',NULL,'WONG',NULL,'HOUSTON','USA','TEXAS CHILDRENS HOSPITAL, CANC','BAYLOR COLLEGE OF MEDICINE','TX','1102 BATES STREET, FEIGIN CENTER','ROOM 1030.09','77030',NULL,'HOUSTON','USA','TEXAS CHILDRENS HOSPITAL, CANC','BAYLOR COLLEGE OF MEDICINE','TX','1102 BATES STREET, FEIGIN CENT','ROOM 1030.09','77030',1),(222,0,'ROCHESTER','USA','','','NY','1325 MOUNT HOPES AVENUE','','14620',5,'1675',1,NULL,NULL,NULL,'YIN',NULL,'SUN',NULL,'ROCHESTER','USA','BIOMEDICAL GENETICS','UNIV. OF ROCHESTER SCHL. OF MED. & DEN','NY','601 ELMWOOD AVE','BLDG. KMRB ROOM # 2-9852','14642',NULL,'ROCHESTER','USA','BIOMEDICAL GENETICS','UNIV. OF ROCHESTER SCHL. OF MED. & DEN','NY','601 ELMWOOD AVE','BOX 633','14642',1),(223,0,'HUNTINGTON','USA','BYRD BIOTECH SCIENCE BLDG','MARSHALL UNIV. RESEARCH CORP.','WV','1700 THIRD AVENUE','','25701',1,'1677',1,NULL,NULL,NULL,'LAURA',NULL,'RICHARDSON',NULL,'HUNTINGTON','USA','DEPT OF ANATOMY & PATHOLOGY','MARSHALL UNIVERSITY','WV','BIOTECHNOLOGY SCIENCE CENTER RM310','1700 3RD AVE','25755',NULL,'HUNTINGTON','USA','DEPT OF ANATOMY & PATHOLOGY','MARSHALL UNIVERSITY','WV','BIOTECHNOLOGY SCIENCE CENTER','RM 336M, 1700 3RD AVE','25755',3),(224,0,'HOUSTON','USA','PATHOLOGY','TEXAS CHILDRENS HOSPITAL','TX','6621 FANNIN STREET','MC:1-2261','77030-2399',6,'1678',1,NULL,NULL,NULL,'DOLORES',NULL,'LOPEZ-TERRADA',NULL,'HOUSTON','USA','PATHOLOGY','TEXAS CHILDRENS HOSPITAL','TX','6621 FANNIN STREET','MC:1-2261','77030-2399',NULL,'HOUSTON','USA','PATHOLOGY','TEXAS CHILDRENS HOSPITAL','TX','6621 FANNIN STREET','MC:1-2261','77030-2399',1),(225,0,'RALEIGH','USA','MOLECULAR BIOMEDICAL SCIENCES','NORTH CAROLINA STATE UNIVERSITY','NC','4700 HILLSBOROUGH STREET','','27606-1428',6,'1682',1,NULL,NULL,NULL,'JORGE',NULL,'PIEDRAHITA',NULL,'RALEIGH','USA','MOLECULAR BIOMEDICAL SCIENCES','NORTH CAROLINA STATE UNIVERSITY','NC','617 HUTTON STREET','SUITE 101','27606',NULL,'RALEIGH','USA','MOLECULAR BIOMEDICAL SCIENCES','NORTH CAROLINA STATE UNIVERSITY','NC','620 HUTTON STREET','SUITE 101','27606',3),(226,0,'CHARLESTOWN','USA','ACCOUNTS PAYABLE','','MA','PARTNERS HEALTHCARE SYSTEM','P.O. BOX 9127','02129-9127',3,'1683',1,NULL,NULL,NULL,'RAKESH',NULL,'JAIN',NULL,'BOSTON','USA','RADIATION ONCOLOGY','MASSACHUSETTS GEN. HOSP/HARVARD MED SC','MA','MASSACHUSETTS GENERAL HOSPITAL','RADIATION ONCOLOGY-COX-7;FRIUT ST.','2114',NULL,'BOSTON','USA','RADIATION ONCOLOGY','MASSACHUSETTS GEN. HOSP/HARVARD MED SC','MA','MASSACHUSETTS GENERAL HOSPITAL','RADIATION ONCOLOGY-COX-7;FRIUT','2114',3),(227,0,'NORTH DARTMOUTH','USA','CHEMISTRY & BIOCHEMISTRY','UNIVERSITY OF MASSACHUSETTS, DARTMOUTH','MA','285 OLD WESTPORT RD, RM 307','GROUP II(SCIENCE & ENG. BLDG)','2747',3,'1684',1,NULL,NULL,NULL,'EMMANUEL',NULL,'OJADI',NULL,'NORTH DARTMOUTH','USA','CHEMISTRY & BIOCHEMISTRY','UNIVERSITY OF MASSACHUSETTS, DARTMOUTH','MA','285 OLD WESTPORT RD, RM 307','GROUP II(SCIENCE & ENG. BLDG)','2747',NULL,'NORTH DARTMOUTH','USA','CHEMISTRY & BIOCHEMISTRY','UNIVERSITY OF MASSACHUSETTS, DARTMOUTH','MA','285 OLD WESTPORT RD, RM 307','GROUP II(SCIENCE & ENG. BLDG)','2747',3),(228,0,'PISCATAWAY','USA','CELL BIOLOGY & NEUROSCIENCE','RUTGERS UNIVERSITY','NJ','604 ALLISON RD','NELSON BIOLOGY LAB. RM D-251','8854',3,'1687',1,NULL,NULL,NULL,'RICK',NULL,'COHEN',NULL,'PISCATAWAY','USA','CELL BIOLOGY & NEUROSCIENCE','RUTGERS UNIVERSITY','NJ','604 ALLISON RD','NELSON BIOLOGY LAB. RM D-251','8854',NULL,'PISCATAWAY','USA','CELL BIOLOGY & NEUROSCIENCE','RUTGERS UNIVERSITY','NJ','604 ALLISON RD','NELSON BIOLOGY LAB. RM D-251','8854',1),(229,0,'GRAND RAPIDS','USA','CENTER FOR CANCER AND CELL BIO','VAN ANDEL RESEARCH INSTITUTE','MI','','333 BOSTWICK AVENUE','49503',1,'1688',1,NULL,NULL,NULL,'NICHOLAS',NULL,'DUESBERY',NULL,'GRAND RAPIDS','USA','SPIN-ACCML','VAN ANDEL RESEARCH INSTITUTE','MI','HISTOPATHOLOGY-ACMML','333 BOSTWICK AVENUE','49503',NULL,'GRAND RAPIDS','USA','CENTER FOR CANCER AND CELL BIO','VAN ANDEL RESEARCH INSTITUTE','MI','333 BOSTWICK AVENUE','333 BOSTWICK AVENUE','49503',1),(230,0,'MIAMI','USA','RADIATION ONCOLOGY','UNIVERSITY OF MIAMI, SCHOOL OF MEDICIN','FL','1550 NW 10TH AVE','PAP 117','33136',6,'1689',1,NULL,NULL,NULL,'AWTAR',NULL,'KRISHAN',NULL,'MIAMI','USA','RADIATION ONCOLOGY','UNIVERSITY OF MIAMI, SCHOOL OF MEDICIN','FL','1550 NW 10TH AVE','PAP 117','33136',NULL,'MIAMI','USA','RADIATION ONCOLOGY','UNIVERSITY OF MIAMI, SCHOOL OF MEDICIN','FL','1550 NW 10TH AVE','PAP 117','33136',3),(231,0,'CAMBRIDGE','USA','BIOLOGY/CENTER FOR CANCER RES.','MASSACHUSETTS INSTITUTE OF TECH','MA','E18.576 CTR FOR CANC RES. @ MA','INST. OF TECH, 40 AMES ST.','2139',3,'1690',1,NULL,NULL,NULL,'MICHAEL',NULL,'YAFFE',NULL,'CAMBRIDGE','USA','BIOLOGY/CENTER FOR CANCER RES.','MASSACHUSETTS INSTITUTE OF TECH','MA','E18.576 CTR FOR CANCER RES. @ MIT','40 AMES STREET','2139',NULL,'CAMBRIDGE','USA','BIOLOGY/CENTER FOR CANCER RES.','MASSACHUSETTS INSTITUTE OF TECH','MA','E18.576 CTR FOR CANC RES. @ MA','INST. OF TECH, 40 AMES ST.','2139',1),(232,0,'COLUMBUS','USA','FINANCE','COLUMBUS CHILDRENS HOSPITAL','OH','700 CHILDRENS DRIVE','','43205',5,'1691',1,NULL,NULL,NULL,'JULIE',NULL,'GASTIER-FOSTER',NULL,'COLUMBUS','USA','','COLUMBUS CHILDRENS HOSPITAL','OH','700 CHILDRENS DRIVE, ROOM WA 5012','','43205',NULL,'COLUMBUS','USA','','COLUMBUS CHILDRENS HOSPITAL','OH','700 CHILDRENS DRIVE','WA 1340','43205',1),(233,0,'VALHALLA','USA','CANCER ETIOLOGY AND PREVENTION','INSTITUTE OF CANCER PREVENTION','NY','1 DANA RD','','10595',3,'1692',1,NULL,NULL,NULL,'BOGDAN',NULL,'PROKOPCZYK',NULL,'VALHALLA','USA','CANCER ETIOLOGY AND PREVENTION','INSTITUTE OF CANCER PREVENTION','NY','1 DANA RD','','10595',NULL,'VALHALLA','USA','CANCER ETIOLOGY AND PREVENTION','INSTITUTE OF CANCER PREVENTION','NY','1 DANA RD','','10595',3),(234,0,'POTSDAM','USA','BIOLOGY','CLARKSON UNIVERSITY','NY','RM 210 SCIENCE CENTER,','8 CLARKSON AVE, BOX 5805','13699',3,'1693',1,NULL,NULL,NULL,'CRAIG',NULL,'WOODWORTH',NULL,'POTSDAM','USA','BIOLOGY','CLARKSON UNIVERSITY','NY','8 CLARKSON AVENUE','','13699',NULL,'POTSDAM','USA','BIOLOGY','CLARKSON UNIVERSITY','NY','8 CLARKSON AVENUE','','13699',1),(235,0,'STRATFORD','USA','MOLECULAR BIOLOGY','SCIENCE CENTER ( UMDNJ-SOM)','NJ','OFFICE B-307, LAB B-330-335','2 MEDICAL CENTER DRIVE','8084',3,'1694',1,NULL,NULL,NULL,'GARY',NULL,'GOLDBERG',NULL,'STRATFORD','USA','MOLECULAR BIOLOGY','SCIENCE CENTER','NJ','OFFICE B307; LABS B330-335','2 MEDICAL CENTER DRIVE','8084',NULL,'STRATFORD','USA','MOLECULAR BIOLOGY','SCIENCE CENTER( UMDNJ-SOM)','NJ','2 MEDICAL CENTER DRIVE','OFFICE B-307; LABS B 330-335','8084',3),(236,0,'GRAND RAPIDS','USA','LABORATORY OF MOLECULAR ONCOLO','VAN ANDEL RESEARCH INSTITUTE','MI','333 BOSTWICK AVE. NE','ATTN.: ANGIE LAWRENCE','49503',1,'1695',1,NULL,NULL,NULL,'GEORGE',NULL,'VANDEWOUDE',NULL,'GRAND RAPIDS','USA','LABORATORY OF MOLECULAR ONCOLO','VAN ANDEL RESEARCH INSTITUTE','MI','333 BOSTWICK AVE. NE','','49503',NULL,'GRAND RAPIDS','USA','LABORATORY OF MOLECULAR ONCOLO','VAN ANDEL RESEARCH INSTITUTE','MI','333 BOSTWICK AVE. NE','','49503',3),(237,0,'PITTSBURGH','USA','ACCOUNTS PAYABLE','MAGEE WOMENS HEALTH CORPORATION','PA','ATTN. CLAIRE GUENIN','3339 WARD STREET','15213',6,'1696',1,NULL,NULL,NULL,'JULIE',NULL,'DELOIA',NULL,'PITTSBURGH','USA','OB/GYN& REP SCI & CELL & BIOLO','THE UNIV. OF PITTSBURGH MEDICAL SCHOOL','PA','204 CRAFT AVENUE','ROOM 420','15213',NULL,'PITTSBURGH','USA','OB/GYN& REP SCI & CELL & BIOLO','THE UNIV. OF PITTSBURGH MEDICAL SCHOOL','PA','204 CRAFT AVENUE','ROOM 420','15213',1),(238,0,'SEATTLE','USA','PATHOLOGY','UNIV. OF WASH. SCH. OF MED.','WA','1959 N.E. PACIFIC STREET','F-524HSB BOX 357470','98195',4,'1697',1,NULL,NULL,NULL,'KAREN',NULL,'SWISSHELM',NULL,'SEATTLE','USA','PATHOLOGY','UNIV. OF WASH. SCH. OF MED.','WA','1959 N.E. PACIFIC STREET','F-524HSB BOX 357470','98195',NULL,'SEATTLE','USA','PATHOLOGY','UNIV. OF WASH. SCH. OF MED.','WA','1959 N.E. PACIFIC STREET','D-515 HSB BOX 357470','98195',3),(239,0,'NASHVILLE','USA','PATHOLOGY','VUMC','TN','23RD AND PIERCE AVE','4918-B TVC','37232-6838',4,'1698',1,NULL,NULL,NULL,'MELINDA',NULL,'SANDERS',NULL,'NASHVILLE','USA','PATHOLOGY','VANDERBILT UNIVERSITY MEDICAL CENTER','TN','1161 21ST AVE SOUTH','C2310 MCN','37232',NULL,'NASHVILLE','USA','PATHOLOGY','VUMC','TN','22ND AVE SOUTH AND PIERCE','4918 TVC BLDG','37232',1),(240,0,'DAVIS','USA','CCRBM','UNIVERSITY OF CALIFORNIA AT DAVIS','CA','BLDG. SURGE 1, ROOM 1121,','1 SHIELDS AVENUE','95616',4,'170',1,NULL,NULL,NULL,'REEN',NULL,'WU',NULL,'DAVIS','USA','CCRBM','UNIVERSITY OF CALIFORNIA AT DAVIS','CA','BLDG. SURGE 1, ROOM 1121, CCRBM,','1 SHIELDS AVENUE','95616',NULL,'DAVIS','USA','CCRBM','UNIVERSITY OF CALIFORNIA AT DAVIS','CA','BLDG. GBSF, ROOM 6510','1 SHIELDS AVENUE','95616',3),(241,0,'HOUSTON','USA','BIOENGINEERING','RICE UNIVERSITY','TX','MS 142','6100 MAIN STREET, KECK 116','77005',1,'1700',1,NULL,NULL,NULL,'KATHRYN',NULL,'GRANDE-ALLEN',NULL,'HOUSTON','USA','BIOENGINEERING SCEINCE','RICE UNIVERSITY','TX','MS 142','6100 MAIN STREET, KECK 116','77005',NULL,'HOUSTON','USA','BIOENGINEERING','RICE UNIVERSITY','TX','MS 142','6500 MAIN STREET','77030',1),(242,0,'BLOOMINGTON','USA','OPTOMETRY','INDIANA UNIVERSITY','IN','OPTOMETRY 307','800 EAST ATWATER','47405',1,'1701',1,NULL,NULL,NULL,'JOSEPH',NULL,'BONANNO',NULL,'BLOOMINGTON','USA','OPTOMETRY','INDIANA UNIVERSITY','IN','800 E. ATWATER AVENUE','ROOM # 307','47405',NULL,'BLOOMINGTON','USA','OPTOMETRY','INDIANA UNIVERSITY','IN','800 E. ATWATER AVENUE','ROOM #407','47405',3),(243,0,'COLUMBUS','USA','','','OH','1925 COFFEY ROAD','','43210',1,'1702',1,NULL,NULL,NULL,'JUN',NULL,'LIU',NULL,'COLUMBUS','USA','VETERINARY BIOSCIENCES','THE OHIO STATE UNIVERSITY','OH','1925 COFFEY ROAD','GROSS LAB- ROOM 213','43210',NULL,'COLUMBUS','USA','VETERINARY BIOSCIENCES','THE OHIO STATE UNIVERSITY','OH','1925 COFFEY ROAD','GROSS LAB- ROOM 213','43210',3),(244,0,'KENY','USA','BIOLOGICAL SCIENCES','KENT STATE UNIVERSITY','OH','CUNNIGHAM HALL','','44240',1,'1703',1,NULL,NULL,NULL,'P',NULL,'BAGAVANDOSS',NULL,'CANTON','USA','BIOLOGICAL SCIENCES','KENT STATE UNIVERSITY','OH','6000 FRANK AVENUE NW','CANTON- OHIO','44720',NULL,'KENT','USA','BIOLOGICAL SCIENCES','KENT STATE UNIVERSITY','OH','CUNNIGHAM HALL','','44240',3),(245,0,'MIAMI SHORES','USA','PURCHASING/ACCTS PAYABLE','BARRY UNIVERSITY','FL','11300 NE 2ND AVENUE','','33161-6695',6,'1704',1,NULL,NULL,NULL,'ALLEN',NULL,'SMITH',NULL,'MIAMI SHORES','USA','SCHOOL OF GRADUATE MEDICAL SCI','BARRY UNIVERSITY','FL','SGMS - WIEGAND HALL','11300 NE 2ND AVENUE','33161-6695',NULL,'MIAMI SHORES','USA','SCHOOL OF GRADUATE MEDICAL SCI','BARRY UNIVERSITY','FL','SGMS - WIEGAND HALL','11300 NE 2ND AVENUE','33161-6695',1),(246,0,'BUFFALO','USA','CANCER GENETICS','ROSWELL PARK CANCER INSTITUTE','NY','ELM & CARLTON STS','RM# 247','14263',3,'1705',1,NULL,NULL,NULL,'KESHAV',NULL,'SINGH',NULL,'BUFFALO','USA','CANCER GENETICS','ROSWELL PARK CANCER INSTITUTE','NY','ELM & CARLTON STS','RM# 247','14263',NULL,'BUFFALO','USA','CANCER GENETICS BLDG C&V','ROSWELL PARK CANCER INSTITUTE','NY','ELM & CARLTON STS','RM# 246','14263',3),(247,0,'NASHVILLE','USA','SURGERY','VANDERBILT UNIVERSITY SCHOOL OF MEDICI','TN','465 21ST AVE. SOUTH','MRB III RM. 4160A','37232',4,'1706',1,NULL,NULL,NULL,'JAMES',NULL,'GOLDENRING',NULL,'NASHVILLE','USA','SURGERY','VANDERBILT UNIVERSITY SCHOOL OF MEDICI','TN','465 21ST AVE. SOUTH','MRB III RM. 4160A','37232',NULL,'NASHVILLE','USA','SURGERY','VANDERBILT UNIVERSITY SCHOOL OF MEDICI','TN','465 21ST AVE. SOUTH','MRB III RM. 4154','37232',3),(248,0,'BETHESDA','USA','ACCOUNTS PAYABLE','NIH','MD','9000 ROCKVILLE PIKE','BLDG 31','20892',2,'1707',1,NULL,NULL,NULL,'MARK',NULL,'SIMPSON',NULL,'BETHESDA','USA','CMPU','NIH,NCI,CCR','MD','CONVENT DRIVE, BLDG 37','ROOM 1E-18','20892',NULL,'BETHESDA','USA','CMPU','NIH,NCI,CCR','MD','CONVENT DRIVE, BLDG 37','ROOM 1E-18','20892',3),(249,0,'LOUISVILLE','USA','BIOCHEMISTRY & MOLECULAR BIOLO','UNIVERSITY OF LOUISVILLE SCHOOL OF MED','KY','319 ABRAHAM FLEXNER WAY','ROOM 716, BLDG 55A','40292',6,'1708',1,NULL,NULL,NULL,'RUSSELL',NULL,'PROUGH',NULL,'LOUISVILLE','USA','BIOCHEMISTRY & MOLECULAR BIOLO','UNIVERSITY OF LOUISVILLE SCHOOL OF MED','KY','319 ABRAHAM FLEXNER WAY','ROOM 716, BLDG 55A','40292',NULL,'LOUISVILLE','USA','BIOCHEMISTRY & MOLECULAR BIOLO','UNIVERSITY OF LOUISVILLE SCHOOL OF MED','KY','319 ABRAHAM FLEXNER WAY','ROOM 716, BLDG 55A','40292',1),(250,0,'BOSTON','USA','PEDIATRIC ONCOLOGY','DANA-FARBER CANCER INSTITUTE','MA','MAYER 630','44 BINNEY STREET','2115',5,'1709',1,NULL,NULL,NULL,'A. THOMAS',NULL,'LOOK',NULL,'BOSTON','USA','PEDIATRIC ONCOLOGY','DANA-FARBER CANCER INSTITUTE','MA','MAYER 630','44 BINNEY STREET','2115',NULL,'BOSTON','USA','PEDIATRIC ONCOLOGY','DANA-FARBER CANCER INSTITUTE','MA','MAYER 630','44 BINNEY STREET','2115',3),(251,0,'NEW YORK','USA','LAB OF VIRAL IMMUNOBIOLOGY','THE ROCKEFELLER UNIVERSITY','NY','1230 YORK AVENUE','BOX#390','10021',3,'1710',1,NULL,NULL,NULL,'CHRISTIAN',NULL,'MUNZ',NULL,'NEW YORK','USA','LAB OF VIRAL IMMUNOBIOLOGY','THE ROCKEFELLER UNIVERSITY','NY','1230 YORK AVENUE','BOX #390','10021',NULL,'NEW YORK','USA','LAB OF VIRAL IMMUNOBIOLOGY','THE ROCKEFELLER UNIVERSITY','NY','1230 YORK AVENUE','BOX# 390','10021',1),(252,0,'JEFFERSON','USA','DIV. OF GENETIC & REPRO/TOXI','NATIONAL CENTER FOR TOXICOLOGICAL RES.','AR','3900 NCTR RD.','HFT-120','72079',6,'1712',1,NULL,NULL,NULL,'BARBARA',NULL,'PARSONS',NULL,'JEFFERSON','USA','DIV. OF GENETIC & REPRO/TOXI','NATIONAL CENTER FOR TOXICOLOGICAL RES.','AR','3900 NCTR RD.','HFT-120','72079',NULL,'JEFFERSON','USA','ENVIRON SAFETY & HEALTH','NATIONAL CENTER FOR TOXICOLOGICAL RES.','AR','3900 NCTR RD.','HFT-002','72079',3),(253,0,'NEW HAVEN','USA','MEDICINE','YALE UNIVERSITY SCHOOL OF MEDICINE','CT','333 CEDAR STREET','NSB 287','6520',3,'1714',1,NULL,NULL,NULL,'JOHN',NULL,'MURREN',NULL,'NEW HAVEN','USA','MEDICINE','YALE UNIVERSITY SCHOOL OF MEDICINE','CT','333 CEDAR STREET','NSB 287','6520',NULL,'NEW HAVEN','USA','MEDICAL ONCLOGY','YALE UNIVERSITY SCHOOL OF MEDICINE','CT','333 CEDAR STREET','NSB 287','06520-8032',1),(254,0,'BIRMINGHAM','USA','NEUROBIOLOGY','UAB','AL','1719 SIXTH AVENUE SOUTH','CIRC ROOM 545','35294',6,'1716',1,NULL,NULL,NULL,'HARALD',NULL,'SONTHEIMER',NULL,'BIRMINGHAM','USA','NEUROBIOLOGY','UAB','AL','1719 SIXTH AVENUE SOUTH','CIRC ROOM 545','35294',NULL,'BIRMINGHAM','USA','NEUROBIOLOGY','UAB','AL','1719 SIXTH AVENUE SOUTH','CIRC ROOM 425','35294',3),(255,0,'NEW YORK','USA','ULTRAFAST SPECTROSCOPY & LASER','THE CITY COLLEGE OF NEW YORK','NY','138TH STREET & CONVENT AVENUE','MR 201','10031',3,'1717',1,NULL,NULL,NULL,'ROBERT',NULL,'ALFANO',NULL,'NEW YORK','USA','ULTRAFAST SPECTROSCOPY & LASER','CITY COLLEGE OF NEW YORK','NY','J201 SCIENCE BLDG','IUSL / DEPT PHYSICS','10031',NULL,'NEW YORK','USA','ULTRAFAST SPECTROSCOPY LASERS','CITY COLLEGE OF NEW YORK','NY','J201 SCIENCE BLDG','IUSL / DEPT PHYSICS','10013',3),(256,0,'LOS ANGELES','USA','','UCLA/VAGLAHS','CA','ACCOUNTS PAYABLE','10920 WILSHIRE BLVD. 5TH FLOOR','90024-6502',4,'1718',1,NULL,NULL,NULL,'ERI',NULL,'SRIVATSAN',NULL,'LOS ANGELES','USA','DEPT OF SURGERY','UCLA/VAGLAHS','CA','BLDG 304, RM E-2-218 VAMC','11301 WILSHIRE BLVD','90073',NULL,'LOS ANGELES','USA','DEPT OF SURGERY','UCLA/VAGLAHS','CA','BLDG 304, RM E-2-218 VAMC','11301 WILSHIRE BLVD','90073',3),(257,0,'COLUMBUS','USA','PEDIATRICS','COLUMBUS CHILDRENS RESEARCH INSTITUTE','OH','700 CHILDREN DRIVE, WEXNER ANN','ROOM WA 2014','43205',1,'1721',1,NULL,NULL,NULL,'KIRK',NULL,'MCHUGH',NULL,'COLUMBUS','USA','PEDIATRICS','COLUMBUS CHILDRENS RESEARCH INSTITUTE','OH','700 CHILDREN DRIVE, WEXNER ANNEX','ROOM WA 2014','43205',NULL,'COLUMBUS','USA','PEDIATRICS','COLUMBUS CHILDRENS RESEARCH INSTITUTE','OH','700 CHILDREN DRIVE, WEXNER ANN','ROOM WA 2014','43205',3),(258,0,'PITTSBURGH','USA','SURGERY','UNIVERSITY OF PITTSBURGH','PA','497 SCAIFE HALL','3550 TERRACE STREET','15261',3,'1723',1,NULL,NULL,NULL,'STEVEN',NULL,'HUGHES',NULL,'PITTSBURGH','USA','SURGERY','UNIVERSITY OF PITTSBURGH','PA','497 SCAIFE HALL','3550 TERRACE STREET','15261',NULL,'PITTSBURGH','USA','HILLMAN CANCER CENTER','UNIVERSITY OF PITTSBURGH','PA','RESEARCH PAVILLION,RM 2.18B','5117 CENTRE AVENUE','15213',1),(259,0,'JACKSONVILLE','USA','BASIC CANCER RESEARCH','MAYO CLINIC','FL','4500 SAN PABLO ROAD','GRIFFIN BLDG, ROOM 341B','32224',4,'1724',1,NULL,NULL,NULL,'JOHN',NULL,'COPLAND',NULL,'JACKSONVILLE','USA','BASIC CANCER RESEARCH','MAYO CLINIC','FL','4500 SAN PABLO ROAD','GRIFFIN BLDG, ROOM 309','32224',NULL,'JACKSONVILLE','USA','BASIC CANCER RESEARCH','MAYO CLINIC','FL','4500 SAN PABLO ROAD','GRIFFIN BLDG, ROOM 341B','32224',1),(260,0,'PHILADELPHIA','USA','PATH & LAB MEDICINE','UNIVERSITY OF PENNSYLVANIA','PA','6.048 FOUNDERS BUILDING','3400 SPRUCE STREET','19104',3,'1725',1,NULL,NULL,NULL,'XIAOWEI',NULL,'XU',NULL,'PHILADELPHIA','USA','PATH & LAB MEDICINE','UNIVERSITY OF PENNSYLVANIA','PA','6 FOUNDERS BLDG','','19104',NULL,'PHILADELPHIA','USA','PATH & LAB MEDICINE','HUP','PA','6 FOUNDERS BLDG','','19104',1),(261,0,'WORCHESTER','USA','CANCER BIOLOGY','UNIVERSITY OF MASS MED SCHOOL','MA','364 PLANTATION STREET','LRB 417','1605',3,'1729',1,NULL,NULL,NULL,'LUCIA',NULL,'LANGUINO',NULL,'WORCHESTER','USA','CANCER BIOLOGY','UNIVERSITY OF MASS MED SCHOOL','MA','364 PLANTATION STREET','LRB 417','1605',NULL,'WORCHESTER','USA','CANCER BIOLOGY','LANGUINO LAB','MA','364 PLANTATION STREET','LRB 417','1605',1),(262,0,'PORT ARANSAS','USA','MARINE SCIENCE','UNIVERSITY OF TEXAS AT AUSTIN','TX','750 CHANNEL VIEW DRIVE','','78373-5015',6,'1730',1,NULL,NULL,NULL,'PETER',NULL,'THOMAS',NULL,'PORT ARANSAS','USA','MARINE SCIENCE','UNIVERSITY OF TEXAS AT AUSTIN','TX','750 CHANNEL VIEW DRIVE','','78373-5015',NULL,'PORT ARANSAS','USA','MARINE SCIENCE','UNIVERSITY OF TEXAS AT AUSTIN','TX','750 CHANNEL VIEW DRIVE','','78373-5015',1),(263,0,'PHILADELPHIA','USA','MEDICINE','UNIVERSITY OF PENNSYLVANIA','PA','3400 SPRUCE STREET','1 MALONEY BUILDING','19104',3,'1731',1,NULL,NULL,NULL,'MICHAEL',NULL,'CRUTCHLOW',NULL,'PHILADELPHIA','USA','MEDICINE','UNIVERSITY OF PENNSYLVANIA','PA','3400 SPRUCE STREET','1 MALONEY BUILDING','19104',NULL,'PHILADELPHIA','USA','MEDICINE','UNIVERSITY OF PENNSYLVANIA','PA','3400 SPRUCE STREET','1 MALONEY BUILDING','19104',1),(264,0,'WEST LAFAYETTE','USA','BASIC MEDICAL SCIENCES','PURDUE UNIVERSITY','IN','625 HARRISON ST. LYNN HALL','LYNN HALL RM#2223','47907-2026',1,'1732',1,NULL,NULL,NULL,'NAGENDRA',NULL,'PRASAD',NULL,'WEST LAFAYETTE','USA','BASIC MEDICAL SCIENCES','PURDUE UNIVERSITY','IN','625 HARRISON ST. LYNN HALL','LYNN HALL RM#2223','47907-2026',NULL,'WEST LAFAYETTE','USA','BASIC MEDICAL SCIENCES','PURDUE UNIVESITY','IN','625 HARRISON ST.','LYNN HALL RM # 1230','47907-2026',3),(265,0,'CHICAGO','USA','HEMATOLOGY/ONCOLOGY','UNIVERSITY OF ILLINOIS','IL','900 S. ASHLAND AVE.','MBRB RM# 3211, M/C 734','60608',1,'1733',1,NULL,NULL,NULL,'RAFAEL',NULL,'NUNEZ',NULL,'CHICAGO','USA','HEMATOLOGY/ONCOLOGY','UNIVERSITY OF ILLINOIS','IL','900 S. ASHLAND AVE.','MBRB RM# 3211, M/C 734','60608',NULL,'CHICAGO','USA','MEDICINE','UNIVERSITY OF ILLINOIS','IL','900 S. ASHLAND AVE.','MBRB RM# 3211, M/C 734','60608',3),(266,0,'GAINESVILLE','USA','UF SHANDS CA CTR, SCOTT LAB','UNIVERSITY OF FLORIDA','FL','1600 SW ARCHER RD ARB R4-244','PO BOX 100232','32610-0232',6,'1734',1,NULL,NULL,NULL,'CHRISTOPHER',NULL,'COGLE',NULL,'GAINESVILLE','USA','MEDICINE','UNIVERSITY OF FLORIDA','FL','1600 SW ARCHER RD','ARB R4-252','32610-0277',NULL,'GAINESVILLE','USA','MEDICINE','UNIVERSITY OF FLORIDA','FL','1600 SW ARCHER RD','ARB R4-252','32610-0277',1),(267,0,'TAMPA','USA','RES. SER AND THE DEPT OF CHEMI','JAMES A HALEY VA & THE UNV. OF S. FL','FL','13000 BRUCE B. DOWNS','VAR 151','33612',6,'1735',1,NULL,NULL,NULL,'MILDRED',NULL,'ACEVEDO-DUNCAN',NULL,'TAMPA','USA','RES. SER AND THE DEPT OF CHEMI','JAMES A HALEY VA & THE UNV. OF S. FL','FL','13000 BRUCE B. DOWNS','VAR 151','33612',NULL,'TAMPA','USA','RES. SER AND THE DEPT OF CHEMI','JAMES A HALEY VA & THE UNV. OF S. FL','FL','13000 BRUCE B. DOWNS','VAR 151','33612',1),(268,0,'ATLANTA','USA','SCHOOL OF CHEM & BIOMOL ENGIN','GEORGIA INSTITUTE OF TECHNOLOGY','GA','311 FERST DRIVE,','IBB 1312','30332-0100',6,'1737',1,NULL,NULL,NULL,'MARK',NULL,'PRAUSNITZ',NULL,'ATLANTA','USA','SCHOOL OF CHEM & BIOMOL ENGIN','GEORGIA INSTITUTE OF TECHNOLOGY','GA','311 FERST DRIVE,','IBB 1312','30332-0100',NULL,'ATLANTA','USA','SCHOOL OF CHEM & BIOMOL ENGIN','GEORGIA INSTITUTE OF TECHNOLOGY','GA','311 FERST DRIVE,','IBB 1312','30332-0100',3),(269,0,'HOUSTON','USA','BIOENGINEERING','RICE UNIVERSITY','TX','6100 MAIN STREET','KECK HALL, SUITE 116','77005',6,'1738',1,NULL,NULL,NULL,'REBEKAH',NULL,'DREZEK',NULL,'HOUSTON','USA','BIOENGINEERING','RICE UNIVERSITY','TX','6100 MAIN STREET','KECK HALL, SUITE 116','77005',NULL,'HOUSTON','USA','BIOENGINEERING','RICE UNIVERSITY','TX','6100 MAIN STREET','SUITE 116, KECK HALL','77005',1),(270,0,'HOUSTON','USA','SURGERY','MICHAEL E. DEBAKEY VA MED CTR','TX','2002 HOLCOMBE BLVD','BLDG. 100, ROOM 5A-348','77030',6,'1739',1,NULL,NULL,NULL,'DAVID',NULL,'BERGER',NULL,'HOUSTON','USA','SURGERY','MICHAEL E. DEBAKEY VA MED CTR','TX','2002 HOLCOMBE BLVD','BLDG. 100, ROOM 5A-348','77030',NULL,'HOUSTON','USA','MED GENETICS LABORATORIES','BAYLOR COLLEGE OF MEDICINE','TX','GRAND BLVD - RECEIVING DOCK','2450 HOLCOMB BLVD','77021-2024',3),(271,0,'TEMPLE','USA','INTERNAL MEDICINE','TEXAS A & M UNIV. SYS. HEALTH SCI. CTR','TX','1901 S FIRST STREET','BLDG 205','76504',6,'1740',1,NULL,NULL,NULL,'AJAY',NULL,'RANA',NULL,'TEMPLE','USA','INTERNAL MEDICINE','TEXAS A & M UNIV. SYS. HEALTH SCI. CTR','TX','1901 S FIRST STREET','BLDG 205','76504',NULL,'TEMPLE','USA','INTERNAL MEDICINE','TEXAS A & M UNIV. SYS. HEALTH SCI. CTR','TX','1901 S FIRST STREET','BLDG 205','76504',3),(272,0,'BOSTON','USA','PURCHASING','BOSTON UNIVERSITY SCHOOL OF MEDICINE','MA','715 ALBANY ST, 560','','2118',3,'1742',1,NULL,NULL,NULL,'JOSEF',NULL,'OZER',NULL,'BOSTON','USA','PHARMACOLOGY, R617','BOSTON UNIVERSITY SCHOOL OF MEDICINE','MA','15 STOUGHTON ST.','','2118',NULL,'BOSTON','USA','PHARMACOLOGY, R617','BOSTON UNIVERSITY SCHOOL OF MEDICINE','MA','15 STOUGHTON ST.','','2118',1),(273,0,'AUSTIN','USA','CHEMISTRY/BIOCHEMISTRY','UNIVERSITY OF TEXAS AT AUSTIN','TX','2500 SPEEDWAY','MBB 3.210','78712',6,'1744',1,NULL,NULL,NULL,'EDWARD',NULL,'MARCOTTE',NULL,'AUSTIN','USA','CHEMISTRY/BIOCHEMISTRY','UNIVERSITY OF TEXAS AT AUSTIN','TX','2500 SPEEDWAY','MBB 3.210','78712',NULL,'AUSTIN','USA','CHEMISTRY/BIOCHEMISTRY','UNIVERSITY OF TEXAS AT AUSTIN','TX','2500 SPEEDWAY','MBB 3.210','78712',3),(274,0,'HOUSTON','USA','','MD ANDERSON CANCER CENTER','TX','ACCOUNTS PAYABLE - BOX 199','P.O. BOX 301401','77230-1401',6,'1746',1,NULL,NULL,NULL,'HONAMI',NULL,'NAORA',NULL,'HOUSTON','USA','MOLECULAR THERAPEUTICS','MD ANDERSON CANCER CENTER','TX','P.O. BOX 301429','UNIT 184','77230-1429',NULL,'HOUSTON','USA','RECEIVING DOCK','MD ANDERSON CANCER CENTER','TX','7777 KNIGHT ROAD','','77054',3),(275,0,'NEW ORLEANS','USA','BIOCHEMISTRY','TULANE UNIVERSITY HEALTH SCI. CTR','LA','1430 TULANE AVE SL43','','70112',6,'1747',1,NULL,NULL,NULL,'FRANK',NULL,'JONES',NULL,'NEW ORLEANS','USA','BIOCHEMISTRY','TULANE UNIVERSITY HEALTH SCI. CTR','LA','1430 TULANE AVE SL43','','70112',NULL,'NEW ORLEANS','USA','BIOCHEMISTRY SL43','TULANE UNIV. HEALTH SCIENCE CTR','LA','333 S. LIBERTY STREET','','70112',1),(276,0,'FREDERICK','USA','','SAIC-FREDERICK','MD','92 TJ DRIVE, A/P','PO BOX B','21702',5,'1748',1,NULL,NULL,NULL,'ALAN',NULL,'PERANTONI',NULL,'FREDERICK','USA','','NCI - FREDERICK','MD','BLDG. 538, ROOM # 224','NCI-FREDERICK','21702-1201',NULL,'FREDERICK','USA','','NCI-FREDERICK','MD','ATT: DR. ALAN PERANTONI','BLDG 538, RM 221','21702',3),(277,0,'NASHVILLE','USA','CANCER BIOLOGY','VUMC','TN','2220 PIERCE AVE, PRB 771','','37232',4,'1750',1,NULL,NULL,NULL,'VITO',NULL,'QUARANTA',NULL,'NASHVILLE','USA','CANCER BIOLOGY','VUMC','TN','2220 PIERCE AVE, PRB 771','','37232',NULL,'NASHVILLE','USA','CANCER BIOLOGY','VUMC','TN','2220 PIERCE AVE, PRB 447','','37232',3),(278,0,'WYNNEWOOD','USA','','LANKENAU INSTITUTE OF MED RESEARCH','PA','P.O.BOX 12609','','19096',3,'1751',1,NULL,NULL,NULL,'CHERYL',NULL,'HOBBS',NULL,'WYNNEWOOD','USA','','LANKENAU INSTITUTE FOR MED RESEARCH','PA','100 LANCASTER AVENUE','LAB #128','19096',NULL,'WYNNEWOOD','USA','','LANKENAU INSTITUTE FOR MED RESEARCH','PA','100 LANCASTER AVENUE','LAB #128','19096',3),(279,0,'LOS ANGELES','USA','DENTISTRY','U OF CA AT LOS ANGELES','CA','10833 LE CONTE AVE','73-017 CHS, BOX 951668','90095-1668',4,'1752',1,NULL,NULL,NULL,'DAVID',NULL,'WONG',NULL,'LOS ANGELES','USA','SCHOOL OF DENTISTRY','U OF CA, LOS ANGELES','CA','10833 LE CONTE AVE.','73-017 CHS','90095-1668',NULL,'LOS ANGELES','USA','MEDICAL RECEIVING','U OF CA, LOS ANGELES','CA','10833 LE CONTE AVE','RM 73-017 CHS','90095',1),(280,0,'NASHVILLE','USA','DIVISION OF HEMATOLOGY/ONCOLOG','VUMC','TN','2220 PIERCE AVE. 777 PRB','','37232',4,'1753',1,NULL,NULL,NULL,'INGRID',NULL,'MAYER',NULL,'NASHVILLE','USA','DIVISION OF HEMATOLOGY/ONCOLOG','VUMC','TN','2220 PIERCE AVE. 777 PRB','','37232',NULL,'NASHVILLE','USA','DIVISION OF HEMATOLOGY/ONCOLOG','VUMC','TN','2220 PIERCE AVE. 777 PRB','ATTN: DANICA KNOX','37232',3),(281,0,'NEW BRUNSWICK','USA','ACCTS PAYABLE','CANCER INSTITUE OF NEW JERSEY','NJ','PO BOX 2686','355 GEORGE ST','8901',3,'1755',1,NULL,NULL,NULL,'CHRIS',NULL,'HARRIS',NULL,'NEW BRUNSWICK','USA','','CANCER INSTITUTE OF NEW JERSEY','NJ','195 LITTLE ALBANY STREET','ROOM 3529','8903',NULL,'NEW BRUNSWICK','USA','','CANCER INSTITUTE OF NEW JERSEY','NJ','195 LITTLE ALBANY STREET,','ROOM 3529','8903',1),(282,0,'LITTLE ROCK','USA','ACCOUNTS PAYABLE','UNIVERSITY OF ARKANSAS FOR MEDICAL SCI','AR','4301 W. MARKHAM, SLOT 547','','72205',6,'1757',1,NULL,NULL,NULL,'ANNA',NULL,'RADOMINSKA-PANDYA',NULL,'LITTLE ROCK','USA','BIOCHEMISTRY &MOLECULAR BIOLOG','UNIVERSITY OF ARKANSAS FOR MEDICAL SCI','AR','4301 W. MARKHAM, SLOT 516','','72205',NULL,'LITTLE ROCK','USA','BIOCHEMISTRY','UNIVERSITY OF ARKANSAS FOR MEDICAL SCI','AR','4301 W. MARKHAM/BIOMED B421','','72205',3),(283,0,'SAN DIEGO','USA','FINANCE DEPT.','SIDNEY KIMMEL CANCER CENTER','CA','10905 ROAD TO THE CURE','','92121-1181',4,'1758',1,NULL,NULL,NULL,'ALBERT',NULL,'DEISSEROTH',NULL,'SAN DIEGO','USA','','SIDNEY KIMMEL CANCER CENTER','CA','10835 ALTMAN ROW','','92121',NULL,'SAN DIEGO','USA','DEISSEROTH LAB','SIDNEY KIMMEL CANCER CENTER','CA','10804 ALTMAN ROW','','92121',3),(284,0,'MONTREAL, QUEBEC','CANADA','BLOOMFIELD CENTRE FOR RESEARCH','LADY DAVIS INSTITUTE FOR MEDICAL RESEA','','3775 COTE ST.CATHERINE RD RM 4','','H3T 1ET',1,'1759',1,NULL,NULL,NULL,'ANDREA',NULL,'LEBLANC',NULL,'MONTREAL, QUEBEC','CANADA','BLOOMFIELD CENTRE FOR RESEARCH','LADY DAVIS INSTITUTE FOR MEDICAL RESEA','','3775 COTE ST.CATHERINE RD RM 432','','H3T 1ET',NULL,'MONTREAL, QUEBEC','CANADA','BLOOMFIELD CENTRE FOR RESEARCH','LADY DAVIS INSTITUTE FOR MEDICAL RESEA','','3775 COTE ST.CATHERINE RD RM 4','','H3T 1ET',3),(285,0,'MADISON','USA','ACCOUNTS PAYABLE','UNIVERSITY OF WISCONSIN MEDICAL SCHOOL','WI','750 UNIVERSITY AVE.','','53706',1,'1760',1,NULL,NULL,NULL,'MICHAEL',NULL,'MACDONALD',NULL,'MADISON','USA','PEDIATRICS','UNIVERSITY OF WISCONSIN MEDICAL SCHOOL','WI','1300 UNIVERSITY AVENUE 3459 MSC','','53706',NULL,'MADISON','USA','PEDIATRICS','UNIVERSITY OF WISCONSIN MEDICAL SCHOOL','WI','1300 UNIVERSITY AVENUE 3459 MS','','53706',3),(286,0,'MADISON','USA','ACCOUNTS PAYABLE','UNIVERSITY OF WISCONSIN-MADISON','WI','21 N. PARK STREET','SUITE 5301','53715',1,'1761',1,NULL,NULL,NULL,'LAUREN',NULL,'TREPANIER',NULL,'MADISON','USA','MEDICAL SCIENCES-SCHOOL OF VET','UNIVERSITY OF WISCONSIN-MADISON','WI','2015 LINDEN DRIVE','SCHOOL OF VETERINARY MEDICINE','53706-1102',NULL,'MADISON','USA','MEDICAL SCIENCES-SCHOOL OF VET','UNIVERSITY OF WISCONSIN-MADISON','WI','2015 LINDEN DRIVE','SCHOOL OF VETERINARY MEDICINE','53706-1102',3),(287,0,'BETHESDA','USA','COMMERCIAL ACCOUNTS','NIH','MD','31 CENTER DR, MSC 2045','ROOM B1B32','20892-2045',6,'1763',1,NULL,NULL,NULL,'THOMAS',NULL,'ELING',NULL,'RESEARCH TRIANGLE PARK','USA','LABORATORY OF MOLECULAR CARCIN','NIH','NC','111 TW ALEXANDER DRIVE','','27709',NULL,'RESEARCH TRIANGLE PARK','USA','LABORATORY OF MOLECULAR CARCIN','NIEHS','NC','111 TW ALEXANDER DRIVE','','27709',1),(288,0,'BETHESDA','USA','COMMERCIAL ACCOUNTS','NIH','MD','2115 EAST JEFFERSON ST.','MSC 8500, RM 4B-432','20892-8500',2,'1765',1,NULL,NULL,NULL,'BRUCE',NULL,'BAUM',NULL,'BETHESDA','USA','GENE THERAPY & THERAPEUTICS','NIH','MD','9000 ROCKVILLE PIKE','BLDG 10, RM 1N113','20892-1190',NULL,'BETHESDA','USA','GENE THERAPY & THERAPEUTICS','NIDCR, NIH','MD','9000 ROCKVILLE PIKE','BLDG 10, RM 1N113','20892-1190',1),(289,0,'BURLINGTON','USA','UVM ACCOUNTS PAYABLE','THE UNIVERSITY OF VERMONT COLL OF MED','VT','221 WATERMAN BLDG','85 SOUTH PROSPECT ST','5405',3,'1766',1,NULL,NULL,NULL,'DAVID',NULL,'KRAG',NULL,'BURLINGTON','USA','DEPARTMENT OF SURGERY','THE UNIVERSITY OF VERMONT','VT','89 BEAUMONT AVENUE','GIVEN MED. BLDG E309,','5405',NULL,'BURLINGTON','USA','DEPARTMENT OF SURGERY','THE UNIVERSITY OF VERMONT','VT','89 BEAUMONT AVENUE','GIVEN MED. BLDG E309,','5405',1),(290,0,'NEW YORK','USA','DERMATOLOGY AND PATHOLOGY','COLUMBIA UNIVERSITY','NY','630 WEST 168TH ST.','VC15-202','10032',3,'1771',1,NULL,NULL,NULL,'DAVID',NULL,'OWENS',NULL,'NEW YORK','USA','DERMATOLOGY AND PATHOLOGY','COLUMBIA UNIVERSITY','NY','630 WEST 168TH ST.','VC15-202','10032',NULL,'NEW YORK','USA','DERMATOLOGY','COLUMBIA UNIVERSITY','NY','630 WEST 168TH ST.','VC15-216','10032',3),(291,0,'WORCHESTER','USA','MOLECULAR MEDICINE','UNIVERSITY OF MASSACHUSETTS MED SCHOOL','MA','373 PLANTATION STREET','BIOTECK 2, ROOM 300','1605',3,'1774',1,NULL,NULL,NULL,'JOEL',NULL,'RICHTER',NULL,'WORCHESTER','USA','MOLECULAR MEDICINE','UNIVERSITY OF MASSACHUSETTS MED SCHOOL','MA','373 PLANTATION STREET','SUITE 204','1605',NULL,'WORCHESTER','USA','MOLECULAR MEDICINE','UNIVERSITY OF MASSACHUSETTS MED SCHOOL','MA','373 PLANTATION STREET','SUITE 204','1605',3),(292,0,'','USA','','ST. LUKES EPISCOPAL HOSPITAL/THI','','','','',6,'1775',1,NULL,NULL,NULL,'DAVID',NULL,'ENGLER',NULL,'HOUSTON','USA','MOLECULAR BIOLOGY&PROTEOMICS','TEXAS HEART INSTITUTE','TX','','','77030',NULL,'HOUSTON','USA','MOLECULAR BIOLOGY&PROTEOMICS','TEXAS HEART INSTITUTE','TX','6770 BERTNER ST. MAIL CODE2255','DENTON A. COOLEY BLDG, R.C1046','77030',1),(293,0,'PROVIDENCE','USA','LIVER RESEARCH CENTER','RHODE ISLAND HOSPITAL','RI','55 CLAVERICK ST.','4TH FLOOR','2903',3,'1776',1,NULL,NULL,NULL,'JACK',NULL,'WANDS',NULL,'PROVIDENCE','USA','LIVER RESEARCH CENTER','RHODE ISLAND HOSPITAL','RI','55 CLAVERICK ST.','4TH FLOOR','2903',NULL,'PROVIDENCE','USA','LIVER RESEARCH CENTER','RHODE ISLAND HOSPITAL','RI','55 CLAVERICK ST.','4TH FLOOR','2903',3),(294,0,'SPRINGFIELD','USA','MEDICAL MICROBIOLOGY, IMMUNOLO','SOUTHERN ILLINOIS UNIVERSITY','IL','911 NORTH RUTLEDGE ST.','ROOM 1347, PO BOX 19626','62794',1,'1777',1,NULL,NULL,NULL,'DELIANG',NULL,'CAO',NULL,'SPRINGFIELD','USA','MEDICAL MICROBIOLOGY, IMMUNOLO','SOUTHERN ILLINOIS UNIVERSITY','IL','911 NORTH RUTLEDGE ST.','ROOM 1347, PO BOX 19626','62794',NULL,'SPRINGFIELD','USA','MEDICAL MICROBIOLOGY, IMMUNOLO','SOUTHERN ILLINOIS UNIVERSITY','IL','911 NORTH RUTLEDGE ST.','ROOM 1347','62702',3),(295,0,'ATLANTA','USA','ACCOUNTS PAYABLE','EMORY UNIVERSITY SCHOOL OF MEDICINE','GA','1762 CLIFTON ROAD, NE','','30322',6,'1782',1,NULL,NULL,NULL,'THOMAS',NULL,'GENETTA',NULL,'ATLANTA','USA','PEDIATRICS','EMORY UNIVERSITY SCHOOL OF MEDICINE','GA','1462 CLIFTON ROAD, NE','ROOM 431 OLD DENTAL BLDG','30322',NULL,'ATLANTA','USA','PEDIATRICS','EMORY UNIVERSITY SCHOOL OF MEDICINE','GA','EMORY CHILDRENS CTR/ RM 310-B','2015 UPPERGATE DR. NE','30322',1),(296,0,'CHAPEL HILL','USA','MICROBIOLOGY & IMMUNOLOGY','UNIV. OF N.C. AT CHAPEL HILL','NC','804 MARY ELLEN JONES BLDG','CB#7290','27599-7290',6,'1783',1,NULL,NULL,NULL,'DIRK',NULL,'DITTMER',NULL,'CHAPEL HILL','USA','MICROBIOLOGY & IMMUNOLOGY','UNIV. OF N.C. AT CHAPEL HILL','NC','804 MARY ELLEN JONES BLDG','CB#7290','27599-7290',NULL,'CHAPEL HILL','USA','MICROBIOLOGY & IMMUNOLOGY','UNIV. OF N.C. AT CHAPEL HILL','NC','804 MARY ELLEN JONES BLDG','CB#7290','27599-7290',1),(297,0,'PHILADELPHIA','USA','ACCOUNTS PAYABLE','UNIVERSITY OF PENNSYLVANIA','PA','RM 440 FRANKLIN BLDG','3451 WALNUT STREET','19104',3,'1784',1,NULL,NULL,NULL,'KATE',NULL,'NATHANSON',NULL,'PHILADELPHIA','USA','MEDICAL GENETICS','UNIVERSITY OF PENNSYLVANIA','PA','527 BRB 2/3','421 CURIE BLVD','19104',NULL,'PHILADELPHIA','USA','MEDICAL GENETICS','UNIVERSITY OF PENNSYLVANIA','PA','527 BRB 2/3','421 CURIE BLVD','19104',3),(298,0,'MONTREAL','CANADA','FACULTY OF DENTISTRY','MCGILL UNIVERSITY','PQ','3640 UNIVERSITY STREET','ROOM M35/36','H3A 2B2',1,'1786',1,NULL,NULL,NULL,'SIMON',NULL,'TRAN',NULL,'MONTREAL','CANADA','FACULTY OF DENTISTRY','MCGILL UNIVERSITY','PQ','3640 UNIVERSITY STREET','ROOM M35/36','H3A 2B2',NULL,'MONTREAL','CANADA','FACULTY OF DENTISTRY','MCGILL UNIVERSITY','PQ','3640 UNIVERSITY STREET','ROOM M35/36','H3A 2B2',1),(299,0,'HOUSTON','USA','PATHOLOGY & LAB. MEDICINE','U.T. M.D. ANDERSON CANCER CTR','TX','1515 HOLCOMBE BLVD','UNIT 85, RM. G1.3540','77030',6,'1787',1,NULL,NULL,NULL,'STANLEY',NULL,'HAMILTON',NULL,'HOUSTON','USA','PATHOLOGY & LAB. MEDICINE','U.T. M.D. ANDERSON CANCER CTR','TX','1515 HOLCOMBE BLVD','UNIT 85, RM. G1.3540','77030-4095',NULL,'HOUSTON','USA','PATHOLOGY & LAB. MEDICINE','U.T. M.D. ANDERSON CANCER CTR','TX','1515 HOLCOMBE BLVD','UNIT 85, RM. G1.3540','77030',3),(300,0,'CHICAGO','USA','PHARMACY PRACTICE','UNIVERSITY OF ILLINOIS AT CHICAGO','IL','833 S. WOOD STREET RM#164','','60612',1,'1788',1,NULL,NULL,NULL,'STACY',NULL,'SHORD',NULL,'CHICAGO','USA','PHARMACY PRACTICE','UNIVERSITY OF ILLINOIS AT CHICAGO','IL','833 S. WOOD STREET RM#164','','60612',NULL,'CHICAGO','USA','PHARMACY PRACTICE','UNIVERSITY OF ILLINOIS AT CHICAGO','IL','833 S. WOOD STREET RM#164','','60612',3),(301,0,'CLEVELAND','USA','GENOMIC MEDICINE INSTITUTE','THE CLEVELAND CLINIC FOUNDATION','OH','9500 EUCLID AVENUE-MAILSTOP NE','','44195',1,'1789',1,NULL,NULL,NULL,'CHARIS',NULL,'ENG',NULL,'CLEVELAND','USA','GENOMIC MEDICINE INSTITUTE','THE CLEVELAND CLINIC FOUNDATION','OH','9500 EUCLID AVENUE-MAILSTOP NE50','','44195',NULL,'CLEVELAND','USA','GENOMIC MEDICINE INST. NE5-255','CLEVELAND CLINIC','OH','CHARIS ENG/CHARISSA PETERSON','2111 E 96TH ST.','44106',1),(302,0,'PITTSBURGH','USA','PATHOLOGY','UNIVERSITY OF PITTSBURGH','PA','SCAIFE 713','TERRACE STREET','15213',3,'1790',1,NULL,NULL,NULL,'ALAN',NULL,'WELLS',NULL,'PITTSBURGH','USA','PATHOLOGY','UNIVERSITY OF PITTSBURGH','PA','SCAIFE 713','TERRACE STREET','15213',NULL,'PITTSBURGH','USA','PATHOLOGY','UNIVERSITY OF PITTSBURGH','PA','SCAIFE 713','TERRACE STREET','15213',3),(303,0,'SEPULVEDA','USA','ACCOUNTS PAYABLE','SEPULVEDA RESEARCH CORPORATION','CA','16111 PLUMMER ST. (111)','','91343',4,'1792',1,NULL,NULL,NULL,'JOSEPH',NULL,'GERA',NULL,'SEPULVEDA','USA','RESEARCH','VA-UCLA MEDICAL CENTER','CA','16111 PLUMMER ST','BLDG 1, RM C111A MAILCODE 151','91343',NULL,'NORTH HILLS','USA','RESEARCH','VA-SEPULVEDA MEDICAL CENTER','CA','16111 PLUMMER ST','BLDG 7, D124','91343',1),(304,0,'WINSTON-SALEM','USA','CONTROLLERS OFFICE','WAKE FOREST UNIV SCHOOL OF MED','NC','MEDICAL CENTER BOULEVARD','','27157',6,'1793',1,NULL,NULL,NULL,'RICHARD',NULL,'LOESER, JR',NULL,'WINSTON-SALEM','USA','SECTION OF MOLECULAR MEDICINE','WAKE FOREST UNIVERSITY SCHOOL OF MED','NC','3124 GRAY BUILDING','','27157',NULL,'WINSTON-SALEM','USA','SECTION OF MOLECULAR MEDICINE','WAKE FOREST UNIVERSITY SCHOOL OF MED','NC','3124 GRAY BUILDING','MEDICAL CENTER BLVD','27157',1),(305,0,'NASHVILLE','USA','MEDICINE & CANCER BIOLOGY','VUMC','TN','2115B GARLAND AVE','1255 MRB IV(LIGHT HALL)','37232',4,'1795',1,NULL,NULL,NULL,'WAEL',NULL,'EL-RIFAI',NULL,'NASHVILLE','USA','MEDICINE & CANCER BIOLOGY','VUMC','TN','2115B GARLAND AVE','1255 MRB IV(LIGHT HALL)','37232',NULL,'NASHVILLE','USA','MEDICINE & CANCER BIOLOGY','VUMC','TN','2115B GARLAND AVE','1255 MRB IV(LIGHT HALL)','37232',3),(306,0,'PHILADELPHIA','USA','RADIATION ONCOLOGY','FOX CHASECANCER CENTER','PA','333 COTTMAN AVE','','19111',3,'1796',1,NULL,NULL,NULL,'ALAN',NULL,'POLLACK',NULL,'PHILADELPHIA','USA','RADIATION ONCOLOGY','FOX CHASECANCER CENTER','PA','333 COTTMAN AVE','','19111',NULL,'PHILADELPHIA','USA','RADIATION ONCOLOGY','FOX CHASECANCER CENTER','PA','333 COTTMAN AVE','LCM UNIT, RM P2014','19111',1),(307,0,'TALLAHASSEE','USA','CHEMISTRY DEPT. STOCKROOM','FLORIDA STATE UNIVERSITY','FL','ATTN: MADDEN/SANG','95 CHIEFTANWAY','32306',6,'1801',1,NULL,NULL,NULL,'QING-XIANG',NULL,'SANG',NULL,'TALLAHASSEE','USA','CHEMISTRY DEPT. STOCKROOM','FLORIDA STATE UNIVERSITY','FL','ATTN: MADDEN/SANG','95 CHIEFTANWAY','32306',NULL,'TALLAHASSEE','USA','CHEMISTRY DEPT. STOCKROOM','FLORIDA STATE UNIVERSITY','FL','ATTN: MADDEN/SANG','95 CHIEFTANWAY','32306',1),(308,0,'SEATTLE','USA','ATTENTION: ACCOUNTS PAYABLE','FRED HUTCHINSON CANCER RESEARCH CENTER','WA','1100 FAIRVIEW AVE., N, J4-500','P.O. BOX 19024','98109-1024',4,'1803',1,NULL,NULL,NULL,'WILLIAM',NULL,'GRADY',NULL,'SEATTLEQ','USA','CLINICAL RESEARCH DIV','FRED HUTCHINSON CANCER RES. CTR','WA','1100 FAIRVIEW AVE. N. D-4-100','','98109',NULL,'SEATTLEQ','USA','CLINICAL RESEARCH DIV','FRED HUTCHINSON CANCER RES. CTR','WA','1100 FAIRVIEW AVE. N. D-4-100','','98109',1),(309,0,'HERSHEY','USA','DEPARTMENT OF PHARMACOLOGY','PENN STATE COLLEGE OF MEDICINE','PA','500 UNIVERSITY DRIVE','H078','17033',3,'1804',1,NULL,NULL,NULL,'BOGDAN',NULL,'PROKOPCZYK',NULL,'HERSHEY','USA','DEPARTMENT OF PHARMACOLOGY','PENN STATE COLLEGE OF MEDICINE','PA','500 UNIVERSITY DRIVE','H078','17033',NULL,'HERSHEY','USA','DEPARTMENT OF PHARMACOLOGY','PENN STATE COLLEGE OF MEDICINE','PA','500 UNIVERSITY DRIVE','CG 529','17033',1),(310,0,'BOSTON','USA','ACCOUNTS PAYABLE','BOSTON MEDICAL CENTER','MA','PO BOX 199180','','02119-9180',3,'1805',1,NULL,NULL,NULL,'ADAM',NULL,'LERNER',NULL,'BOSTON','USA','HEMATOLOGY/ONCOLOGY','BOSTON MEDICAL CENTER','MA','EBRC 420','650 ALBANY ST','2118',NULL,'BOSTON','USA','HEMATOLOGY/ONCOLOGY','BOSTON MEDICAL CENTER','MA','EBRC 420','650 ALBANY ST','2118',3),(311,0,'ROOTSTOWN','USA','ACCOUNTS RECEIVABLE','NORTHEASTERN OHIO UNIVERSITY','OH','4209 STATE ROUTE 44','','44272',1,'1806',1,NULL,NULL,NULL,'MARY',NULL,'CISMOWSKI',NULL,'ROOTSTOWN','USA','PHYSIOLOGY & PHARMACOLOGY','NORTHEASTERN OHIO UNIV. COLLEGE OF MED','OH','4209 STATE ROUTE 44','ROOM C-165','44272',NULL,'ROOTSTOWN','USA','PHYSIOLOGY & PHARMACOLOGY','NORTHEASTERN OHIO UNIV. COLLEGE OF MED','OH','4209 STATE ROUTE 44','ROOM C-165','44272',3),(312,0,'BETHESDA','USA','COMMERCIAL ACCOUNTS','NIH','MD','2115 EAST JEFFERSON ST.','MSC 8500, RM 4B-432','20892-8500',2,'1808',1,NULL,NULL,NULL,'DANIEL',NULL,'DOUEK',NULL,'BETHESDA','USA','VACINE RESEARCH CENTER','NIH','MD','RM 3610B, 40 CONVENT DR.','','20892-3022',NULL,'BETHESDA','USA','VACINE RESEARCH CENTER','NIH','MD','RM 3610B, 40 CONVENT DR.','','20892-3022',1),(313,0,'NEWPORT','USA','CANCER GENETICS','WOOD HUDSON CANCER RESEARCH LAB, INC','KY','931 ISABELLA STREET','','41071',6,'1810',1,NULL,NULL,NULL,'TAIPING',NULL,'CHEN',NULL,'NEWPORT','USA','CANCER GENETICS','WOOD HUDSON CANCER RESEARCH LAB, INC','KY','931 ISABELLA STREET','','41071',NULL,'NEWPORT','USA','CANCER GENETICS','WOOD HUDSON CANCER RESEARCH LAB, INC','KY','931 ISABELLA STREET','','41071',3),(314,0,'STONY BROOK','USA','PEDIATRIC','STONY BROOK UNIVERSITY','NY','101 NICHOLS ROAD','HSC, T-11, 020:','11794-8111',3,'1811',1,NULL,NULL,NULL,'EDWARD',NULL,'CHAN',NULL,'STONY BROOK','USA','PEDIATRIC','STONY BROOK UNIVERSITY','NY','101 NICHOLS ROAD','HSC, T-11, 020:','11794-8111',NULL,'STONY BROOK','USA','MICROBIOLOGY & MOLECULAR GEN.','STONY BROOK UNIVERSITY','NY','LIFE SCIENCES BLDG','ROOM 241','11794-5222',3),(315,0,'ARLINGTON','USA','BIOMEDICAL ENGINEERING','UNIVERSITY OF TEXAS ARLINGTON','TX','501 WEST FIRST STREET','BOX 19138','76019',6,'1813',1,NULL,NULL,NULL,'DIGANT',NULL,'DAVE',NULL,'ARLINGTON','USA','BIOMEDICAL ENGINEERING','UNIVERSITY OF TEXAS ARLINGTON','TX','501 WEST FIRST STREET','','76019',NULL,'ARLINGTON','USA','BIOMEDICAL ENGINEERING','UNIVERSITY OF TEXAS ARLINGTON','TX','501 WEST FIRST STREET','','76019',3),(316,0,'CHAPEL HILL','USA','UNC ESHELMAN SCHOOL OF PHARMAC','UNC-CHAPEL HILL','NC','100 F BEARD HALL, CB 7355','','27599',5,'1814',1,NULL,NULL,NULL,'DHIREN',NULL,'THAKKER',NULL,'CHAPEL HILL','USA','MOLECULAR PHARMACEUTICS','UNIV NORTH CAROLINA-CHAPEL HILL','NC','SCHOOL OF PHARMACY','KERR HALL 2309','27599',NULL,'CHAPEL HILL','USA','MOLECULAR PHARMACEUTICS','UNIV NORTH CAROLINA-CHAPEL HILL','NC','SCHOOL OF PHARMACY-LAB 2301','KERR HALL CBXX 7360','27599',1),(317,0,'SACRAMENTO','USA','CANCER CENTER ADMN','UC DAVIS CANCER CENTER','CA','4501 X STREET','STE 3003','95817',4,'1816',1,NULL,NULL,NULL,'COLLEEN',NULL,'SWEENEY',NULL,'SACRAMENTO','USA','BASIC SCIENCE DEPT','UC DAVIS MED. CTR RES. BLDG III','CA','4645 2ND AVE','ROOM 1100 A','95817',NULL,'SACRAMENTO','USA','BASIC SCIENCE DEPT','UC DAVIS MED. CTR RES. BLDG III','CA','7301 14TH AVENUE','RESEARCH BLDG. III, ROOM 1400C','95820',3),(318,0,'RIVERSIDE','USA','BIOMEDICAL SCIENCES RECEIVING','UNIV. OF CALIFORNIA AT RIVERSIDE','CA','ATTN: PAM URRY','STATISTICS BLDG. UNIV. OF CAL.','92521',4,'1817',1,NULL,NULL,NULL,'AMEAE',NULL,'WALKER',NULL,'RIVERSIDE','USA','BIOMEDICAL SCIENCES','UNIVERSITY OF CALIFORNIA','CA','NO ROOM OR STREET ADDRESS','','92521',NULL,'RIVERSIDE','USA','BIOMEDICAL SCIENCES','UNIVERSITY OF CALIFORNIA','CA','NO ROOM OR STREET ADDRESS','','92521',1),(319,0,'COLUMBUS','USA','OSU CCC','OHIO STATE UNIVERSITY','OH','513A MOREHOUSE PLAZA TOWER','2050 KENNY ROAD','43210',5,'1818',1,NULL,NULL,NULL,'JOHN',NULL,'BYRD',NULL,'COLUMBUS','USA','INTERNAL MEDICINE','OHIO STATE UNIVERSITY','OH','320 WEST 10TH AVENUE','B302 STARLING-LOVING HALL','43210',NULL,'COLUMBUS','USA','INTERNAL MEDICINE','OHIO STATE UNIVERSITY','OH','300 WEST 10TH AVE','ROOM 1126-JAMES CANCER HOSPITA','43210',1),(320,0,'SAN FRANCISCO','USA','SURGERY','UNIVERSITY OF CAL-SAN FRANCISCO','CA','513 PARNASSUS AVENUE','HSW 1601','94143',5,'1819',1,NULL,NULL,NULL,'MICHAEL',NULL,'HARRISON',NULL,'SAN FRANCISCO','USA','SURGERY','UNIVERSITY OF CAL-SAN FRANCISCO','CA','513 PARNASSUS AVENUE','HSW 1601','94143',NULL,'SAN FRANCISCO','USA','SURGERY','UNIVERSITY OF CAL-SAN FRANCISCO','CA','513 PARNASSUS AVENUE','HSW 1601','94143',1),(321,0,'HUNTINGTON','USA','','MARSHALL UNIVERSITY','WV','MARSHALL UNIV. RESEARCH CORP.','401 11TH STREET SUITE 1400','25701',1,'1820',1,NULL,NULL,NULL,'RICHARD',NULL,'NILES',NULL,'HUNTINGTON','USA','BIOCHEMISTRY','MARSHALL UNIVERSITY SCHOOL OF MEDICINE','WV','1542 SPRING VALLEY DRIVE','','25704',NULL,'HUNTINGTON','USA','BIOCHEMISTRY','MARSHALL UNIVERSITY SCHOOL OF MEDICINE','WV','1542 SPRING VALLEY DRIVE','MEB ROOM G39','25704',3),(322,0,'SEATTLE','USA','PURCHASING','FRED HUTCHINSON CANCER RES. CTR','WA','1100 FAIRVIEW AVE. NORTH','MS J4-100','98109',4,'1822',1,NULL,NULL,NULL,'ROBERT',NULL,'KIMMEL',NULL,'SEATTLE','USA','CLINICAL RESEARCH DIV','FRED HUTCHINSON RES. CTR','WA','1100 FAIRVIEW AVENUE NORTH','C2-023','98109',NULL,'SEATTLE','USA','HUMAN BIOLOGY','FRED HUTCHINSON CANCER RES. CTR','WA','1100 FAIRVIEW AVE. N. C2-201','','98109',1),(323,0,'BETHESDA','USA','COMMERCIAL ACCOUNTS','NIH','MD','2115 EAST JEFFERSON ST.','MSC 8500, RM 4B-432','20892-8500',2,'1824',1,NULL,NULL,NULL,'JOHN',NULL,'NIEDERHUBER',NULL,'BETHESDA','USA','OFFICE OF THE DIRECTOR','NCI/NIH','MD','BLDG 31, RM 11A48','31 CENTER DRIVE','20892-2590',NULL,'BETHESDA','USA','CENTER FRO CANCER RESEARCH','NCI, NIH','MD','BLDG 37, RM 1013A','37 CONVENT DRIVE','20892-2590',3),(324,0,'NEW HAVEN','USA','ACCOUNTS PAYABLE','YALE UNIVERSITY','CT','PO BOX 208228','','06520-8228',3,'1825',1,NULL,NULL,NULL,'ROBERT',NULL,'SHERWIN',NULL,'NEW HAVEN','USA','INTERNAL MEDICINE','YALE UNIVERSITY','CT','330 CEDAR STREET','','06520-8020',NULL,'NEW HAVEN','USA','','YALE UNIVERSITY','CT','1 GILBERT STREET','TAC S130','06520-8020',1),(325,0,'LOUISVILLE','USA','PHARMACOLOGY & TOXICOLOGY','UNIVERSITY OF LOUISVILLE','KY','320 DELIA BAXTER RESEARCH BUIL','BROWN CANCER CTR.','40202',6,'1826',1,NULL,NULL,NULL,'RAMESH',NULL,'GUPTA',NULL,'LOUISVILLE','USA','PHARMACOLOGY & TOXICOLOGY','UNIVERSITY OF LOUISVILLE','KY','320 DELIA BAXTER RESEARCH BUILDING','BROWN CANCER CTR.','40202',NULL,'LOUISVILLE','USA','PHARMACOLOGY & TOXICOLOGY','UNIVERSITY OF LOUISVILLE','KY','320 DELIA BAXTER RESEARCH BUIL','BROWN CANCER CTR.','40202',1),(326,0,'PITTSBURGH','USA','MOLECULAR VIROLOGY PROGRAM','UNIVERSITY OF PITTSBURGH CANCER CTR','PA','HILLMAN CANCER CENTER 1, 8','5117 CENTRE AVE.','15213',3,'1828',1,NULL,NULL,NULL,'YUAN',NULL,'CHANG',NULL,'PITTSBURGH','USA','MOLECULAR VIROLOGY PROGRAM','UNIVERSITY OF PITTSBURGH CANCER CTR','PA','HILLMAN CANCER CENTER 1, 8','5117 CENTRE AVE.','15213',NULL,'PITTSBURGH','USA','MOLECULAR VIROLOGY PROGRAM','UNIVERSITY OF PITTSBURGH CANCER CTR','PA','HILLMAN CANCER CENTER 1, 8','5117 CENTRE AVE.','15213',1),(327,0,'BERKELEY','USA','ACCOUNTS PAYABLE','UNIVERSITY OF CALIFORNIA, BERKELEY','CA','30 UNIVERSITY HALL','','94720',4,'1829',1,NULL,NULL,NULL,'JOSEPH',NULL,'NAPOLI',NULL,'BERKELEY','USA','NUTRITIONAL SCI. AND TOXICOLOG','UNIVERSITY OF CALIFORNIA, BERKELEY','CA','INDUSTRY ALLIANCES OFFICE','2150 SHATTUCK AVE. SUITE 950','94720',NULL,'BERKELEY','USA','NUTRITIONAL SCI. AND TOXICOLOG','UNIVERSITY OF CALIFORNIA, BERKELEY','CA','3104 MORGAN HALL','','94720-3104',1),(328,0,'BERKELEY','USA','ACCOUNTS PAYABLE','LAWRENCE BERKELEY NATIONAL LAB','CA','ONE CYCLOTRON ROAD - MS 971-AP','SUBCONTRACT NO. 6946497','94701-0528',4,'1830',1,NULL,NULL,NULL,'PAUL',NULL,'YASWEN',NULL,'BERKELEY','USA','LIFE SCIENCES/CANCER BIO','LAWRENCE BERKLEY NATIONAL LAB','CA','717 POTTER ST. RM 239','','94710',NULL,'BERKELEY','USA','LIFE SCIENCES/CANCER BIO','LAWRENCE BERKELEY NATIONAL LAB','CA','717 POTTER ST. RM 239','','94710',3),(329,0,'NASHVILLE','USA','GASTROENTEROLOGY/CELL BIO','VUMC','TN','465 21ST AVE. S','SUITE 4140 MRBII','37232',4,'1833',1,NULL,NULL,NULL,'ROBERT',NULL,'COFFEY',NULL,'NASHVILLE','USA','GASTROENTEROLOGY/CELL BIO','VUMC','TN','465 21ST AVE. S','SUITE 4140 MRBII','37232',NULL,'NASHVILLE','USA','GASTROENTEROLOGY/CELL BIO','VUMC','TN','465 21ST AVE. S','SUITE 4140 MRBII','37232',1),(330,0,'SAN FRANCISCO','USA','ACCOUNTING OFFICE','UCSF','CA','BOX 0812','','94143',4,'1834',1,NULL,NULL,NULL,'LINDA',NULL,'GIUDICE',NULL,'SAN FRANCISCO','USA','OBSTETRIC & GYN AND REP SCIENC','UNIVERSITY OF CALIFORNIA AT SAN FRAN','CA','513 PARNASSUS AVE.','MOFFIT 1695','94143',NULL,'SAN FRANCISCO','USA','OB & GYNO & REPRODUCTIVE SCI','UNIV. OF CAL. AT SAN FRANCISCO','CA','513 PARNASSUS AVE.','HEALTH SCI. WEST RM 1695','94143',1),(331,0,'NASHVILLE','USA','CANCER BIOLOGY','VANDERBILT UNIVERSITY MEDICAL CENTER','TN','VICC 2220 PIERCE AVE','PRB 691','37232-6838',4,'1835',1,NULL,NULL,NULL,'BAOGANG',NULL,'XU',NULL,'NASHVILLE','USA','CANCER BIOLOGY','VANDERBILT UNIVERSITY MEDICAL CENTER','TN','VICC 2220 PIERCE AVE','PRB 691','37232-6838',NULL,'NASHVILLE','USA','CANCER BIOLOGY','VANDERBILT UNIVERSITY MEDICAL CENTER','TN','VICC 2220 PIERCE AVE','PRB 612','37232-6838',1),(332,0,'CLEVELAND','USA','CLINICAL PATHOLOGY','CLEVELAND CLINIC FOUNDATION','OH','9500 EUCLID AVE','ROOM L11','44195',1,'1836',1,NULL,NULL,NULL,'RAYMOND',NULL,'TUBBS',NULL,'CLEVELAND','USA','CLINICAL PATHOLOGY','CLEVELAND CLINIC FOUNDATION','OH','9500 EUCLID AVE','ROOM L11','44195',NULL,'CLEVELAND','USA','CLINICAL PATHOLOGY','CLEVELAND CLINIC FOUNDATION','OH','9500 EUCLID AVE','ROOM L11','44195',1),(333,0,'DETROIT','USA','MOLECULAR MED. & GENETICS','WAYNE STATE UNIVERSITY','MI','ATTN: SUZANNE SHAW','3127 SCOTT HALL,540 E.CANFIELD','48201',1,'1839',1,NULL,NULL,NULL,'MAIK',NULL,'HUTTEMANN',NULL,'DETROIT','USA','MOLECULAR MED. & GENETICS','WAYNE STATE UNIVERSITY','MI','CENTER FOR MOLECULAR','MEDICINE & GENETICS','48201',NULL,'DETROIT','USA','MOLECULAR MED. & GENETICS','WAYNE STATE UNIVERSITY','MI','3240 SCOTT HALL','540 E.CANFIELD','48201',1),(334,0,'','USA','','','','','','',5,'1840',1,NULL,NULL,NULL,'ANNIE',NULL,'HUANG',NULL,'TORONTO','CANADA','HAEMATOLOGY/ONCOLOGY','HOSPITAL FOR SICK CHILDREN','ON','555 UNIVERSITY AVENUE','','MSG 1X8',NULL,'TORONTO','CANADA','LABATT TUMOUR RESEARCH CENTRE','HOSPITAL FOR SICK CHILDREN','ON','555 UNIVERSITY AVENUE','ROOM 3032 MCMASTER BUILDING','MSG 1X8',1),(335,0,'BETHESDA','USA','PEDIATRICS','UNIFORMED SERVICES UNIV-HEALTH SCIENCE','MD','4301 JONES BRIDGE ROAD','BUILDING A, ROOM 3033','20814',5,'1841',1,NULL,NULL,NULL,'STEPHEN',NULL,'ROBERTS',NULL,'BETHESDA','USA','PEDIATRICS','USUHS','MD','4301 JONES BRIDGE ROAD','','20814',NULL,'BETHESDA','USA','PEDIATRICS','USUHS','MD','4301 JONES BRIDGE ROAD','BUILDING A, ROOM 3033','20814',1),(336,0,'CINCINNATI','USA','PHARMACY','UNIVERSITY OF CINCINNATI','OH','3225 EDEN AVENUE , 115WH','COLLEGE OF PHARMACY','45267',1,'1842',1,NULL,NULL,NULL,'GEORG',NULL,'WEBER',NULL,'CINCINNATI','USA','PHARMACY','UNIVERSITY OF CINCINNATI','OH','3225 EDEN AVENUE , 115WH','COLLEGE OF PHARMACY','45267',NULL,'CINCINNATI','USA','PHARMACY','UNIVERSITY OF CINCINNATI','OH','3225 EDEN AVENUE , 115WH','COLLEGE OF PHARMACY','45267',3),(337,0,'BOSTON','USA','MEDICINE','CHILDRENS HOSPITAL BOSTON','MA','KARP 7214.1','300 LONGWOOD AVE','2115',3,'1845',1,NULL,NULL,NULL,'GEORGE',NULL,'DALEY',NULL,'BOSTON','USA','HEMATOLOGY/ONCOLOGY','CHILDRENS HOSPITAL BOSTON','MA','KARP RESEARCH BLDG. 7215','300 LONGWOOD AVE','2171',NULL,'BOSTON','USA','HEMATOLOGY/ONCOLOGY','CHILDRENS HOSPITAL BOSTON','MA','KARP RESEARCH BLDG. 7215','300 LONGWOOD AVE','2171',1),(338,0,'LA JOLLA','USA','PATHOLOGY','UNIV OF CALIFORNIA SAN DIEGO','CA','9500 GILMAN DRIVE','MC# 0612','92093-0612',4,'1846',1,NULL,NULL,NULL,'STEVEN',NULL,'GONIAS',NULL,'LA JOLLA','USA','PATHOLOGY','U OF CA SD','CA','9500 GILMAN DRIVE','MC # 0612','92093-0612',NULL,'LA JOLLA','USA','PATHOLOGY','U OF CA SD','CA','9500 GILMAN DRIVE','BLDG LBR, ROOM 232FF','92093',1),(339,0,'NASHVILLE','USA','BIOMEDICAL ENGINEERING','VANDERBILT UNIVERSITY','TN','5824 STEVENSON CTR.','','37235',4,'1847',1,NULL,NULL,NULL,'ANITA',NULL,'MAHADEVAN-JANSEN',NULL,'NASHVILLE','USA','BIOMEDICAL ENGINEERING','VANDERBILT UNIVERSITY','TN','VU STATION B 351631','','37235',NULL,'NASHVILLE','USA','BIOMEDICAL ENGINEERING','VANDERBILT UNIVERSITY','TN','5824 STEVENSON CTR.','','37235',1),(340,0,'FREDERICK','USA','ACCOUNTS PAYABLE','SAIC FREDERICK','MD','ACCOUNTS PAYABLE','PO BOX B','21702',2,'1848',1,NULL,NULL,NULL,'JAMES',NULL,'PHANG',NULL,'FREDERICK','USA','LAB OF COMP. CARCINOGENESIS','NCI - FREDERICK','MD','BLDG 538, ROOM 144','','21702',NULL,'FREDERICK','USA','LAB OF COMP. CARCINOGENESIS','NCI - FREDERICK','MD','BLDG 538, ROOM 144','','21702',1),(341,0,'EVANSTON','USA','ACCOUNTS PAYABLE','NORTHWESTERN UNIVERSITY','IL','2020 RIDGE AVE.','','60208',1,'1849',1,NULL,NULL,NULL,'VICTOR',NULL,'LEVENSON',NULL,'CHICAGO','USA','ROBERT H. LURIE CCC','NORTHWESTERN UNIVERSITY','IL','710 N. FAIRBANKS CL., OLSON 8-415','','60611',NULL,'CHICAGO','USA','ROBERT H. LURIE CCC','NORTHWESTERN UNIVERSITY','IL','710 N. FAIRBANKS CL., OLSON 8-','','60611',3),(342,0,'WILMINGTON','USA','NEMOURS BIOMEDICAL RESEARCH','ALFRED I DUPONT','DE','1600 ROCKLAND ROAD','ADMIN/RESEARCH ROOM 227B','19803',5,'1852',1,NULL,NULL,NULL,'JULIA',NULL,'BARTHOLD',NULL,'WILMINGTON','USA','UROLOGY','ALFRED I DUPONT','DE','1600 ROCKLAND ROAD','','19803',NULL,'WILMINGTON','USA','ADMIN/RESEARCH BLDG','ALFRED I DUPONT','DE','1600 ROCKLAND ROAD','ROOM 305','19803',1),(343,0,'BIRMINGHAM','USA','BIOLOGY','TUSKEGEE UNIVERSITY','AL','1530 3RD AVENUE AOUTH','AB660','35294',6,'1853',1,NULL,NULL,NULL,'TIM',NULL,'TURNER',NULL,'TUSKEGEE','USA','BIOLOGY','TUSKEGEE UNIVERSITY','AL','CARVER RESEARCH FOUNDATION','ROOM 43','36088',NULL,'TUSKEGEE','USA','BIOLOGY','TUSKEGEE UNIVERSITY','AL','CARVER RESEARCH FOUNDATION','ROOM 100','36088',1),(344,0,'BETHESDA','USA','ATTN: TINA ROBERTS','NIH','MD','9000 ROCKVILLE PIKE','BUILDING 12, ROOM 1025','20892-8500',2,'1854',1,NULL,NULL,NULL,'DAPHNE',NULL,'BELL',NULL,'BETHESDA','USA','CANCER GENETICS','NIH','MD','50 SOUTH DRIVE, MSC 8000','BLDG 50, ROOM 5339','20892-8000',NULL,'BETHESDA','USA','CANCER GENETICS','NHGRI/NIH','MD','50 SOUTH DRIVE, MSC 8000','BLDG 50, ROOM 5339','20892-8000',1),(345,0,'CHARLOTTESVILLE','USA','CELL BIOLOGY','UVA HEALTH SYSTEMS','VA','P.O. BOX 800732','1300 JPA, RM 394 JORDAN HALL','22908-0732',2,'1855',1,NULL,NULL,NULL,'GORDON',NULL,'LAURIE',NULL,'CHARLOTTESVILLE','USA','CELL BIOLOGY','UVA HEALTH SYSTEMS','VA','P.O. BOX 800732','1300 JPA, RM 394 JORDAN HALL','22908-0732',NULL,'CHARLOTTESVILLE','USA','CELL BIOLOGY','UVA HEALTH SYSTEMS','VA','1300 JEFFERSON PARK AVE','ROOM 394, JORDAN HALL','22908-0732',1),(346,0,'TORONTO','CANADA','BANTING & BEST DEPT OF MED RE','UNIVERSITY OF TORONTO','ON','160 COLLEGE ST ROOM 1030','DONNELLY CTR FOR CELLULAR & BI','M5S3E1',1,'1857',1,NULL,NULL,NULL,'BENJAMIN',NULL,'BLENCOWE',NULL,'TORONTO','CANADA','BANTING & BEST DEPT OF MED RE','UNIVERSITY OF TORONTO','ON','160 COLLEGE ST ROOM 1030','DONNELLY CTR FOR CELLULAR & BIOMED','M5S3E1',NULL,'TORONTO','CANADA','BANTING & BEST DEPT OF MED RE','UNIVERSITY OF TORONTO','ON','160 COLLEGE ST ROOM 1030','DONNELLY CTR FOR CELLULAR & BI','M5S3E1',3),(347,0,'SAVANNAH','USA','ACC PAYABLE/BILLING','MEMORIAL UNIVERSITY MED CTR','GA','P.O. BOX 22729','','31404',6,'1859',1,NULL,NULL,NULL,'DOMINIQUE',NULL,'BROCCOLI',NULL,'SAVANNAH','USA','LABORATORY ONCOLOGY RESEARCH','MEMORIAL HEALTH UNIV MED CTR','GA','4700 WATERS AVENUE','HOSKINS CENTER','31404',NULL,'SAVANNAH','USA','LABORATORY ONCOLOGY RESEARCH','MEMORIAL HEALTH UNIV. MED CTR','GA','4700 WATERS AVENUE','HOSKINS CENTER','31404',1),(348,0,'PHILADELPHIA','USA','MOLECULAR AND CELLULAR','THE WISTAR INSTITUTE','PA','3601 SPRUCE ST.','','19104',3,'1860',1,NULL,NULL,NULL,'NADIA',NULL,'DAHMANE',NULL,'PHILADELPHIA','USA','MOLECULAR AND CELLULAR','THE WISTAR INSTITUTE','PA','3601 SPRUCE ST.','','19104',NULL,'PHILADELPHIA','USA','MOLECULAR AND CELLULAR','THE WISTAR INSTITUTE','PA','3601 SPRUCE ST.','','19104',1),(349,0,'PHILADELPHIA','USA','REHABILITATION MEDICINE','THOMAS JEFFERSON UNIVERSITY','PA','25 S. 9TH ST.','','19107',3,'1861',1,NULL,NULL,NULL,'YEJIA',NULL,'ZHANG',NULL,'PHILADELPHIA','USA','REHABILITATION MED/DERMATOLOGY','THOMAS JEFFERSON UNIVERSITY','PA','233 S. 10TH ST.','#430','19107',NULL,'PHILADELPHIA','USA','REHABILITATION MED/DERMATOLOGY','THOMAS JEFFERSON UNIVERSITY','PA','233 S. 10TH ST.','BLSB 430','19107',1),(350,0,'BAR HARBOR','USA','ACCOUNTS PAYABLE','THE JACKSON LABORATORY','ME','600 MAIN ST.','','04609-1500',3,'1863',1,NULL,NULL,NULL,'KYUSON',NULL,'YUN',NULL,'BAR HARBOR','USA','YUN LAB','THE JACKSON LABORATORY','ME','600 MAIN ST.','','04609-1500',NULL,'BAR HARBOR','USA','YUN LAB','THE JACKSON LABORATORY','ME','600 MAIN ST.','','04609-1500',1),(351,1,'NEW YORK','USA','ONCOLOGICAL SCIENCES','MOUNT SINAI SCHOOL OF MEDICINE','NY','ONE GUSTAV L. LEVY PLACE','BOX 1662','10029',3,'1864',1,NULL,NULL,NULL,'STUART',1,'AARONSON',NULL,'NEW YORK','USA','ONCOLOGICAL SCIENCES','MOUNT SINAI SCHOOL OF MEDICINE','NY','1425 MADISON AVE.','1602-ICAHN','10029',NULL,'NEW YORK','USA','ONCOLOGICAL SCIENCES','MOUNT SINAI SCHOOL OF MEDICINE','NY','1425 MADISON AVE.','1602-ICAHN','10029',3),(352,0,'MORGANTOWN','USA','PATHOLOGY','PATHOLOGY TISSUE BANK','WV','PO BOX 9203','','26506-9203',1,'1867',1,NULL,NULL,NULL,'NANCY',NULL,'GUO',NULL,'MORGANTOWN','USA','CANCER CENTER/ COMMUNITY MED','WEST VIRGINIA UNIVERSITY','WV','1814 HSS MBR','','26506-9300',NULL,'MORGANTOWN','USA','CANCER CENTER/ COMMUNITY MED','WEST VIRGINIA UNIVERSITY','WV','HEALTH SCIENCE CENT. CENTRAL R','2125 HSN, P.O. BOX 9203','26506-9203',1),(353,0,'CLEVELAND','USA','DIVISION OF GENERAL MEDICAL AC','CASE WESTERN RESERVE UNIVERSITY','OH','2103 CORNELL RD. WRB-3529','','44106',1,'1868',1,NULL,NULL,NULL,'JOHN',NULL,'PINK',NULL,'CLEVELAND','USA','DIVISION OF GENERAL MEDICAL AC','CASE WESTERN RESERVE UNIVERSITY','OH','2103 CORNELL RD. WRB-3529','','44106',NULL,'CLEVELAND','USA','DIVISION OF GENERAL MEDICAL AC','CASE WESTERN RESERVE UNIVERSITY','OH','2103 CORNELL RD. WRB-3529','','44106',3),(354,0,'BOSTON','USA','CENTER FOR CANCER GENOME DISCO','DANA-FARBER CANCER INSTITUTE','MA','ATTN: LAURA MACCONAIL PHD','44 BINNEY ST DANA 1539','2115',1,'1869',1,NULL,NULL,NULL,'MATTHEW',NULL,'MEYERSON',NULL,'BOSTON','USA','MEDICAL ONCOLOGY','DANA-FARBER CANCER INSTITUTE','MA','44 BINNEY ST','ROOM D1540','2115',NULL,'CAMBRIDGE','USA','','BROAD INSTITUTE OF HARVARD AND MIT','MA','7 CAMBRIDGE CENTER','ROOM 4175','2142',3),(355,0,'DANVILLE','USA','EMERY ANTIBODY SYCS., INC.','COVANCE DEN RESEARCH PRODUCTS/COVANCE','IL','PO BOX 4045','','61834',1,'1870',1,NULL,NULL,NULL,'MARGARET',NULL,'TAYLOR',NULL,'DEDHAM','USA','IMMUNOTECHNOLOGIES','CAVANCE','MA','180 RUSTCRAFT ROAD','','2026',NULL,'DEDHAM','USA','IMMUNOTECHNOLOGIES','CAVANCE','MA','180 RUSTCRAFT ROAD','','2026',1),(356,0,'STANFORD','USA','PATHOLOGY','STANFORD UNIVERSITY SCHOOL OF MEDICINE','CA','PO BOX 20410','','94309-0410',1,'1871',1,NULL,NULL,NULL,'ANDREW',NULL,'FIRE',NULL,'STANFORD','USA','PATHOLOGY','STANFORD UNIVERSITY SCHOOL OF MEDICINE','CA','300 PASTEUR DR. L235','','94305-5324',NULL,'STANFORD','USA','PATHOLOGY','STANFORD UNIVERSITY SCHOOL OF MEDICINE','CA','ATTN: DR. A. FIRE/WENG-ONN LUI','300 PASTEUR DR. L302','94305-5324',3),(357,0,'KANSAS CITY','USA','PHARACOLOGY MS1018','UNIVERSITY OF KANSAS MEDICAL CENTER','KS','3901 RAINBOW BLVD','BRC RM 4056','66160',1,'1872',1,NULL,NULL,NULL,'YVONNE',NULL,'WAN',NULL,'KANSAS CITY','USA','PHARACOLOGY MS1018','UNIVERSITY OF KANSAS MEDICAL CENTER','KS','3901 RAINBOW BLVD','BRC RM 4056','66160',NULL,'KANSAS CITY','USA','PHARMACOLOGY','KUMC','KS','2106 OLATHE BLVD','BRC RM 4056','66160',1),(358,0,'JEFFERSON','USA','DHHS,PHS,FDA,NCTR','NATIONAL CENTER FOR TOXICOLOGICAL RESE','AR','3900 NCTR DRIVE','BUILDING 53C-ROOM 204C','72079',1,'1874',1,NULL,NULL,NULL,'BIATANG',NULL,'NING',NULL,'JEFFERSON','USA','PERSONALIZED NUTRITION AND MED','NATIONAL CENTER FOR TOXICOLOGICAL RESE','AR','3900 NCTR DRIVE HFT-100','','72079',NULL,'JEFFERSON','USA','PERSONALIZED NUTRITION AND MED','NATIONAL CENTER FOR TOXICOLOGICAL RESE','AR','3900 NCTR DRIVE','BUILDING 53C-ROOM 220','72079',3),(359,0,'LA JOLLA','USA','LICR','UNIERSITY OF CALIFORNIA, SD','CA','PO BOX 12385','','92093-0670',1,'1875',1,NULL,NULL,NULL,'DON',NULL,'CLEVELAND',NULL,'SAN DIEGO','USA','','LUDWIG INSTITUTE FOR CANCER RESEARCH','CA','9500 GILMAN DRIVE','CMM EAST, ROOM 3080','92093-0670',NULL,'SAN DIEGO','USA','','LUDWIG INSTITUTE FOR CANCER RESEARCH','CA','9500 GILMAN DRIVE','CMM EAST, ROOM 3072','92093-0670',3),(360,0,'PHILADELPHIA','USA','OTORHINOLARYNGOLOGY: HEAD AND','UNIVERSITY OF PENNSYLVANIA','PA','415 CURIE BLVD','CLINICAL RESEARCH BUILDING','19104',1,'1876',1,NULL,NULL,NULL,'MARCIA',NULL,'BROSE',NULL,'PHILADELPHIA','USA','OTORHINOLARYNGOLOGY: HEAD AND','UNIVERSITY OF PENNSYLVANIA','PA','415 CURIE BLVD','CLINICAL RESEARCH BUILDING','19104',NULL,'PHILADELPHIA','USA','OTORHINOLARYNGOLOGY: HEAD AND','UNIVERSITY OF PENNSYLVANIA','PA','415 CURIE BLVD, ROOM 127','CLINICAL RESEARCH BUILDING','19104',1),(361,0,'CHICAGO','USA','CENTER FOR MOLECULAR BIOLOGY O','UNIVERSITY OF ILLINOIS','IL','801 S. PAULINA STREET','CMBOD(MC860) ROOM 530C','60612',1,'1877',1,NULL,NULL,NULL,'XIAOFENG',NULL,'ZHOU',NULL,'CHICAGO','USA','CENTER FOR MOLECULAR BIOLOGY O','UNIVERSITY OF ILLINOIS','IL','801 S. PAULINA STREET','CMBOD(MC860) ROOM 530C','60612',NULL,'CHICAGO','USA','CENTER FOR MOLECULAR BIOLOGY O','UNIVERSITY OF ILLINOIS','IL','801 S. PAULINA STREET','CMBOD(MC860) ROOM 530C','60612',1),(362,0,'GRAND FORKS','USA','PHYSICS','UNIVERSITY OF NORTH DAKOTA','ND','101 CORNELL STREET STOP 7129','WITMER HALL, ROOM 101','58202-7129',1,'1878',1,NULL,NULL,NULL,'GLENN',NULL,'LYKKEN',NULL,'GRAND FORKS','USA','PHYSICS','UNIVERSITY OF NORTH DAKOTA','ND','101 CORNELL STREET STOP 7129','WITMER HALL, ROOM 101','58202-7129',NULL,'GRAND FORKS','USA','PHYSICS','UNIVERSITY OF NORTH DAKOTA','ND','101 CORNELL STREET STOP 7129','WITMER HALL, ROOM 101','58202-7129',3),(363,0,'NEW ORLEANS','USA','BIOCHEMISTRY DEPT','LSU HEALTH SCIENCE CENTER','LA','1901 PERDIDO STREET','#7101','70119',1,'1879',1,NULL,NULL,NULL,'SURESH',NULL,'ALAHARI',NULL,'NEW ORLEANS','USA','BIOCHEMISTRY & MOLECULAR BIO','LSUHSC-SCHOOL OF DENTISTRY','LA','1100 FLORIDA AVE','RM 6347','70119',NULL,'NEW ORLEANS','USA','DEPT OF BIOCHEMISTRY','LSU HEALTH SCIENCES','LA','CSRB ROOM 407','433 BOLIVAR STREET','70112',3),(364,0,'NEW BRUNSWICK','USA','ACCOUNTS PAYABLE','UMDNJ','NJ','PO BOX 2686','LIBERTY PLAZA','8903',1,'1880',1,NULL,NULL,NULL,'MICHAEL',NULL,'MATHEWS',NULL,'NEWARK','USA','BIOCHEMISTRY AND MOLECULAR BIO','UMDNJ-NEW JERSEY MEDICAL SCHOOL','NJ','185 SOUTH ORANGE AVENUE','MEDICAL SCIENCE BUILDING, RM. E608','7103',NULL,'NEWARK','USA','BIOCHEMISTRY AND MOLECULAR BIO','UMDNJ-NEW JERSEY MEDICAL SCHOOL','NJ','185 SOUTH ORANGE AVENUE','MEDICAL SCIENCE BUILDING, RM.','7103',3),(365,0,'STE-ANNE-DE-BELLEVUE','CANADA','ANIMAL SCIENCE','MCGILL UNIVERSITY','PQ','ROOM MS1 124 MACDONALD STEWAR','21111 LAKESHORE RD','H9X3V9',1,'1881',1,NULL,NULL,NULL,'SARAH',NULL,'KIMMINS',NULL,'STE-ANNE-DE-BELLEVUE','CANADA','ANIMAL SCIENCE','MCGILL UNIVERSITY','PQ','ROOM MS1 124 MACDONALD STEWART BU','21111 LAKESHORE RD','H9X3V9',NULL,'STE-ANNE-DE-BELLEVUE','CANADA','ANIMAL SCIENCE','MCGILL UNIVERSITY','PQ','ROOM MS1 124 MACDONALD STEWAR','21111 LAKESHORE RD','H9X3V9',3),(366,0,'MILWAUKEE','USA','ACCOUNTS PAYABLE','AURORA HEALTHCARE','WI','PO BOX 343930','','53234',1,'1882',1,NULL,NULL,NULL,'NINA',NULL,'GARLIE',NULL,'MILWAUKEE','USA','IMMUNOTHERAPY PROGRAM','ST. LUKES MEDICAL CENTER','WI','2900 WEST OKLAHOMA AVENUE','','53213',NULL,'MILWAUKEE','USA','IMMUNOTHERAPY PROGRAM','ST. LUKES MEDICAL CENTER','WI','2900 WEST OKLAHOMA AVENUE','','53213',3),(367,0,'NEW YORK','USA','CARDIOTHORACIC SURGERY','NYU MEDICAL CENTER','NY','462 FIRST AVENUE','BELLEVUE HOSPITAL RM. 15W19','10016',1,'1884',1,NULL,NULL,NULL,'PAOLO',NULL,'MIGNATTI',NULL,'NEW YORK','USA','CARDIOTHORACIC SURGERY','NYU MEDICAL CENTER','NY','462 FIRST AVENUE','BELLEVUE HOSPITAL RM. 15W19','10016',NULL,'NEW YORK','USA','CARDIOTHORACIC SURGERY','NYU MEDICAL CENTER','NY','462 FIRST AVENUE','BELLEVUE HOSPITAL RM. 15W19','10016',3),(368,0,'TUCSON','USA','ACCTS PAYABLE','RESERACH CORPORATION TECHNOLOGIES','AZ','5210 EAST WILLIAMS CIRCLE','SUITE 240','85711',1,'1885',1,NULL,NULL,NULL,'HUDSON',NULL,'FREEZE',NULL,'LA JOLLA','USA','GLYCOBIOLOGY','THE BURNHAM INST FOR MEDICAL RESEARCH','CA','10901 NORTH TORREY PINES ROAD','','92037',NULL,'LA JOLLA','USA','GLYCOBIOLOGY','THE BURNHAM INST FOR MEDICAL RESEARCH','CA','10901 NORTH TORREY PINES ROAD','','92037',3),(369,0,'WORCESTER','USA','PSYCHIATRY','UNIVERSITY OF MASSACHUSETTS MEDICAL SC','MA','303 BELMONT STREET','BNRI ROOM 107','1604',1,'1886',1,NULL,NULL,NULL,'PAUL',NULL,'GARDNER',NULL,'WORCESTER','USA','PSYCHIATRY','UNIVERSITY OF MASSACHUSETTS MEDICAL SC','MA','303 BELMONT STREET','BNRI ROOM 107','1604',NULL,'WORCESTER','USA','PSYCHIATRY','UNIVERSITY OF MASSACHUSETTS MEDICAL SC','MA','303 BELMONT STREET','BNRI ROOM 107','1604',3),(370,0,'BIRMINGHAM','USA','CANCER THERAPEUTICS AND IMMNOL','SOUTHERN RESEARCH INSTITUTE','AL','P.O. BOX 55305','','35255',1,'1889',1,NULL,NULL,NULL,'RICHARD',NULL,'MAY',NULL,'BIRMINGHAM','USA','CANCER THERAPEUTICS AND IMMNOL','SOUTHERN RESEARCH INSTITUTE','AL','2000 NINTH AVENUE SOUTH, P326','','35205',NULL,'BIRMINGHAM','USA','CANCER THERAPEUTICS AND IMMNOL','SOUTHERN RESEARCH INSTITUTE','AL','2000 NINTH AVENUE SOUTH, P326','PROJECT # 12233.03','35205',3),(371,0,'CINCINNATI','USA','HEMATOLOGY/ONCOLOGY','CCHMC','OH','3333 BURNET AVE','CHRF2469, ML7015','45229',1,'1890',1,NULL,NULL,NULL,'CLINTON',NULL,'JOINER',NULL,'CINCINNATI','USA','HEMATOLOGY/ONCOLOGY','CINCINNATI CHILDRENS HOSPITAL MED. CTR','OH','3333 BURNET AVE','CHRF2469, ML7015','45229',NULL,'CINCINNATI','USA','HEMATOLOGY/ONCOLOGY','CCHMC','OH','3333 BURNET AVE','CHRF2469, ML7015','45229',3),(372,0,'THUNDER BAY','CANADA','REGIONAL CANCER CARE','THUNDER BAY REGIONAL HEALTH SCIENCES C','ON','RESEARCH LABORATORY ROOM 3118','','P7B6V4',1,'1891',1,NULL,NULL,NULL,'INGEBORG',NULL,'ZEHBE',NULL,'THUNDER BAY','CANADA','REGIONAL CANCER CARE','THUNDER BAY REGIONAL HEALTH SCIENCES','ON','RESEARCH LABORATORY ROOM 3118','','P7B6V4',NULL,'THUNDER BAY','CANADA','REGIONAL CANCER CARE','THUNDER BAY REGIONAL HEALTH SCIENCES C','ON','RESEARCH LABORATORY ROOM 3118','','P7B6V4',1),(373,0,'DETROIT','USA','ATTN: ACCOUNTS PAYABLE','KARMANOS CANCER INSTITUTE','MI','110 E WARREN','PRENTIS 211','48201',1,'1892',1,NULL,NULL,NULL,'AVRAHAM',NULL,'RAZ',NULL,'DETROIT','USA','KARMANOS CANCER INSTITUTE','WAYNE STATE UNIVERSITY','MI','110 E WARREN','PRENTIS 211','48201',NULL,'DETROIT','USA','KARMANOS CANCER INSTITUTE','WAYNE STATE UNIVERSITY','MI','110 E WARREN','PRENTIS 211','48201',3),(374,0,'LITTLE ROCK','USA','ACCOUNTS PAYABLE - SLOT 545','UNIVERSITY OF ARKANSAS FOR MEDICAL SCI','AR','4301 W. MARKHAM','','72205',1,'1894',1,NULL,NULL,NULL,'FRED',NULL,'KADLUBAR',NULL,'LITTLE ROCK','USA','DIVISION OF MEDICAL GENETICS','UNIVERSITY OF ARKANSAS FOR MEDICAL SCI','AR','4301 W. MARKHAM, #580','','72205',NULL,'LITTLE ROCK','USA','DIVISION OF MEDICAL GENETICS','UNIVERSITY OF ARKANSAS FOR MEDICAL SCI','AR','4301 W. MARKHAM ST.','ROOM #347-2','72205',1),(375,0,'ROCHESTER','USA','PATHOLOGY DIVISION OF NEUROPAT','UNIVERSITY OF ROCHESTER MEDICAL SCHOOL','NY','601 ELMWOOD AVENUE','BOX 626','14642',1,'1896',1,NULL,NULL,NULL,'MAHLON',NULL,'JOHNSON',NULL,'ROCHESTER','USA','PATHOLOGY DIVISION OF NEUROPAT','UNIVERSITY OF ROCHESTER MEDICAL SCHOOL','NY','601 ELMWOOD AVENUE','BOX 626','14642',NULL,'ROCHESTER','USA','PATHOLOGY DIVISION OF NEUROPAT','UNIVERSITY OF ROCHESTER MEDICAL SCHOOL','NY','601 ELMWOOD AVENUE','BOX 626','14642',3),(376,0,'TOLEDO','USA','DEPARTMENT OF BIOLOGICAL SCIEN','UNIVERSITY OF TOLEDO','OH','2801 WEST BANCROFT STREET','','43606',1,'1899',1,NULL,NULL,NULL,'FAN',NULL,'DONG',NULL,'TOLEDO','USA','DEPARTMENT OF BIOLOGICAL SCIEN','UNIVERSITY OF TOLEDO','OH','2801 WEST BANCROFT STREET','','43606',NULL,'TOLEDO','USA','DEPARTMENT OF BIOLOGICAL SCIEN','UNIVERSITY OF TOLEDO','OH','2801 WEST BANCROFT STREET','','43606',3),(377,0,'LOS ANGELES','USA','SURGERY','UNIVERSITY OF SOUTHERN CALIFORNIA','CA','1441 EASTLAKE AVE','NOR6418','90033',1,'1900',1,NULL,NULL,NULL,'PETER',NULL,'LAIRD',NULL,'LOS ANGELES','USA','SURGERY','UNIVERSITY OF SOUTHERN CALIFORNIA','CA','1441 EASTLAKE AVE','NOR6418','90033',NULL,'LOS ANGELES','USA','SURGERY','UNIVERSITY OF SOUTHERN CALIFORNIA','CA','1441 EASTLAKE AVE','NOR6418','90033',3),(378,0,'MINNEAPOLIS','USA','DEPT OF SURGERY','UNIVERSITY OF MINNESOTA','MN','420 DELAWARE ST., SE','MMC195','55455',1,'1901',1,NULL,NULL,NULL,'SUBBAYA',NULL,'SUBRAMANIAN',NULL,'MINNEAPOLIS','USA','LABORATORY MEDICINE & PATHOLOG','UNIVERSITY OF MINNESOTA','MN','515 DELAWARE ST SE','14-217 MOOS TOWER, MMC206','55455',NULL,'MINNEAPOLIS','USA','LABORATORY MEDICINE & PATHOLOG','UNIVERSITY OF MINNESOTA','MN','515 DELAWARE ST SE','14-217 MOOS TOWER, MMC206','55455',1),(379,0,'LEXINGTON','USA','PHARMACEUTICAL SCIENCES','UNIVERSITY OF KENTUCKY COLLEGE OF PHAR','KY','725 ROSE ST','ROOM 327','40536',1,'1902',1,NULL,NULL,NULL,'ESTHER',NULL,'BLACK',NULL,'LEXINGTON','USA','PHARMACEUTICAL SCIENCES','UNIVERSITY OF KENTUCKY COLLEGE OF PHAR','KY','441 COLLEGE OF PHAMACY','725 ROSE ST','40536',NULL,'LEXINGTON','USA','PHARMACEUTICAL SCIENCES','UNIVERSITY OF KENTUCKY COLLEGE OF PHAR','KY','441 COLLEGE OF PHAMACY','725 ROSE ST','40536',3),(380,0,'OXFORD','USA','MIAMI UNIVERSITY PURCHASING','MIAMI UNIVERSITY','OH','102 BONHAM HOUSE','','45056',1,'1906',1,NULL,NULL,NULL,'PAUL',NULL,'JAMES',NULL,'OXFORD','USA','ZOOLOGY','MIAMI UNIVERSITY','OH','212 PEARSON HALL','700 E HIGH STREET','45056',NULL,'OXFORD','USA','ZOOLOGY','MIAMI UNIVERSITY','OH','212 PEARSON HALL','700 E HIGH STREET','45056',3),(381,0,'SPRINGFIELD','USA','DLAM','SOUTHERN ILLINOIS UNIVERSITY','IL','825 N RUTLEDGE ST','ROOM 1045','62794',1,'1907',1,NULL,NULL,NULL,'TERESA',NULL,'LIBERATI',NULL,'SPRINGFIELD','USA','DLAM','SOUTHERN ILLINOIS UNIVERSITY','IL','825 N RUTLEDGE ST','PO BOX 19611','62794',NULL,'SPRINGFIELD','USA','DLAM','SOUTHERN ILLINOIS UNIVERSITY','IL','825 N RUTLEDGE ST','ROOM 1045','62794',1),(382,0,'DURHAM','USA','OB/GYN','DUKE UNIVERSITY','NC','ROOM 235 ALEX H. SANDS BLDG','RESEARCH DRIVE','27710',1,'1908',1,NULL,NULL,NULL,'THOMAS',NULL,'PRICE',NULL,'DURHAM','USA','OB/GYN','DUKE UNIVERSITY','NC','ROOM 235 ALEX H. SANDS BLDG','RESEARCH DRIVE','27710',NULL,'DURHAM','USA','OB/GYN','DUKE UNIVERSITY','NC','ROOM 235 ALEX H. SANDS BLDG','RESEARCH DRIVE','27710',3),(383,0,'NASHVILLE','USA','DIVISION OF DERMATOLOGY','VANDERBILT UNIVERSITY MEDIAL CENTER','TN','719 THOMPSON LANE','STE 26300','37204',1,'1909',1,NULL,NULL,NULL,'THOMAS',NULL,'ANDL',NULL,'NASHVILLE','USA','MEDICINE/DERMATOLOGY','VANDERBILT UNIVERSITY','TN','1161 21ST AVE SOUTH','MCN ROOM A2310B','37232',NULL,'NASHVILLE','USA','MEDICINE/DERMATOLOGY','VANDERBILT UNIVERSITY','TN','1161 21ST AVE SOUTH','MCN ROOM A2310B','37232',3),(384,0,'COLD SPRING HARBOR','USA','ACCTS PAYABLE','COLD SPRING HARBOR LABORATORY','NY','1 BUNGTOWN RD','NICHOLS BUILDING','11724',1,'1910',1,NULL,NULL,NULL,'SCOTT',NULL,'POWERS',NULL,'WOODBURY','USA','POWERS','COLD SPRING HARBOR LABORATORY','NY','500 SUNNYSIDE BLVD','','11797',NULL,'WOODBURY','USA','POWERS','COLD SPRING HARBOR LABORATORY','NY','500 SUNNYSIDE BLVD','','11797',3),(385,0,'PHILADELPHIA','USA','HEMATOLOGY','CHILDRENS HOSPITAL OF PHILADELPHIA','PA','3615 CIVIC CENTER BLVD','302 ABRAMSON RESEARCH CENTER','19104',1,'1912',1,NULL,NULL,NULL,'KATHERINE',NULL,'HIGH',NULL,'PHILADELPHIA','USA','HEMATOLOGY','CHILDRENS HOSPITAL OF PHILADELPHIA','PA','3615 CIVIC CENTER BLVD','302 ABRAMSON RESEARCH CENTER','19104',NULL,'PHILADELPHIA','USA','HEMATOLOGY','CHILDRENS HOSPITAL OF PHILADELPHIA','PA','3615 CIVIC CENTER BLVD','309G ABRAMSON RESEARCH CENTER','19104',3),(386,0,'BIRMINGHAM','USA','PHARMACOLOGY','UNIVERSITY OF ALABAMA','AL','1670 UNIVERSITY BLVD','VOLKER HALL 108C','35216',1,'1913',1,NULL,NULL,NULL,'CHARLES',NULL,'FALANY',NULL,'BIRMINGHAM','USA','PHARMACOLOGY','UNIVERSITY OF ALABAMA','AL','1670 UNIVERSITY BLVD','VOLKER HALL G133M','35216',NULL,'BIRMINGHAM','USA','PHARMACOLOGY','UNIVERSITY OF ALABAMA','AL','1670 UNIVERSITY BLVD','VOLKER HALL G133M','35216',3),(387,0,'CHARLESTOWN','USA','RADIOLOGY','MASSACHUSETTS GENERAL HOSP/HARVARD MED','MA','BLDG 75 13TH ST','','2129',1,'1914',1,NULL,NULL,NULL,'ZDRAVKA',NULL,'MEDAROVA',NULL,'CHARLESTOWN','USA','RADIOLOGY','MASSACHUSETTS GENERAL HOSP/HARVARD MED','MA','BLDG 75 13TH ST','','2129',NULL,'CHARLESTOWN','USA','RADIOLOGY','MASSACHUSETTS GENERAL HOSP/HARVARD MED','MA','BLDG 75 13TH ST','','2129',3),(388,0,'BETHESDA','USA','PEDIATRICS','UNIFORMED SERVICES UNIVERSITY OF THE H','MD','4301 JONES BRIDGE ROAD','BUILDING A, ROOM 3033','20814',1,'1915',1,NULL,NULL,NULL,'STEPHEN',NULL,'ROBERTS',NULL,'BETHESDA','USA','PEDIATRICS','UNIFORMED SERVICES UNIVERSITY OF THE H','MD','4301 JONES BRIDGE ROAD','','20814',NULL,'BETHESDA','USA','PEDIATRICS','UNIFORMED SERVICES UNIVERSITY OF THE H','MD','4301 JONES BRIDGE ROAD','BUILDING A, ROOM 3033','20814',3),(389,0,'RANTOUL','USA','','UNIVERSITY OF ILLINOIS AT CHICAGO','IL','INVOICE PROCESSING CENTER','P.O. BOX 820','61866',1,'1916',1,NULL,NULL,NULL,'SARAH',NULL,'GLOVER',NULL,'CHICAGO','USA','MEDICINE/GI','UNIVERSITY F ILLINOIS AT CHICAGO','IL','840 SOUTH WOOD STREET','ROOM 734','60612',NULL,'CHICAGO','USA','MEDICINE/GI','UNIVERSITY F ILLINOIS AT CHICAGO','IL','840 SOUTH WOOD STREET','ROOM 734','60612',3),(390,0,'CHICAGO','USA','PHYSIOLOGY','UNIVERSITY OF ILLINOIS AT CHICAGO','IL','835 S WOLCOTT','','60612',1,'1918',1,NULL,NULL,NULL,'PRIMAL',NULL,'DE LANEROLLE',NULL,'CHICAGO','USA','PHYSIOLOGY','UNIVERSITY OF ILLINOIS AT CHICAGO','IL','835 S WOLCOTT','','60612',NULL,'CHICAGO','USA','PHYSIOLOGY','UNIVERSITY OF ILLINOIS AT CHICAGO','IL','835 S WOLCOTT','','60612',3),(391,0,'TUSKEGEE','USA','ACCOUNTS PAYABLE','TUSKEGEE UNIVERSITY','AL','P.O. BOS 1239','','36088',1,'1920',1,NULL,NULL,NULL,'CLAYTON',NULL,'YATES',NULL,'TUSKEGEE','USA','BIOLOGY','TUSKEGEE UNIVERSITY','AL','CARVER RESEARCH FOUNDATION','ROOM 100','36088',NULL,'TUSKEGEE','USA','BIOLOGY','TUSKEGEE UNIVERSITY','AL','CARVER RESEARCH FOUNDATION','ROOM 100','36088',1),(392,0,'MIAMI','USA','MOLECULAR AND CELLULAR PHARM.','UNIVERSITY OF MIAMI','FL','1600 NW 10 AVENUE','RMSB R-189, ROOM 6140A','33136',1,'1921',1,NULL,NULL,NULL,'TATIJANA',NULL,'ABAFFY',NULL,'MIAMI','USA','MOLECULAR AND CELLULAR PHARM.','UNIVERSITY OF MIAMI','FL','1600 NW 10 AVENUE','RMSB R-189, ROOM 6140A','33136',NULL,'MIAMI','USA','MOLECULAR AND CELLULAR PHARM.','UNIVERSITY OF MIAMI','FL','1600 NW 10 AVENUE','RMSB R-189, ROOM 6140A','33136',1),(393,0,'MIAMI','USA','MOLECULAR AND CELLULAR PHARM','UNIVERSITY OF MIAMI','FL','1600 NW 10 AVENUE','RMSB R-189, ROOM 6140A','33136',1,'1921',1,NULL,NULL,NULL,'TATIJANA',NULL,'ABAFFY',NULL,'MIAMI','USA','MOLECULAR AND CELLULAR PHARM','UNIVERSITY OF MIAMI','FL','1600 NW 10 AVENUE','RMSB R-189, ROOM 6140A','33136',NULL,'MIAMI','USA','MOLECULAR AND CELLULAR PHARM','UNIVERSITY OF MIAMI','FL','1600 NW 10 AVENUE','RMSB R-189, ROOM 6140A','33136',3),(394,0,'BOCA RATON','USA','DIVISION OF RESEARCH','FLORIDA ATLANTIC UNIVERSITY','FL','777 GLADES ROAD','BUILDING 55, ROOM 110','33431',1,'1922',1,NULL,NULL,NULL,'ANDREW',NULL,'TERENTIS',NULL,'BOCA RATON','USA','DIVISION OF RESEARCH','FLORIDA ATLANTIC UNIVERSITY','FL','777 GLADES ROAD','BUILDING 55, ROOM 110','33431',NULL,'BOCA RATON','USA','DIVISION OF RESEARCH','FLORIDA ATLANTIC UNIVERSITY','FL','777 GLADES ROAD','BUILDING 55, ROOM 110','33431',3),(395,0,'INDEPENDENCE','USA','','CLEVELAND CLINIC FOUNDATION','OH','PK 25 6801 BRECKSVILLE RD','','44131',1,'1923',1,NULL,NULL,NULL,'MARTHA',NULL,'CATHCART',NULL,'CLEVELAND','USA','CELL BIOLOGY','CLEVELAND CLINIC FOUNDATION','OH','9500 ELUCID AVENUE','NNI-28','44195',NULL,'CLEVELAND','USA','CELL BIOLOGY','CLEVELAND CLINIC FOUNDATION','OH','9500 EUCLID AVENUE','','44195',1),(396,0,'PEORIA','USA','CANCER BIOLOGY AND PHARMACOLOG','UNIVERSITY OF ILLINOIS','IL','ONE ILLINI DRIVE','','61605',1,'1924',1,NULL,NULL,NULL,'JASTI',NULL,'RAO',NULL,'PEORIA','USA','CANCER BIOLOGY AND PHARMACOLOG','UNIVERSITY OF ILLINOIS','IL','ONE ILLINI DRIVE','','61605',NULL,'PEORIA','USA','CANCER BIOLOGY AND PHARMACOLOG','UNIVERSITY OF ILLINOIS','IL','ONE ILLINI DRIVE','','61605',1),(397,0,'NASHVILLE','USA','DISBURSEMENT SERVICES','VANDERBILT UNIVERSITY MEDICAL CENTER','TN','VU STATION B 351810','2301 VANDERBILT PLACE','37235-1810',1,'1925',1,NULL,NULL,NULL,'NIPUN',NULL,'MERCHANT',NULL,'NASHVILLE','USA','SURGERY, SURGICAL ONCOLOGY DIV','VANDERBILT UNIVERSITY MEDICAL CENTER','TN','597 PRESTON RESEARCH BUILDING','2220 PIERCE AVE','37232',NULL,'NASHVILLE','USA','SURGERY, SURGICAL ONCOLOGY DIV','VANDERBILT UNIVERSITY MEDICAL CENTER','TN','1161 21ST AVE SOUTH','D2300, MCN','37232',3),(398,0,'EUGENE','USA','','UNIVERSITY OF OREGON','OR','1390 FRANKLIN BLVD.','ROOM 160-A, KLAMATH HALL','97403-1229',1,'1926',1,NULL,NULL,NULL,'HUI',NULL,'ZONG',NULL,'EUGENE','USA','INSTITUTE OF MOLECULAR BIOLOGY','UNIVERSITY OF OREGON','OR','1390 FRANKLIN BLVD.','STREISINGER HALL, ROOM 215','97406-1229',NULL,'EUGENE','USA','INSTITUTE OF MOLECULAR BIOLOGY','UNIVERSITY OF OREGON','OR','1390 FRANKLIN BLVD.','ROOM 160-A KLAMATH HALL','97403-1229',3),(399,0,'SAN FRANCISCO','USA','PATHOLOGY','UNIVERSITY OF CALIFORNIA SAN FRANCISCO','CA','185 BERRY ST 1014 SUITE 100','BOX 0506','94143',1,'1927',1,NULL,NULL,NULL,'THEA',NULL,'TLSTY',NULL,'SAN FRANCISCO','USA','PATHOLOGY','UNIVERSITY OF CALIFORNIA SAN FRANCISCO','CA','513 PARNASSUS AVENUE HSW 501','BOX 0511','94143',NULL,'SAN FRANCISCO','USA','PATHOLOGY','UNIVERSITY OF CALIFORNIA SAN FRANCISCO','CA','513 PARNASSUS AVENUE HSW 501','BOX 0511','94143',1),(400,0,'PHILADELPHIA','USA','FELS INSTITUTE','TEMPLE UNIVERSITY','PA','3307 NORTH BROAD STREET','AHB ROOM 331','19140',1,'1929',1,NULL,NULL,NULL,'DAN',NULL,'LIEBERMANN',NULL,'PHILADELPHIA','USA','FELS INSTITUTE','TEMPLE UNIVERSITY','PA','3307 NORTH BROAD STREET','AHB ROOM 331','19140',NULL,'PHILADELPHIA','USA','FELS INSTITUTE','TEMPLE UNIVERSITY','PA','3307 NORTH BROAD STREET','AHB ROOM 331','19140',3),(401,0,'JEFFERSON','USA','DIVISION OF BIOCHEMICAL TOXICO','FDA-NATIONAL CENTER FOR TOXICOLOGICAL','AR','3900 NCTR ROAD','BUILDING 14C. HFT-140','72079',1,'1930',1,NULL,NULL,NULL,'ATHENA',NULL,'STARLARD-DAVENPORT',NULL,'JEFFERSON','USA','DIVISION OF BIOCHEMICAL TOXICO','FDA-NATIONAL CENTER FOR TOXICOLOGICAL','AR','3900 NCTR ROAD','BUILDING 14C. HFT- 140','72079',NULL,'JEFFERSON','USA','DIVISION OF BIOCHEMICAL TOXICO','FDA-NATIONAL CENTER FOR TOXICOLOGICAL','AR','3900 NCTR ROAD','BUILDING 14C. HFT-140','72079',3),(402,0,'MENANDS','USA','ACCOUNTS PAYABLE','HEALTH RESEARCH INC','NY','150 BROADWAY','STE 560','12204',1,'1931',1,NULL,NULL,NULL,'ERASMUS',NULL,'SCHNEIDER',NULL,'ALBANY','USA','WADSWORTH CENTER','NEW YORK STATE DEPT OF HEALTH','NY','EMPIRE STATE PLAZA','BIGGS LABORATORIES, ROOM E610','12201',NULL,'ALBANY','USA','BIGGS LAB/WADSWORTH CENTER','NEW YORK STATE DEPT OF HEALTH','NY','EMPIRE STATE PLAZA','P1SOUTH DOCK J3','12201',1),(403,0,'SAN RAFAEL','USA','NATURAL SCIENCES AND MATHEMATI','DOMINICAN UNIVERSITY','CA','50 ACACIA AVE','ATTN.CHRIS ENDICOTT','94901',1,'1932',1,NULL,NULL,NULL,'MAGGIE',NULL,'LOUIE',NULL,'SAN RAFAEL','USA','NATURAL SCIENCES AND MATHEMATI','DOMINICAN UNIVERSITY','CA','50 ACACIA AVE','','94901',NULL,'SAN RAFAEL','USA','NATURAL SCIENCES AND MATHEMATI','DOMINICAN UNIVERSITY','CA','50 ACACIA AVE','','94901',1),(404,0,'BALTIMORE','USA','ACCOUNTS PAYABLE DEPT.','JOHN HOPKINS EASTERN','MD','1101 EAST 33RD STREET','2ND FLOOR, SUITE A200','21218',1,'1933',1,NULL,NULL,NULL,'MIHOKO',NULL,'KAI',NULL,'BALTIMORE','USA','RADIATION ONCOLOGY','JOHN HOPKINS UNIVERSIY','MD','1550 ORLEANS ST','CRBII, ROOM 404','21231',NULL,'BALTIMORE','USA','RADIATION ONCOLOGY','JOHN HOPKINS UNIVERSIY','MD','1550 ORLEANS ST','CRBII, ROOM 404','21231',3),(405,0,'SYRACUSE','USA','PHARMACOLOGY','UPSTATE MEDICAL UNIVERSITY','NY','750 EAST ADAMS ST','WEISKOTEN HALL ADITION ROOM 43','13210',1,'1934',1,NULL,NULL,NULL,'YING',NULL,'HUANG',NULL,'SYRACUSE','USA','PHARMACOLOGY','UPSTATE MEDICAL UNIVERSITY','NY','750 EAST ADAMS ST','WEISKOTEN HALL ADITION ROOM 4321','13210',NULL,'SYRACUSE','USA','PHARMACOLOGY','UPSTATE MEDICAL UNIVERSITY','NY','750 EAST ADAMS ST','WEISKOTEN HALL ADITION ROOM 43','13210',3),(406,0,'BETHESDA','USA','LABORATORY OF MOLECULAR BIOLOG','NATIONAL CANCER INSTITUTE','MD','BUILDING 37, ROOM 5002','37 CONVENT DR., MSC 4264','20892-4264',1,'1935',1,NULL,NULL,NULL,'MITCHELL',NULL,'HO',NULL,'BETHESDA','USA','LABORATORY OF MOLECULAR BIOLOG','NATIONAL CANCER INSTITUTE','MD','BLDG 37, RM 5002','37 CONVENT DR., MSC 4264','20892',NULL,'BETHESDA','USA','LABORATORY OF MOLECULAR BIOLOG','NATIONAL CANCER INSTITUTE','MD','BLDG 37, RM 5002','37 CONVENT DR., MSC 4264','20892',3),(407,0,'MINNEAPOLIS','USA','MEDICINE ACCOUNTING','UNIVERSITY OF MINNESOTA','MN','MAYO MAIL CODE 194','420 DELAWARE ST SE','55455',1,'1936',1,NULL,NULL,NULL,'JENNIFER',NULL,'HALL',NULL,'MINNEAPOLIS','USA','LILLEHEI HEART INSTITUTE-CARDI','UNIVERSITY OF MINNESOTA','MN','312 CHURCH ST SE','NHH 4-280','55455',NULL,'MINNEAPOLIS','USA','LILLEHEI HEART INSTITUTE-CARDI','UNIVERSITY OF MINNESOTA','MN','312 CHURCH ST SE','NHH 4-280','55455',3),(408,0,'SAN FRANCISCO','USA','PURCHASING DEPT.','J DAVID GLADSTONE INSTITUTES','CA','1650 OWENS STREET','ATTN: SIDNEY ODUAH','94158',1,'1937',1,NULL,NULL,NULL,'WARNER',NULL,'GREENE',NULL,'SAN FRANCISCO','USA','GLADSTONE INSTITUTE OF VIROLOG','J. DAVID GLADSTONE INSTITUTES','CA','365 VERMONT ST.','','94103',NULL,'SAN FRANCISCO','USA','GLADSTONE INSTITUTE OF VIROLOG','J. DAVID GLADSTONE INSTITUTES','CA','1650 OWENS ST.','','94158',1),(409,0,'DURHAM','USA','INSTITUTE FOR GENOME SCIENCE A','DUKE UNIVERSITY','NC','450 RESEARCH DRIVE','BOX 91009','27708',1,'1938',1,NULL,NULL,NULL,'JEANETTE',NULL,'MCCARTHY',NULL,'DURHAM','USA','INSTITUTE FOR GENOME SCIENCE A','DUKE UNIVERSITY','NC','450 RESEARCH DRIVE','LSRC ROOM B323','27708',NULL,'DURHAM','USA','INSTITUTE FOR GENOME SCIENCE A','DUKE UNIVERSITY','NC','450 RESEARCH DRIVE','LSRC ROOM B323','27708',3),(410,0,'PHILADELPHIA','USA','RADIOLOGY','UNIVERSITY OF PENNSYLVANIA','PA','3600 MARKET ST','STE. 360','19104',1,'1939',1,NULL,NULL,NULL,'PAUL',NULL,'YUSHKEVICH',NULL,'PHILADELPHIA','USA','RADIOLOGY','UNIVERSITY OF PENNSYLVANIA','PA','3600 MARKET ST','STE. 370','19104',NULL,'PHILADELPHIA','USA','RADIOLOGY','UNIVERSITY OF PENNSYLVANIA','PA','3600 MARKET ST','STE. 370','19104',3),(411,0,'SEATTLE','USA','ACCOUNTS PAYABLE, J6-320 (PO#)','FRED HUTCHINSON CANCER RESEARCH CENTER','WA','PO BOX 19024, MAILSTOP J6-320','','98109',1,'1940',1,NULL,NULL,NULL,'STEPHEN',NULL,'TAPSCOTT',NULL,'SEATTLE','USA','','FRED HUTCHINSON CANCER RESEARCH CENTER','WA','PO BOX 19024, MAILSTOP C3-168','TAPSCOTT LAB, C3-123','98109',NULL,'SEATTLE','USA','','FRED HUTCHINSON CANCER RESEARCH CENTER','WA','1100 FAIRVEW AVENUE N','C3-123','98109',3),(412,0,'INDIANAPOLIS','USA','ACCOUNTS PAYABLE','INDIANA UNIVERSITY','IN','620 UNION DRIVE','ROOM 443','46202',1,'1942',1,NULL,NULL,NULL,'BRYAN',NULL,'SCHNEIDER',NULL,'INDIANAPOLIS','USA','HEMATOLOGY/ONCOLOGY','INDIANA UNIVERSITY','IN','535 BRANHILL DRIVE','CANCER PAVILION ROOM 473','46202',NULL,'INDIANAPOLIS','USA','HEMATOLOGY/ONCOLOGY','INDIANA UNIVERSITY','IN','980 W. WALMUT ST','WALTHER HALL ROOM C246','46202',3),(413,0,'ORLANDO','USA','BURNETT SCHOOL OF BIOMEDICAL S','UNIVERSITY OF CENTRAL FLORIDA','FL','4000 CENTRAL FLORIDA BLVD','BLDG 20, BMS 136','32826',1,'1943',1,NULL,NULL,NULL,'JAMES',NULL,'TURKSON',NULL,'ORLANDO','USA','BURNETT SCHOOL OF BIOMEDICAL S','UNIVERSITY OF CENTRAL FLORIDA','FL','12722 RESEARCH PARKWAY','','32826',NULL,'ORLANDO','USA','BURNETT SCHOOL OF BIOMEDICAL S','UNIVERSITY OF CENTRAL FLORIDA','FL','12722 RESEARCH PARKWAY','','32826',3),(414,0,'AURORA','USA','PEDIATRICS AND IMMUNOLOGY','UNIVERSITY OF COLORADO AT DENVER HEALT','CO','RCI-NORTH RM 4101','PO BOX 6511 MS 8302','80045',1,'1944',1,NULL,NULL,NULL,'DOUGLAS',NULL,'GRAHAM',NULL,'AURORA','USA','PEDIATRICS AND IMMUNOLOGY','UNIVERSITY OF COLORADO AT DENVER HEALT','CO','RCI-NORTH RM 4101','PO BOX 6511 MS 8302','80045',NULL,'AURORA','USA','PEDIATRICS AND IMMUNOLOGY','UNIVERSITY OF COLORADO AT DENVER HEALT','CO','RCI-NORTH RM 4101','PO BOX 6511 MS 8302','80045',1),(415,0,'CHARLOTTESVILLE','USA','ACCOUNTS PAYABLE','UNIVERISTY OF VIRGINIA','VA','PO BOX 400197','','22904-4197',1,'1945',1,NULL,NULL,NULL,'CHRISTOPHER',NULL,'MOSKALUK',NULL,'CHARLOTTESVILLE','USA','DEPT OF PATHOLOGY','UNIVERISTY OF VIRGINIA','VA','4766 OLD MEDICAL SCHOOL','21 HOSPITAL DR','22908',NULL,'CHARLOTTESVILLE','USA','DEPT OF PATHOLOGY','UNIVERISTY OF VIRGINIA','VA','4766 OLD MEDICAL SCHOOL','21 HOSPITAL DR','22908',1),(416,0,'BETHESDA','USA','MPTB','NATIONAL INSTITUES OF HEALTH','MA','NIH 10/1A21','10 CENTER DRIVE. MSC 1190','20892',1,'1946',1,NULL,NULL,NULL,'JOHN',NULL,'CHIORINI',NULL,'BETHESDA','USA','MPTB','NATIONAL INSTITUES OF HEALTH','MA','NIH 10/1A21','10 CENTER DRIVE. MSC 1190','20892',NULL,'BETHESDA','USA','MPTB','NATIONAL INSTITUES OF HEALTH','MA','NIH 10/1A21','10 CENTER DRIVE. MSC 1190','20892',1),(417,0,'WASHINGTON','USA','RESEARCH CENTER FOR GENETIC ME','CHILDRENS NATIONAL MEDICAL CENTER','DC','111 MICHIGAN AVE NW','','20010',1,'1947',1,NULL,NULL,NULL,'JAVAD',NULL,'NAZARIAN',NULL,'WASHINGTON','USA','RESEARCH CENTER FOR GENETIC ME','CHILDRENS NATIONAL MEDICAL CENTER','DC','111 MICHIGAN AVE NW','','20010',NULL,'WASHINGTON','USA','RESEARCH CENTER FOR GENETIC ME','CHILDRENS NATIONAL MEDICAL CENTER','DC','111 MICHIGAN AVE NW','','20010',1),(418,0,'LOS ANGELES','USA','ACCOUNTS PAYABLE-FINANCE DEPT','CHARLES DREW UNIVERSITY OF MEDICINE','CA','1731 EAST 120TH STREET','','90059',1,'1948',1,NULL,NULL,NULL,'SHEHLA',NULL,'PERVIN',NULL,'LOS ANGELES','USA','ENDOCRINOLOGY','CHARLES DREW UNIVERSITY','CA','1731 EAST 120TH STREET','HAWKINS BLDG. RM 3084A','90059',NULL,'LOS ANGELES','USA','ENDOCRINOLOGY','CHARLES DREW UNIVERSITY','CA','1731 EAST 120TH STREET','HAWKINS BLDG. RM 3084A','90059',3),(419,0,'ANN ARBOR','USA','ACCTS PAYABLE','UNIVERSITY OF MICHIGAN','MI','5091 WOLVERINE TOWER','3003 S STATE ST','48109',1,'1949',1,NULL,NULL,NULL,'DAVID',NULL,'MISEK',NULL,'ANN ARBOR','USA','SURGERY/GENERAL SURGERY','UNIVERSITY OF MICHIGAN','MI','1150 WEST MEDICAL CENTER DR','A510 MSRB-1','48109',NULL,'ANN ARBOR','USA','SURGERY/GENERAL SURGERY','UNIVERSITY OF MICHIGAN','MI','1150 WEST MEDICAL CENTER DR','A510 MSRB-1','48109',1),(420,0,'BOSTON','USA','PURCHASING DEPT.','BOSTON UNIVERSITY MEDICAL CAMPUS','MA','715 ALBANY ST, 560-5','','2118',3,'195',1,NULL,NULL,NULL,'MARY',NULL,'MURNANE',NULL,'BOSTON','USA','PATHOLOGY AND BIOCHEMISTRY','BOSTON UNIVERSITY','MA','PATHOLOGY L-804','715 ALBANY ST.','2118',NULL,'BOSTON','USA','PATHOLOGY AND BIOCHEMISTRY','BOSTON UNIVERSITY','MA','715 ALBANY STREET','L-804','2118',3),(421,0,'BRIGHTON','USA','CENTER FOR CANCER SYSTEMS BIOL','CARITAS ST ELIZABETHS MEDICAL CENTER','MA','36 CAMBRIDGE STREET, CBR-307','','2135',1,'1950',1,NULL,NULL,NULL,'DAVID',NULL,'GOUKASSIAN',NULL,'BRIGHTON','USA','CENTER FOR CANCER SYSTEMS BIOL','CARITAS ST ELIZABETHS MEDICAL CENTER','MA','36 CAMBRIDGE STREET, CBR-307','','2135',NULL,'BRIGHTON','USA','CENTER FOR CANCER SYSTEMS BIOL','CARITAS ST ELIZABETHS MEDICAL CENTER','MA','36 CAMBRIDGE STREET, CBR-307','','2135',3),(422,0,'MADISON','USA','SURGERY','UNIVERISTY OF WISCONSIN-MADISON','WI','5745 MEDICAL SCIENCES CENTER','1300 UNIVERSITY AVE','53706',1,'1951',1,NULL,NULL,NULL,'JACK',NULL,'JIANG',NULL,'MADISON','USA','SURGERY','UNIVERISTY OF WISCONSIN-MADISON','WI','5745 MEDICAL SCIENCES CENTER','1300 UNIVERSITY AVE','53706',NULL,'MADISON','USA','SURGERY','UNIVERISTY OF WISCONSIN-MADISON','WI','5745 MEDICAL SCIENCES CENTER','1300 UNIVERSITY AVE','53706',1),(423,0,'DALLAS','USA','CENTER FOR HUMAN NUTRITION/INT','UT SOUTHWESTERN MEDICAL CENTER','TX','5323 HARRY HINES BLVD.','','75390',1,'1953',1,NULL,NULL,NULL,'ANIL',NULL,'AGARWAL',NULL,'DALLAS','USA','CENTER FOR HUMAN NUTRITION/INT','UT SOUTHWESTERN MEDICAL CENTER','TX','5323 HARRY HINES BLVD.','MAIL CODE 8537','75390',NULL,'DALLAS','USA','CENTER FOR HUMAN NUTRITION/INT','UT SOUTHWESTERN MEDICAL CENTER','TX','5323 HARRY HINES BLVD.','K5.202','75390',3),(424,0,'BALTIMORE','USA','PATHOLOGY','UNIVERSITY OF MARYLAND SCHOOL OF MED.','MD','10 SOUTH PINE STREET','MSTF, ROOM 700','21201-1192',1,'1954',1,NULL,NULL,NULL,'FENG',NULL,'JIANG',NULL,'BALTIMORE','USA','PATHOLOGY','UNIVERSITY OF MARYLAND SCHOOL OF MED.','MD','10 SOUTH PINE STREET','MSTF, ROOM 734C','21201-1192',NULL,'BALTIMORE','USA','PATHOLOGY','UNIVERSITY OF MARYLAND SCHOOL OF MED.','MD','10 SOUTH PINE STREET','MSTF, ROOM 734C','21201-1192',1),(425,0,'TOLEDO','USA','HEALTH EDUCATION BUILDING','UNIVERSITY OF TOLEDO COLLEGE OF PHARMA','OH','ROOM 282F/283A, MAIL STOP 1015','3000 ARLINGTON AVENUE','43614',1,'1956',1,NULL,NULL,NULL,'SALAH-UDDIN',NULL,'AHMED',NULL,'TOLEDO','USA','DEPARTMENT OF PHARMACOLOGY, CO','UNIVERSITY OF TOLEDO','OH','2801 W. BANCROFT ST (MAIN CAMPUS)','2232 AWOLFE HALL, MS #607','43606',NULL,'TOLEDO','USA','DEPARTMENT OF PHARMACOLOGY, CO','UNIVERSITY OF TOLEDO','OH','2801 W. BANCROFT ST (MAIN CAMP','2232 AWOLFE HALL, MS #607','43606',1),(426,0,'TOLEDO','USA','BIOLOGICAL SCIENCES','UNIVERSITY OF TOLEDO','OH','2801 W BANCROFT ST, WH BUILDIN','ROOM 3213B, MS601','43606',1,'1957',1,NULL,NULL,NULL,'MARIA',NULL,'DIAKONOVA',NULL,'TOLEDO','USA','BIOLOGICAL SCIENCES','UNIVERSITY OF TOLEDO','OH','2801 W BANCROFT ST, WH BUILDING','ROOM 3213B, MS601','43606',NULL,'TOLEDO','USA','BIOLOGICAL SCIENCES','UNIVERSITY OF TOLEDO','OH','2801 W BANCROFT ST, WH BUILDIN','ROOM 3213B, MS601','43606',3),(427,0,'CHAPEL HILL','USA','CELL AND MOLECULAR PHYSIOLOGY','UNIVERSITY OF NORTH CAROLINA AT CHAPEL','NC','101 MASON FARM RD. CB 7038','GLAXO RESEARCH BUILDING. RM 03','27599-7038',1,'1958',1,NULL,NULL,NULL,'LOLA',NULL,'REID',NULL,'CHAPEL HILL','USA','CELL AND MOLECULAR PHYSIOLOGY','UNIVERSITY OF NORTH CAROLINA AT CHAPEL','NC','101 MASON FARM RD. CB 7038','GLAXO RESEARCH BUILDING. RM 034','27599-7038',NULL,'CHAPEL HILL','USA','CELL AND MOLECULAR PHYSIOLOGY','UNIVERSITY OF NORTH CAROLINA AT CHAPEL','NC','101 MASON FARM RD. CB 7038','GLAXO RESEARCH BUILDING. RM 03','27599-7038',1),(428,0,'LEXINGTON','USA','MOLECULAR AND BIOMEDICAL PHARM','UNIVERSITY OF KENTUCKY','KY','235 COMBS BLDG.','MARKEY CANCER CENTER','40536',1,'1959',1,NULL,NULL,NULL,'ROLF',NULL,'CRAVEN',NULL,'LEXINGTON','USA','MOLECULAR AND BIOMEDICAL PHARM','UNIVERSITY OF KENTUCKY','KY','235 COMBS BLDG.','MARKEY CANCER CENTER','40536',NULL,'LEXINGTON','USA','MOLECULAR AND BIOMEDICAL PHARM','UNIVERSITY OF KENTUCKY','KY','235 COMBS BLDG.','MARKEY CANCER CENTER','40536',3),(429,0,'COLUMBUS','USA','CENTER FOR CLINICAL AND TRANSL','THE RESEARCH INSTITUTE AT NATIONWIDE C','OH','700 CHILDRENS DRIVE','RESEARCH II, 2ND FLR, RM WA210','43205',1,'1960',1,NULL,NULL,NULL,'DAVID',NULL,'HAINS',NULL,'COLUMBUS','USA','CENTER FOR CLINICAL AND TRANSL','THE RESEARCH INSTITUTE AT NATIONWIDE C','OH','700 CHILDRENS DRIVE','RESEARCH II, 2ND FLR, RM WA2105','43205',NULL,'COLUMBUS','USA','CENTER FOR CLINICAL AND TRANSL','THE RESEARCH INSTITUTE AT NATIONWIDE C','OH','700 CHILDRENS DRIVE','RESEARCH II, 2ND FLR, RM WA210','43205',1),(430,0,'BIRMINGHAM','USA','ACOUNTS PAYABLE','UNIVERSITY OF ALABAMA AT BIRMINGHAM','AL','1530 3RD AVENUE SOUTH','AB 660','35294-0007',1,'1961',1,NULL,NULL,NULL,'STEVEN',NULL,'CARROLL',NULL,'BIRMINGHAM','USA','CLINICAL PATHOLOGY','UNIVERSITY OF ALABAMA AT BIRMINGHAM','AL','1720 7TH AVENUE SOUTH','SPARKS CENTER ROOM 930G3','35294-0007',NULL,'BIRMINGHAM','USA','CLINICAL PATHOLOGY','UNIVERSITY OF ALABAMA AT BIRMINGHAM','AL','212 15TH STREET','SC 843','35294-0007',1),(431,0,'WINNIPEG','CANADA','MANITOBA INSTITUTE OF CELL BIO','UNIVERSITY OF MANITOBA/CANCER CARE','MB','675 MCDERMONT AVE','RM ON6046','R3E0V9',1,'1962',1,NULL,NULL,NULL,'SABINE',NULL,'MAI',NULL,'WINNIPEG','CANADA','MANITOBA INSTITUTE OF CELL BIO','UNIVERSITY OF MANITOBA/CANCER CARE','MB','675 MCDERMONT AVE','RM ON6046','R3E0V9',NULL,'WINNIPEG','CANADA','MANITOBA INSTITUTE OF CELL BIO','UNIVERSITY OF MANITOBA/CANCER CARE','MB','675 MCDERMONT AVE','RM ON6046','R3E0V9',3),(432,0,'TORONTO','CANADA','DIVISION OF STEM CELL AND DEVE','ONTARIO CANCER INSTITUTE/UNIVERSITY HE','ON','TMDT 8-401D','101 COLLEGE ST','M5G1L7',1,'1963',1,NULL,NULL,NULL,'LAURIE',NULL,'AILLES',NULL,'TORONTO','CANADA','DIVISION OF STEM CELL AND DEVE','ONTARIO CANCER INSTITUTE/UNIVERSITY HE','ON','TMDT 8-401D','101 COLLEGE ST','M5G1L7',NULL,'TORONTO','CANADA','DIVISION OF STEM CELL AND DEVE','ONTARIO CANCER INSTITUTE/UNIVERSITY HE','ON','TMDT 8-401D','101 COLLEGE ST','M5G1L7',1),(433,0,'BALTIMORE','USA','DEPARTMENT OF BIOCHEMISTRY AND','UNIV OF MARYLAND BIOTECHNOLOGY INSTIT.','MD','701 EAST PRATT STREET','COLUMBUS CENTER, SUITE 236','21202',1,'1965',1,NULL,NULL,NULL,'HAFIZ',NULL,'AHMED',NULL,'BALTIMORE','USA','DEPARTMENT OF BIOCHEMISTRY AND','UNIV OF MARYLAND BIOTECHNOLOGY INSTIT.','MD','701 EAST PRATT STREET','COLUMBUS CENTER, SUITE 236','21202',NULL,'BALTIMORE','USA','DEPARTMENT OF BIOCHEMISTRY AND','UNIV OF MARYLAND BIOTECHNOLOGY INSTIT.','MD','701 EAST PRATT STREET','COLUMBUS CENTER, SUITE 236','21202',3),(434,0,'TORONTO','CA','DEPARTMENT OF BIOLOGY','YORK UNIVERSITY','ON','128 FARQUHARSON LIFE BUILDING','4700 KEELE ST','M3J1P3',1,'1966',1,NULL,NULL,NULL,'SURAJ',NULL,'UNNIAPPAN',NULL,'TORONTO','CA','DEPARTMENT OF BIOLOGY','YORK UNIVERSITY','ON','128 FARQUHARSON LIFE BUILDING','4700 KEELE ST','M3J1P3',NULL,'TORONTO','CANADA','TORONTO CENTRE FOR PHENOGENOMI','CENTER FOR MODELING HUMAN DISEASE','ON','LILY MORIKAWA, MLT','25 ORDE STREET','M5T3H7',3),(435,0,'NASHVILLE','USA','DEPT. OF BIOCHEMISTRY','MEHARRY MEDICAL COLLEGE','TN','ATTN: DR. AMOSY MKOMA','1005 D.B. TODD BLVD.','37208',1,'1967',1,NULL,NULL,NULL,'AMOSY',NULL,'MKOMA',NULL,'NASHVILLE','USA','DEPT OF BIOCHEMISTRY','MEHARRY MEDICAL COLLEGE','TN','1005 D.B. TODD JR. BLVD','','37208',NULL,'NASHVILLE','USA','','MEHARRY MEDICAL COLLEGE','TN','1005 D.B TODD JR. BLVD','W. BASIC SCIENCE BLDG, RM 3115','37208',1),(436,0,'MINNEAPOLIS','USA','RESEARCH AND GRAD SCHOOL','AP VOUCHER ENTRY- JOHNSTON HALL','MN','ROOM 420','101 PLEASANT ST SE','55455',1,'1969',1,NULL,NULL,NULL,'MOHAMMED SALEEM',NULL,'BHAT',NULL,'AUSTIN','USA','THE HORMEL INSTITUTE','UNIVERSITY OF MINNESOTA-TWIN CITIES CA','MN','801, 16TH AVE NE','','55912',NULL,'AUSTIN','USA','THE HORMEL INSTITUTE','UNIVERSITY OF MINNESOTA-TWIN CITIES CA','MN','801, 16TH AVE NE','','55912',3),(437,0,'DURHAM','USA','RESERACH 151','VA MEDICAL CENTER','NC','508 FULTON STREET','ROOM # A2021','27705',1,'1970',1,NULL,NULL,NULL,'MICHAEL',NULL,'KELLEY',NULL,'DURHAM','USA','HEME/ONC (111G)','DUKE UNIVERSITY','NC','508 FULTON STREET','','27705',NULL,'DURHAM','USA','HEME/ONC','DUKE UNIVERSITY','NC','508 FULTON STREET','E3007','27705',1),(438,0,'DURHAM','USA','MEDICAL ONCOLOGY','DUKE UNIVERSITY MEDICAL CENTER','NC','BOX 2628','','27710',1,'1971',1,NULL,NULL,NULL,'CATHERINE',NULL,'IBARRA-DRENDALL',NULL,'DURHAM','USA','MEDICINE-MEDICAL ONCOLOGY','DUKE UNIVERSITY MEDICAL CENTER','NC','RESEARCH DRIVE, MSRB1, RM 217','BOX 2628','27710',NULL,'DURHAM','USA','MEDICINE-MEDICAL ONCOLOGY','DUKE UNIVERSITY MEDICAL CENTER','NC','RESEARCH DRIVE, MSRB1, RM 217','BOX 2628','27710',3),(439,0,'SAN FRANCISCO','USA','ACCOUTS PAYABLE','BLOOD SYSTEMS RESEARCH INST. UCSF','CA','ATTN:JERRY MICHAELSON','270 MASONIC AVE','94118',1,'1972',1,NULL,NULL,NULL,'ERIC',NULL,'DELWART',NULL,'SAN FRANCISCO','USA','','BLOOD SYSTEMS RESEARCH INST. UCSF','CA','270 MASONIC AVE','','94118',NULL,'SAN FRANCISCO','USA','','BLOOD SYSTEMS RESEARCH INST. UCSF','CA','270 MASONIC AVE','','94118',3),(440,0,'TORONTO','CANADA','DIVISION OF STEM CELL AND DEVE','ONTARIO CANCER INSTITUE, UNIV HEALTH','ON','TMDT 8-601','101 COLLEGE ST','M5G1L7',1,'1974',1,NULL,NULL,NULL,'BENJAMIN',NULL,'NEEL',NULL,'TORONTO','CANADA','DIVISION OF STEM CELL AND DEVE','ONTARIO CANCER INSTITUE, UNIV HEALTH','ON','TMDT 8-601','101 COLLEGE ST','M5G1L7',NULL,'TORONTO','CANADA','DIVISION OF STEM CELL AND DEVE','ONTARIO CANCER INSTITUE, UNIV HEALTH','ON','TMDT 8-601','101 COLLEGE ST','M5G1L7',3),(441,0,'BOSTON','USA','ENDOCRINOLOGY','BETH ISRAEL DEACONESS MEDICAL CENTER','MA','330 BROOKLINE AVE., FELDBERG 8','','2215',1,'1975',1,NULL,NULL,NULL,'CHTRISTOS',NULL,'MANTZOROS',NULL,'BOSTON','USA','ENDOCRINOLOGY','BETH ISRAEL DEACONESS MEDICAL CENTER','MA','330 BROOKLINE AVE., FELDBERG 875','','2215',NULL,'BOSTON','USA','ENDOCRINOLOGY','BETH ISRAEL DEACONESS MEDICAL CENTER','MA','KONSTANTINOS ARONIS','330 BROOKLINE AVE., SL 412','2215',1),(442,0,'BUFFALO','USA','UNIVERSITY AT BUFFALO','RESEACRH FOUNDATION ACCOUNTS PAYABLE','NY','206 CROFTS HALL','','14260',1,'1977',1,NULL,NULL,NULL,'JAVIER',NULL,'BLANCO',NULL,'BUFFALO','USA','PHARMACEUTICAL SCIENCES','THE STATE UNIVERSITY OF NEW YORK BUFFA','NY','545 COOKE HALL','','14260',NULL,'BUFFALO','USA','PHARMACEUTICAL SCIENCES','THE STATE UNIVERSITY OF NEW YORK BUFFA','NY','ATTN: JAMES L KALABUS','527 COOKE HALL','14260',1),(443,0,'ROCKFORD','USA','BIOPHARMACEUTICAL SCIENCES','UIC - ROCKFORD','IL','1601 PARKVIEW AVE., N308','','61107',1,'1978',1,NULL,NULL,NULL,'XIAOLONG',NULL,'HE',NULL,'ROCKFORD','USA','BIOPHARMACEUTICAL SCIENCES','UIC - ROCKFORD','IL','1601 PARKVIEW AVE., N308','','61107',NULL,'ROCKFORD','USA','BIOPHARMACEUTICAL SCIENCES','UIC - ROCKFORD','IL','1601 PARKVIEW AVE., N320','','61107',3),(444,0,'BALTIMORE','USA','ONCOLOGY','JOHN HOPKINS UNIVERSITY','MD','1650 ORLEANS ST','CRB 1, RM 589','21287',1,'1979',1,NULL,NULL,NULL,'BERT',NULL,'VOGELSTEIN',NULL,'BALTIMORE','USA','ONCOLOGY','JOHN HOPKINS UNIVERSITY','MD','1650 ORLEANS ST','CRB 1, RM 589','21287',NULL,'BALTIMORE','USA','ONCOLOGY','JOHN HOPKINS UNIVERSITY','MD','1650 ORLEANS ST','CRB 1, RM 589','21287',3),(445,0,'KALAMAZOO','USA','BIOLOGICAL SCIENCES','WESTERN MICHIGAN UNIVERSITY','MI','1201 OLIVER ST','','49008',1,'1981',1,NULL,NULL,NULL,'BRUCE',NULL,'BEJCEK',NULL,'KALAMAZOO','USA','BIOLOGICAL SCIENCES','WESTERN MICHIGAN UNIVERSITY','MI','1903 W MICHIGAN AVE','','49008',NULL,'KALAMAZOO','USA','BIOLOGICAL SCIENCES','WESTERN MICHIGAN UNIVERSITY','MI','1201 OLIVER ST','','49008',1),(446,0,'CLEVELAND','USA','CHEMICAL AND BIOMEDICAL ENG.','CLEVELAND STATE UNIVERISTY','OH','STILLWELL HALL 455','1960 EAST 24TH ST','44115',1,'1982',1,NULL,NULL,NULL,'AARON',NULL,'FLEISHCMAN',NULL,'CLEVELAND','USA','BIOMEDICAL ENGINEERING','LERNER RESEARCH H INSTITUTE','OH','CLEVELAND CLINIC','9500 EUCLID AVE. ND-20','44195',NULL,'CLEVELAND','USA','BIOMEDICAL ENG./BIOMEMS LAB','LERNER RESEARCH H INSTITUTE','OH','SUSHMA SRINIVAS','2111 E. 96TH ST. ND3-75','44195',3),(447,0,'RTP','USA','LABORATORY OF SIGNAL TRANSDUCT','NIH, ENVIRONMENTAL HEALTH SCIENCES','NC','BUILDING 101/ROOM F257','111 TW ALEXANDER DRIVE','27709',1,'1983',1,NULL,NULL,NULL,'XIAOLING',NULL,'LI',NULL,'RTP','USA','LABORATORY OF SIGNAL TRANSDUCT','NIH, ENVIRONMENTAL HEALTH SCIENCES','NC','BUILDING 101/ROOM F239A','111 TW ALEXANDER DRIVE','27709',NULL,'RTP','USA','LABORATORY OF SIGNAL TRANSDUCT','NIH, ENVIRONMENTAL HEALTH SCIENCES','NC','BUILDING 101/ROOM F239A','111 TW ALEXANDER DRIVE','27709',1),(448,0,'PHILADELPHIA','USA','ORTHOPEDIC SURGERY','UNIVERSITY OF PENNSYLVANIA','PA','3400 SPRUCE STREET','SILVERSTEIN 2','19104',1,'1984',1,NULL,NULL,NULL,'FREDERICK',NULL,'KAPLAN',NULL,'PHILADELPHIA','USA','ORTHOPEDIC SURGERY','UNIVERSITY OF PENNSYLVANIA','PA','3400 SPRUCE STREET','SILVERSTEIN 2','19104',NULL,'PHILADELPHIA','USA','ORTHOPEDIC SURGERY','UNIVERSITY OF PENNSYLVANIA','PA','36TH & HAMILTON WALK','510 STEMMLER HALL','19104',3),(449,0,'NEW HAVEN','USA','ACCOUNTS PAYABLE','YALE UNIVERSITY','CT','P.O. BOX 208228','','6520',1,'1985',1,NULL,NULL,NULL,'DEEPAK',NULL,'NARAYAN',NULL,'NEW HAVEN','USA','SURGERY','YALE UNIVERSITY SCHOOL OF MEDICINE','CT','330 CEDAR ST','RM 330 BOARDMAN BUILDING','6519',NULL,'NEW HAVEN','USA','SURGERY','YALE UNIVERSITY SCHOOL OF MEDICINE','CT','330 CEDAR ST','RM 330 BOARDMAN BUILDING','6519',1),(450,0,'BETHESDA','USA','ACCOUNTS PAYABLE','','MD','8424 HELGERMAN CT','','20892',1,'1986',1,NULL,NULL,NULL,'YAMINI',NULL,'DALAL',NULL,'BETHESDA','USA','LRBGE/CCR','NCI','MD','BLDG 41. RM B901','900 ROCKVILLE PIKE','20892',NULL,'BETHESDA','USA','LRBGE/CCR','NCI','MD','BLDG 41. RM B901','900 ROCKVILLE PIKE','20892',3),(451,0,'CAMBRIDGE','USA','CHEMISTRY AND CHEMICAL BIOLOGY','HARVARD UNIVERSITY','MA','12 OXFORD STREET','MALLINCKRODT 029','2138',1,'1987',1,NULL,NULL,NULL,'XIAOLONG',NULL,'XIE',NULL,'CAMBRIDGE','USA','CHEMISTRY AND CHEMICAL BIOLOGY','HARVARD UNIVERSITY','MA','12 OXFORD STREET','MALLINCKRODT 029','2138',NULL,'CAMBRIDGE','USA','CHEMISTRY AND CHEMICAL BIOLOGY','HARVARD UNIVERSITY','MA','12 OXFORD STREET','MALLINCKRODT 029','2138',3),(452,0,'CHARLOTTESVILLE','USA','PATHOLOGY','UNIVERSITY OF VIRGINIA','VA','345 CRISPELL DR','MR6-B710','22908',1,'1988',1,NULL,NULL,NULL,'HUI',NULL,'LI',NULL,'CHARLOTTESVILLE','USA','PATHOLOGY','UNIVERSITY OF VIRGINIA','VA','345 CRISPELL DR','MR6-B710','22908',NULL,'CHARLOTTESVILLE','USA','PATHOLOGY','UNIVERSITY OF VIRGINIA','VA','345 CRISPELL DR','MR6-B710','22908',1),(453,0,'WEST LAFAYETTE','USA','ATTN: CINDY STERRETT','PURDUE UNIVERSITY','IN','625 HARRISON STREET','','47907',1,'1989',1,NULL,NULL,NULL,'DEBORAH',NULL,'KNAPP',NULL,'WEST LAFAYETTE','USA','VETERINARY CLINICAL SCIENCES','PURDUE UNIVERSITY','IN','623 HARRISON STREET','','47907',NULL,'WEST LAFAYETTE','USA','VETERINARY CLINICAL SCIENCES','PURDUE UNIVERSITY','IN','623 HARRISON STREET','','47907',1),(454,0,'PILADELPHIA','USA','BIOCHEMISTRY AND BIOPHYSICS','UNIVERSITY OF PENNSYLVANIA','PA','STELLER-CHANCE LABS 906','422 CURIE BLVD','19104',1,'1990',1,NULL,NULL,NULL,'KRISTEN',NULL,'LYNCH',NULL,'PILADELPHIA','USA','BIOCHEMISTRY AND BIOPHYSICS','UNIVERSITY OF PENNSYLVANIA','PA','STELLER-CHANCE LABS 909','422 CURIE BLVD','19104',NULL,'PILADELPHIA','USA','BIOCHEMISTRY AND BIOPHYSICS','UNIVERSITY OF PENNSYLVANIA','PA','STELLER-CHANCE LABS 909','422 CURIE BLVD','19104',3),(455,0,'STANFORD','USA','GENETICS DEPARTMENT','STANFORD UNIVERSITY','CA','ALWAY BLDG. M 308','','94305-5210',1,'1991',1,NULL,NULL,NULL,'MICHAEL',NULL,'SNYDER',NULL,'STANFORD','USA','GENETICS DEPARTMENT','STANFORD UNIVERSITY','CA','ALWAY BLDG. M 308','','94305-5210',NULL,'STANFORD','USA','GENETICS DEPARTMENT','STANFORD UNIVERSITY','CA','ALWAY BLDG. M 308','','94305-5210',1),(456,0,'STONY BROOK','USA','EMERGENCY MEDICINE & ORAL BIOL','STONY BROOK UNIVERSITY','NY','WESCHESTER HALL ROOM #160','','11794',1,'1992',1,NULL,NULL,NULL,'SABINE',NULL,'BROUXHON',NULL,'STONY BROOK','USA','EMERGENCY MEDICINE & ORAL BIOL','STONY BROOK UNIVERSITY','NY','WESCHESTER HALL ROOM #160','','11794',NULL,'STONY BROOK','USA','EMERGENCY MEDICINE & ORAL BIOL','STONY BROOK UNIVERSITY','NY','WESCHESTER HALL ROOM #160','','11794',1),(457,0,'EAST LANSING','USA','ACCOUNTS PAYABLE','MICHIGAN STATE UNIVERSITY','MI','103 ANGELL BUILDING','','48824',1,'1993',1,NULL,NULL,NULL,'ASGERALLY',NULL,'FAZLEABAS',NULL,'GRAND RAPIDS','USA','OBGYN + REPRODUCTIVE BIOLOGY','MICHIGAN STATE UNIVERSITY','MI','C/O THE VAN ANDEL RESEARCH INSTITU','333 BOSTWICK NE, RM 4027','49503',NULL,'GRAND RAPIDS','USA','OBGYN + REPRODUCTIVE BIOLOGY','MICHIGAN STATE UNIVERSITY','MI','C/O THE VAN ANDEL RESEARCH INS','333 BOSTWICK NE, RM 4027','49503',3),(458,0,'MILWAUKEE','USA','DEPARTMENT OF MEDICINE, DIVISI','MEDICAL COLLEGE OF WISCONSIN','WI','8701 WATERTOWN PLANK RD','TBRC C4930','53226',1,'1994',1,NULL,NULL,NULL,'LI-SHU',NULL,'WANG',NULL,'MILWAUKEE','USA','DEPARTMENT OF MEDICINE, DIVISI','MEDICAL COLLEGE OF WISCONSIN','WI','8701 WATERTOWN PLANK RD','TBRC C4930','53226',NULL,'MILWAUKEE','USA','DEPARTMENT OF MEDICINE, DIVISI','MEDICAL COLLEGE OF WISCONSIN','WI','8701 WATERTOWN PLANK RD','TBRC C4930','53226',3),(459,0,'TAMPA','USA','DEPT. OG MALIGNANT HEMATOLOGY','MOFFITT CANCER CENTER','FL','12902 MAGNOLIA DRIVE','SRB-3. ROOM 23234','33612',1,'1995',1,NULL,NULL,NULL,'LUBOMIR',NULL,'SOKOL',NULL,'TAMPA','USA','DEPT. OG MALIGNANT HEMATOLOGY','MOFFITT CANCER CENTER','FL','12902 MAGNOLIA DRIVE','SRB-3. ROOM 23234','33612',NULL,'','USA','','','','','','',1),(460,0,'NEW YORK','USA','LABORATORY OF CELLULAR BIOPHYS','ROCKEFELLER UNIVERSITY','NY','1230 YORK AVENUE','BOX 304','10065',1,'1996',1,NULL,NULL,NULL,'SANFORD',NULL,'SIMON',NULL,'NEW YORK','USA','LABORATORY OF CELLULAR BIOPHYS','ROCKEFELLER UNIVERSITY','NY','1230 YORK AVENUE','BOX 304','10065',NULL,'NEW YORK','USA','LABORATORY OF CELLULAR BIOPHYS','ROCKEFELLER UNIVERSITY','NY','1230 YORK AVENUE','BOX 304','10065',3),(461,0,'AUSTIN','USA','PURCHASING OFFICE','THE UNIVERSITY OF TEXAS AT AUSTIN','TX','MAIN BUILDING ROOM 132','INNER CAMPUS DRIVE','78712',1,'1997',1,NULL,NULL,NULL,'JAMES',NULL,'TUNNELL',NULL,'AUSTIN','USA','BIOMEDICAL ENGINEERING','THE UNIVERSITY OF TEXAS AT AUSTIN','TX','1 UNIVERSITY STATION C0800','','78712',NULL,'AUSTIN','USA','BIOMEDICAL ENGINEERING','THE UNIVERSITY OF TEXAS AT AUSTIN','TX','107 W DEAN KEETON','BME 3.314','78712',1),(462,0,'CHICAGO','USA','PATHOLOGY','UNIVERSITY OF ILLINOIS AT CHICAGO','IL','840 S WOOD STREET CSN 130','M/C 847','60612',1,'1998',1,NULL,NULL,NULL,'PETER',NULL,'GANN',NULL,'CHICAGO','USA','PATHOLOGY','UNIVERSITY OF ILLINOIS AT CHICAGO','IL','840 S WOOD STREET CSN 130','M/C 847','60612',NULL,'CHICAGO','USA','PATHOLOGY','UIC','IL','909 S WOLCOTT AVENUE','COMRB LAN 6140','',3),(463,0,'MILWAUKEE','USA','','MEDICAL COLLEGE OF WISCONSIN','WI','8701 WATERTOWN PLANK RD','TBRC, C4655','53226',1,'2000',1,NULL,NULL,NULL,'JANEL',NULL,'RADER',NULL,'MILWAUKEE','USA','OBSTETRICS AND GYNECOLOGY','MEDICAL COLLEGE OF WISCONSIN','WI','9200 W WISCONSIN AVE','FMCLB 258','53226',NULL,'MILWAUKEE','USA','','MEDICAL COLLEGE OF WISCONSIN','WI','8701 WATERTOWN PLANK RD','TBRC, C4655','53226',3),(464,0,'CLEVELAND','USA','MEDICINE','METROHEALTH MEDICAL CENTER','OH','2500 METROHEALTH DRIVE','R415','44109',1,'2001',1,NULL,NULL,NULL,'JOHN',NULL,'SEDOR',NULL,'CLEVELAND','USA','MEDICINE','METROHEALTH MEDICAL CENTER','OH','2500 METROHEALTH DRIVE','R415','44109',NULL,'CLEVELAND','USA','MEDICINE','METROHEALTH MEDICAL CENTER','OH','2500 METROHEALTH DRIVE','R415','44109',1),(465,0,'TOLEDO','USA','','UNIVERSITY OF TOLEDO','OH','2801 WDEST BANCROFT ST','MS 601','43606',1,'2003',1,NULL,NULL,NULL,'DEBROAH',NULL,'VESTAL',NULL,'TOLEDO','USA','BIOLOGICAL SCIENCES/BIOCHEMIST','UNIVERSITY OF TOLEDO','OH','3000 TRANSVERSE AVE','RM 304, BLOCK HEALTH SCIENCE BLDG','43614',NULL,'TOLEDO','USA','BIOLOGICAL SCIENCES/BIOCHEMIST','UNIVERSITY OF TOLEDO','OH','3000 TRANSVERSE AVE','RM 304, BLOCK HEALTH SCIENCE B','43614',1),(466,0,'JACKSON','USA','PATHOLOGY','UNIVERSITY OF MISSISSIPPI MEDICAL CTR','MS','RESEARCH WING R-210','2500 NORTH STATE STREET','39216',1,'2005',1,NULL,NULL,NULL,'XINCHUN',NULL,'ZHOU',NULL,'JACKSON','USA','PATHOLOGY','UNIVERSITY OF MISSISSIPPI MEDICAL CTR','MI','RESEARCH WING R-210','2500 NORTH STATE STREET','39216',NULL,'JACKSON','USA','PATHOLOGY','UNIVERSITY OF MISSISSIPPI MEDICAL CTR','MI','RESEARCH WING R-210','2500 NORTH STATE STREET','39216',1),(467,0,'WEST HENRIETTA','USA','AAB CARDIOVASCULAR INSTITUTE','UNVIVERSITY OF ROCHESTER SCHOOL OF MED','NY','DEPT. OF MEDICINE','211 WEST BAILEY ROAD','14586',1,'2006',1,NULL,NULL,NULL,'CHARLES',NULL,'LOWENSTEIN',NULL,'WEST HENRIETTA','USA','AAB CARDIOVASCULAR INSTITUTE','UNVIVERSITY OF ROCHESTER SCHOOL OF MED','NY','DEPT. OF MEDICINE','211 WEST BAILEY ROAD','14586',NULL,'WEST HENRIETTA','USA','AAB CARDIOVASCULAR INSTITUTE','UNVIVERSITY OF ROCHESTER SCHOOL OF MED','NY','DEPT. OF MEDICINE','211 WEST BAILEY ROAD','14586',3),(468,0,'WICHITA','USA','BIOLOGICAL SCIENCES','WICHITA STATE UNIVERSITY','KS','1845 FAIRMOUNT','CAMPUS BOX 26','67260-0026',1,'2007',1,NULL,NULL,NULL,'GEORGE',NULL,'BOUSFIELD',NULL,'WICHITA','USA','BIOLOGICAL SCIENCES','WICHITA STATE UNIVERSITY','KS','1845 FAIRMOUNT','431 HUBBARD HALL','67260-0026',NULL,'WICHITA','USA','BIOLOGICAL SCIENCES','WICHITA STATE UNIVERSITY','KS','1845 FAIRMOUNT','CAMPUS BOX 26','67260-0026',1),(469,0,'BOSTON','USA','DIVISION OF PULMONARY, CRITICA','BETH ISRAEL DEACONESS MEDICAL CENTER','MA','ATTN: MARILYN TESSIER','HIM 242, 4 BLACKFAN CIRCLE','2115',1,'2008',1,NULL,NULL,NULL,'J.WOODROW',NULL,'WEISS',NULL,'BOSTON','USA','DIVISION OF PULMONARY, CRITICA','BETH ISRAEL DEACONESS MEDICAL CENTER','MA','GZ 405','','2215',NULL,'BOSTON','USA','DIVISION OF PULMONARY, CRITICA','BETH ISRAEL DEACONESS MEDICAL CENTER','MA','GZ 405','','2215',3),(470,0,'NASHVILLE','USA','GASTROENTEROLOGY/MEDICINE','VANDERBILT UNIVERSITY MEDICAL CENTER','TN','1030C MRB4','2215 GARLAND AVE','37232',1,'2009',1,NULL,NULL,NULL,'BARBARA',NULL,'SCHNEIDER',NULL,'NASHVILLE','USA','GASTROENTEROLOGY/MEDICINE','VANDERBILT UNIVERSITY MEDICAL CENTER','TN','1030C MRB4','2215 GARLAND AVE','37232',NULL,'NASHVILLE','USA','GASTROENTEROLOGY/MEDICINE','VANDERBILT UNIVERSITY MEDICAL CENTER','TN','1030C MRB4','2215 GARLAND AVE','37232',1),(471,0,'NEW BRUNSWICK','USA','','CANCER INSTITUE OF NEW JERSEY','NJ','335 GEORGE STREET','','8901',1,'2010',1,NULL,NULL,NULL,'EUGENIA',NULL,'XU',NULL,'NEW BRUNSWICK','USA','','CANCER INSTITUE OF NEW JERSEY','NJ','195 LITTLE ALBANY STREET','RM 3556','8901',NULL,'NEW BRUNSWICK','USA','','CANCER INSTITUE OF NEW JERSEY','NJ','195 LITTLE ALBANY STREET','RM 3556','8901',1),(472,0,'JEFFERSON','USA','DIVISION OF GENETIC AND REPROD','NATIONAL CENTER FOR TOXILOGICAL RESEAR','AR','3900 NCTR ROAD','HFT 120','72079',1,'2011',1,NULL,NULL,NULL,'MEAGAN',NULL,'MYERS',NULL,'JEFFERSON','USA','DIVISION OF GENETIC AND REPROD','NATIONAL CENTER FOR TOXILOGICAL RESEAR','AR','3900 NCTR ROAD','HFT 120','72079',NULL,'JEFFERSON','USA','DIVISION OF GENETIC AND REPROD','NATIONAL CENTER FOR TOXILOGICAL RESEAR','AR','3900 NCTR ROAD','BLDG 50, ROOM 301, HFT-002','72079',3),(473,0,'INDIANAPOLIS','USA','INTERNAL MEDICINE','INDIANA UNIVERISTY MELVIN AND BREN SIM','IN','980 W. WALNUT STREET','','46202',1,'2012',1,NULL,NULL,NULL,'SHADIA',NULL,'JALAL',NULL,'INDIANAPOLIS','USA','INTERNAL MEDICINE','INDIANA UNIVERISTY MELVIN AND BREN SIM','IN','980 W. WALNUT STREET','','46202',NULL,'INDIANAPOLIS','USA','INTERNAL MEDICINE','INDIANA UNIVERISTY MELVIN AND BREN SIM','IN','980 W. WALNUT STREET','LAB #564','46202',1),(474,0,'PITTSBURGH','USA','DERMATOLOGY','UNIVERISTY OF PITSBURGH','PA','200 LOTHROP ST','PRESBY SOUTH TOWER, SUITE 3880','15213',1,'2013',1,NULL,NULL,NULL,'ALICIA',NULL,'MATHERS',NULL,'PITTSBURGH','USA','DERMATOLOGY','UNIVERISTY OF PITSBURGH','PA','200 LOTHROP ST','PRESBY SOUTH TOWER, SUITE 3880','15213',NULL,'PITTSBURGH','USA','DERMATOLOGY','UNIVERISTY OF PITSBURGH','PA','200 LOTHROP ST','PRESBY SOUTH TOWER, SUITE 3880','15213',1),(475,0,'NEW YORK','USA','BACTERIAL PATHOGENESIS AND IMM','THE ROCKEFELLER UNIVERSITY','NY','1230 YORK AVENUE','BOX 172','10065',1,'2014',1,NULL,NULL,NULL,'VINCENT',NULL,'FISCHETTI',NULL,'NEW YORK','USA','BACTERIAL PATHOGENESIS AND IMM','THE ROCKEFELLER UNIVERSITY','NY','1230 YORK AVENUE','BOX 172','10065',NULL,'NEW YORK','USA','BACTERIAL PATHOGENESIS AND IMM','THE ROCKEFELLER UNIVERSITY','NY','1230 YORK AVENUE','BOX 172','10065',1),(476,0,'STONY BROOK','USA','RESEARCH ACCOUNTS PAYBLE','STONY BROOK UNIVERSITY','NY','RESEARCH ACCOUNTING','DEVELOPMENT PARK BLDG 17','11794',1,'2015',1,NULL,NULL,NULL,'JENNIE',NULL,'WILLIAMS',NULL,'STONY BROOK','USA','MEDICINE','STONY BROOK UNIVERSITY','NY','HSC. T-17 ROOM 080','','11794',NULL,'STONY BROOK','USA','MEDICINE','STONY BROOK UNIVERSITY','NY','HSC. T-17 ROOM 080','','11794',1),(477,0,'GREENSBORO','USA','JOINT SCHOOL OF NANOSCIENCE','UNIVERSITY OF NORTH CAROLINA AT GREENS','NC','2907 EAST LEE STREET','','27401',1,'2016',1,NULL,NULL,NULL,'CHRIS',NULL,'KEPLEY',NULL,'GREENSBORO','USA','JOINT SCHOOL OF NANOSCIENCE','UNIVERSITY OF NORTH CAROLINA AT GREENS','NC','2907 EAST LEE STREET','','27401',NULL,'GREENSBORO','USA','JOINT SCHOOL OF NANOSCIENCE','UNIVERSITY OF NORTH CAROLINA AT GREENS','NC','2907 EAST LEE STREET','','27401',1),(478,0,'ROCKVILLE','USA','GENOME TECHNOLOGY BRANCH','NATIONAL HUMAN GENOME RESEARCH INST','MD','5625 FISHERS LANE','ROOM 5N-03','20852',1,'2017',1,NULL,NULL,NULL,'LAURA',NULL,'ELNITSKI',NULL,'ROCKVILLE','USA','GENOME TECHNOLOGY BRANCH','NATIONAL HUMAN GENOME RESEARCH INST','MD','5625 FISHERS LANE','ROOM 5N-03','20852',NULL,'ROCKVILLE','USA','GENOME TECHNOLOGY BRANCH','NATIONAL HUMAN GENOME RESEARCH INST','MD','5625 FISHERS LANE','ROOM 5N-03','20852',1),(479,0,'PHILADELPHIA','USA','SCHOOL OF MEDICINE','UNIVERSITY OF PENNSYLVANIA','PA','415 CURIE BOULEVARD','CRB 415-420','19104',1,'2018',1,NULL,NULL,NULL,'KATALIN',NULL,'SUSZTAK',NULL,'PHILADELPHIA','USA','SCHOOL OF MEDICINE','UNIVERSITY OF PENNSYLVANIA','PA','415 CURIE BOULEVARD','CRB 415-420','19104',NULL,'PHILADELPHIA','USA','SCHOOL OF MEDICINE','UNIVERSITY OF PENNSYLVANIA','PA','415 CURIE BOULEVARD','CRB 415-420','19104',1),(480,0,'PHILADELPHIA','USA','RADIOLOGY RESEARCH ADMIN','UNNIVERSITY OF PENNSYLVANIA','PA','419 BLOCKLEY HALL','423 GUARDIAN DRIVE','19104',1,'2019',1,NULL,NULL,NULL,'JERRY',NULL,'GLICKSON',NULL,'PHILADELPHIA','USA','RADIOLOGY','UNNIVERSITY OF PENNSYLVANIA','PA','B06 BLOCKLEY HALL','423 GUARDIAN DRIVE','19104',NULL,'PHILADELPHIA','USA','RADIOLOGY','UNNIVERSITY OF PENNSYLVANIA','PA','B06 BLOCKLEY HALL','423 GUARDIAN DRIVE','19104',1),(481,0,'SAN ANTONIO','USA','BIOLOGY','UNIVERISTY OF TEXAS AT SAN ANTONIO','TX','ONE UTSA CIRCLE','BSB 2.03.24','78249',1,'2020',1,NULL,NULL,NULL,'CHIN-HSING ANNIE',NULL,'LIN',NULL,'SAN ANTONIO','USA','BIOLOGY','UNIVERISTY OF TEXAS AT SAN ANTONIO','TX','ONE UTSA CIRCLE','BSB 2.03.24','78249',NULL,'SAN ANTONIO','USA','BIOLOGY','UNIVERISTY OF TEXAS AT SAN ANTONIO','TX','ONE UTSA CIRCLE','BSB 2.03.24','78249',3),(482,0,'HOUSTON','USA','RADIOLOGY RESEARCH','THE METHODIST HOSPITAL','TX','6565 FANNIN STREET','B5-022','77030',1,'2022',1,NULL,NULL,NULL,'STEPHEN',NULL,'WONG',NULL,'HOUSTON','USA','RADIOLOGY RESEARCH','THE METHODIST HOSPITAL','TX','6565 FANNIN STREET','B5-022','77030',NULL,'HOUSTON','USA','RADIOLOGY RESEARCH','THE METHODIST HOSPITAL','TX','6565 FANNIN STREET','B5-022','77030',1),(483,0,'PHILADELPHIA','USA','PATHOLOGY OF LABORATORY MEDICI','UNIVERSITY OF PENNSYLVANIA','PA','3400 SPRUCE ST','6.036 GATES','19104',1,'2023',1,NULL,NULL,NULL,'DAVID',NULL,'ROTH',NULL,'PHILADELPHIA','USA','PATHOLOGY OF LABORATORY MEDICI','UNIVERSITY OF PENNSYLVANIA','PA','3400 SPRUCE ST','6.036 GATES','19104',NULL,'PHILADELPHIA','USA','ATTN: ERIKA MOORE','UNIVERSITY OF PENNSYLVANIA','PA','421 CURIE BOULEVARD','BRB II/III RM 445','19104',1),(484,0,'LITTLE ROCK','USA','DERMATOLOGY','UNIVERISTY OF ARKANSAS FOR MEDICAL SCI','AR','4301 W. MARKHAM','ROOM 576','72205',1,'2024',1,NULL,NULL,NULL,'LING',NULL,'GAO',NULL,'LITTLE ROCK','USA','DERMATOLOGY','UNIVERISTY OF ARKANSAS FOR MEDICAL SCI','AR','4301 W. MARKHAM','ROOM 576','72205',NULL,'LITTLE ROCK','USA','DERMATOLOGY','UNIVERISTY OF ARKANSAS FOR MEDICAL SCI','AR','400 JACK STEPHENS DRIVE','WPRCI, #11-164','72205',1),(485,0,'KANNAPOLIS','USA','NUTRITION RESEARCH INST','UNIV. OF N. CAROLINA AT CHAPEL HILL','NC','BUSINESS OFFICER','500 LAURETTE WAY, ROOM 2219','28081',1,'2025',1,NULL,NULL,NULL,'STEVEN',NULL,'ZEISEL',NULL,'CHAPEL HILL','USA','NUTRITION','UNIVERSITY OF NORTH CAROLINA AT CHAPEL','NC','CB#7461. SCHOOL OF PUBLIC HEALTH,','UNC CHAPEL HILL NUTRITION RES. INS','27599',NULL,'KANNAPOLIS','USA','NUTRITION RESEARCH DEPT','UNIVERSITY OF NORTH CAROLINA AT CHAPEL','NC','500 LAUREATE','ROOM 2150','28081',1),(486,0,'CHICAGO','USA','CANCER CENTER','RUSH UNIVERSITY','IL','KIDSTON HOUSE','630 S. HERMITAGE AVE. ROOM 408','60612',1,'2026',1,NULL,NULL,NULL,'YOUPING',NULL,'DENG',NULL,'CHICAGO','USA','CANCER CENTER','RUSH UNIVERSITY','IL','KIDSTON HOUSE','630 S. HERMITAGE AVE. ROOM 408','60612',NULL,'CHICAGO','USA','CANCER CENTER','RUSH UNIVERSITY','IL','KIDSTON HOUSE','630 S. HERMITAGE AVE. ROOM 408','60612',1),(487,0,'LANSING','USA','SURGERY','MICHIGAN STATE UNIVERSITY COLLEGE OF H','MI','SPARROW PROFESSIONAL BUILDING','1200 E. MICHIGAN AVE. STE. 655','48912',1,'2027',1,NULL,NULL,NULL,'PING',NULL,'ZHANG',NULL,'EAST LANSING','USA','SURGERY','MICHIGAN STATE UNIVERSITY COLLEGE OF H','MI','B205 LIFE SCIENCE BUILDING','1355 BOGUE STREET','48824',NULL,'EAST LANSING','USA','SURGERY','MICHIGAN STATE UNIVERSITY COLLEGE OF H','MI','B205 LIFE SCIENCE BUILDING','1355 BOGUE STREET','48824',1),(488,0,'WEST LAFAYETTE','USA','MEDICINAL CHEMISTRY AND MOLECU','PURDUE UNIVERSITY','IN','575 STADIUM MALL DR','ROOM 202, RHPH BUILDING','47907',1,'2028',1,NULL,NULL,NULL,'WANQING',NULL,'LIU',NULL,'WEST LAFAYETTE','USA','MEDICINAL CHEMISTRY AND MOLECU','PURDUE UNIVERSITY','IN','575 STADIUM MALL DR','ROOM 222, RHPH BUILDING','47907',NULL,'WEST LAFAYETTE','USA','MEDICINAL CHEMISTRY AND MOLECU','PURDUE UNIVERSITY','IN','575 STADIUM MALL DR','ROOM 222, RHPH BUILDING','47907',1),(489,0,'ANN ARBOR','USA','ENVIRONMENTAL HEALTH SCIENCES','UNIVERSITY OF MICHIGAN SCHOOL OF PUBLI','MI','1415 WASHINGTON HEIGHTS','','48109',1,'2029',1,NULL,NULL,NULL,'NILADRI',NULL,'BASU',NULL,'ANN ARBOR','USA','ENVIRONMENTAL HEALTH SCIENCES','UNIVERSITY OF MICHIGAN SCHOOL OF PUBLI','MI','1415 WASHINGTON HEIGHTS','','48109',NULL,'ANN ARBOR','USA','ENVIRONMENTAL HEALTH SCIENCES','UNIVERSITY OF MICHIGAN SCHOOL OF PUBLI','MI','1415 WASHINGTON HEIGHTS','','48109',1),(490,0,'BETHESDA','USA','OFM/COMMERCIAL ACCOUNTS','NIH','MD','2115 EAST JEFFERSON ST.','MSC 8500, RM 4B-432','20892-8500',2,'203',1,NULL,NULL,NULL,'PAUL',NULL,'MELTZER',NULL,'BETHESDA','USA','','NATIONAL HUMAN GENOME RESEARCH INSTITU','MD','BUILDING 49, ROOM 4A10','9000 ROCKVILLE PIKE','20892',NULL,'BETHESDA','USA','','NATIONAL HUMAN GENOME RESEAR INSTITUTE','MD','BUILDING 50, ROOM 5139','9000 ROCKVILLE PIKE','20892',3),(491,0,'PHILADELPHIA','USA','','THOMAS JEFFERSON UNIVERSITY','PA','1020 WALNUT ST','ACOTT ADMIN BUILDING RM 532','19107',1,'2030',1,NULL,NULL,NULL,'LUCIA',NULL,'LANGUINO',NULL,'PHILADELPHIA','USA','CANCER BIOLOGY','THOMAS JEFFERSON UNIVERSITY','PA','233 SOUTH 10TH STREET','SUITE 506 BLSB','19107',NULL,'PHILADELPHIA','USA','CANCER BIOLOGY','THOMAS JEFFERSON UNIVERSITY','PA','233 SOUTH 10TH STREET','SUITE 506 BLSB','19107',1),(492,0,'TEMPLE','USA','IRM/MCMD','TEXAS A&M HEALTH SCIENCE CENTER','TX','5701 AIRPORT ROAD,MODULE C','','76502',1,'2031',1,NULL,NULL,NULL,'FEI',NULL,'LIU',NULL,'TEMPLE','USA','IRM/MCMD','TEXAS A&M HEALTH SCIENCE CENTER','TX','5701 AIRPORT ROAD,MODULE C','','76502',NULL,'TEMPLE','USA','IRM/MCMD','TEXAS A&M HEALTH SCIENCE CENTER','TX','5701 AIRPORT ROAD,MODULE C','','76502',1),(493,0,'JOUSTON','USA','MEDICINE/HEMATOLOGY & ONCOLOGY','BAYLOR COLLEGE OF MEDICINE','TX','ABBR-R410','ONE BAYLOR PLAZA, MS:BCM187','77030',1,'2032',1,NULL,NULL,NULL,'WEEI-CHIN',NULL,'LIN',NULL,'JOUSTON','USA','MEDICINE/HEMATOLOGY & ONCOLOGY','BAYLOR COLLEGE OF MEDICINE','TX','ABBR-R410','ONE BAYLOR PLAZA, MS:BCM187','77030',NULL,'JOUSTON','USA','MEDICINE/HEMATOLOGY & ONCOLOGY','BAYLOR COLLEGE OF MEDICINE','TX','ABBR-R410','ONE BAYLOR PLAZA, MS:BCM187','77030',1),(494,0,'OMAHA','USA','UNMC ACCOUNT PAYABLE','UNIVERSITY OF NEBRASKA MEDICAL CENTER','NE','ATTN: JANA OPAVSKA','985040 NE MED CENTER','68198-5040',1,'2034',1,NULL,NULL,NULL,'RENE',NULL,'OPAVSKY',NULL,'OMAHA','USA','EPPELY CANCER INSTITUTE','UNIVERSITY OF NEBRASKA MEDICAL CENTER','NE','DRC2, ROOM 4020','','68105-5950',NULL,'OMAHA','USA','ECI/UNMC CNETRAL RECEIVING','UNIVERSITY OF NEBRASKA MEDICAL CENTER','NE','RENE OPAVSKY, DRC, 4020','668 S. 41ST STREET','68105',1),(495,0,'NASHVILLE','USA','CENTER FOR AIDS HEALTH DISPARI','MEHARRY MEDICAL COLLEGE','TN','1005 DR. D.B TODD BLVD','','37208',1,'2035',1,NULL,NULL,NULL,'BINDONG',NULL,'LIU',NULL,'NASHVILLE','USA','CENTER FOR AIDS HEALTH DISPARI','MEHARRY MEDICAL COLLEGE','TN','1005 DR. D.B TODD BLVD','','37208',NULL,'NASHVILLE','USA','CENTER FOR AIDS HEALTH DISPARI','MEHARRY MEDICAL COLLEGE','TN','1005 DR. D.B TODD BLVD','','37208',1),(496,0,'MILWAUKEE','USA','DEVELOPMENTAL VASCULAR BIOLOGY','MEDICAL COLLEGEOF WISCONSIN','WI','TBRC/CRI C-3415','8710 WATERTOWN PLANK ROAD','53226',1,'2036',1,NULL,NULL,NULL,'GEORGE',NULL,'WILKINSON',NULL,'MILWAUKEE','USA','DEVELOPMENTAL VASCULAR BIOLOGY','MEDICAL COLLEGEOF WISCONSIN','WI','TBRC/CRI C-3415','8710 WATERTOWN PLANK ROAD','53226',NULL,'MILWAUKEE','USA','DEVELOPMENTAL VASCULAR BIOLOGY','MEDICAL COLLEGEOF WISCONSIN','WI','TBRC/CRI C-3415','8710 WATERTOWN PLANK ROAD','53226',1),(497,0,'DANVILL','USA','','GEISINGER CLINIC','PA','WEIS CENTER FOR RESEARCH LAB 1','100 NORTH ACADEMY AVENUE','17822-2621',1,'2037',1,NULL,NULL,NULL,'TOORAJ',NULL,'MIRSHAHI',NULL,'DANVILL','USA','','GEISINGER CLINIC','PA','WEIS CENTER FOR RESEARCH LAB 118','100 NORTH ACADEMY AVENUE','17822-2621',NULL,'DANVILL','USA','','GEISINGER CLINIC','PA','WEIS CENTER FOR RESEARCH LAB 1','100 NORTH ACADEMY AVENUE','17822-2621',1),(498,0,'','USA','','','','','','',1,'2038',1,NULL,NULL,NULL,'SARAH',NULL,'GLOVER',NULL,'GAINESVILLE','USA','GASTROENTEROLOGY','UNIVERSITY OF FLORIDA','FL','1600 SW ARCHER ROAD','PO BOX 100214','32610',NULL,'GAINESVILLE','USA','GASTROENTEROLOGY','UNIVERSITY OF FLORIDA','FL','1600 SW ARCHER ROAD','PO BOX 100214','32610',1),(499,0,'CLEVELAND','USA','CANCER BIOLOGY','THE CLEVELAND CLINIC FOUNDATION','OH','LERNER RESEARCH INSTITUTE, NB4','2111 EAST 96TH ST, REC, DOCK 1','44106',1,'2039',1,NULL,NULL,NULL,'CANDECE',NULL,'GLADSON',NULL,'CLEVELAND','USA','CANCER BIOLOGY','THE CLEVELAND CLINIC FOUNDATION','OH','LERNER RESEARCH INSTITUTE, NB40','2111 EAST 96TH ST, REC, DOCK 11','44106',NULL,'CLEVELAND','USA','CANCER BIOLOGY','THE CLEVELAND CLINIC FOUNDATION','OH','LERNER RESEARCH INSTITUTE, NB4','2111 EAST 96TH ST, REC, DOCK 1','44106',1),(500,0,'JEFFERSON','USA','MICROBIOLOGY','NCTR/US-FDA','AK','3900 NCTR ROAD','','72079',1,'2040',1,NULL,NULL,NULL,'SANGEETA',NULL,'KHARE',NULL,'JEFFERSON','USA','MICROBIOLOGY','NCTR/US-FDA','AK','3900 NCTR ROAD','BUILDING 60 ROOM 113','72079',NULL,'JEFFERSON','USA','MICROBIOLOGY','NCTR/US-FDA','AK','3900 NCTR ROAD','BUILDING 60 ROOM 113','72079',1),(501,0,'JUPITER','USA','MOLECULAR THERAPEUTICS','THE SCRIPPS RESEARCH INST','FL','130 SCRIPPS WAY SCRIPPS FL REC','BUILDING A. ROOM A261A','33458',1,'2041',1,NULL,NULL,NULL,'DONALD',NULL,'PHINNEY',NULL,'JUPITER','USA','MOLECULAR THERAPEUTICS','THE SCRIPPS RESEARCH INST','FL','130 SCRIPPS WAY SCRIPPS FL REC','BUILDING A. ROOM A261A','33458',NULL,'JUPITER','USA','MOLECULAR THERAPEUTICS','THE SCRIPPS RESEARCH INST','FL','130 SCRIPPS WAY SCRIPPS FL REC','BUILDING A. ROOM A261A','33458',3),(502,0,'MIAMI','USA','DEPT OF EPIDEMIOLOGY AND PUBLI','UNIVERSITY OF MIAMI','FL','1120 NW 14TH STREET','SUITE 1005','33136',1,'2042',1,NULL,NULL,NULL,'JENNIFER',NULL,'CLARKE',NULL,'MIAMI','USA','DEPT OF EPIDEMIOLOGY AND PUBLI','UNIVERSITY OF MIAMI','FL','1120 NW 14TH STREET','SUITE 1005','33136',NULL,'MIAMI','USA','DEPT OF EPIDEMIOLOGY AND PUBLI','UNIVERSITY OF MIAMI','FL','1120 NW 14TH STREET','SUITE 1005','33136',1),(503,0,'BETHESDA','USA','','NIH','MD','30 CONVENT DR. MSC 4386','NIH 30/505','20892-4370',1,'2043',1,NULL,NULL,NULL,'KENNETH',NULL,'YAMADA',NULL,'BETHESDA','USA','LABORATORY OF CELL AND DEVELOP','NATIONAL INSTITUTES OF DENTAL AND CRAN','MD','30 CONVENT DR. MSC 4370','','20892-4370',NULL,'BETHESDA','USA','LABORATORY OF CELL AND DEVELOP','NIH','MD','30 CONVENT DR.','BLDG 30, ROOM 408','20892-4370',3),(504,0,'BOSTON','USA','','HARVARD SCHOOL OF PUBLIC HEALTH','MA','665 HUNTINGTON AVE','BUILDING 1 ROOM 904','2115',1,'2044',1,NULL,NULL,NULL,'WENDY',NULL,'GARRETT',NULL,'BOSTON','USA','IID','HARVARD SCHOOL OF PUBLIC HEALTH','MA','665 HUNTINGTON AVE','SPH 1 904','2115',NULL,'BOSTON','USA','IID','HARVARD SCHOOL OF PUBLIC HEALTH','MA','665 HUNTINGTON AVE','SPH 1 904','2115',1),(505,0,'LA JOLLA','USA','IMMUNOLOGY','THE SCRIPPS RESEARCH INSTITUTE','CA','10550 N. TORREY PINES RD','TPC-12, PO BOX 2850','92038',1,'2045',1,NULL,NULL,NULL,'WENDY',NULL,'HAVRAN',NULL,'LA JOLLA','USA','IMMUNOLOGY','THE SCRIPPS RESEARCH INSTITUTE','CA','10550 N. TORREY PINES RD','IMM-8, ROOM R303','92037',NULL,'LA JOLLA','USA','IMMUNOLOGY','THE SCRIPPS RESEARCH INSTITUTE','CA','10550 N. TORREY PINES RD','IMM-8, ROOM R303','92037',1),(506,0,'BERKELEY','USA','AP OFFICE, SUBCONTRACT#6946497','LAWRENCE BERKELEY NATIONAL LABORATORY','CA','ONE CYCLOTRON ROAD','MS 971-AP','94720',1,'2046',1,NULL,NULL,NULL,'MINA',NULL,'BISSELL',NULL,'BERKELEY','USA','LIFE SCIENCES DIVISION','LAWRENCE BERKELEY NATIONAL LABORATORY','CA','717 POTTER ST','ROOM 214','94710',NULL,'BERKELEY','USA','LIFE SCIENCES DIVISION','LAWRENCE BERKELEY NATIONAL LABORATORY','CA','717 POTTER ST','ROOM 214','94710',1),(507,0,'SAN FRANSISCO','USA','VIROLOGY AND IMMUNOLOGY (GIVI)','J. DAVID GLADSTONE INSTITUTES','CA','1650 OWENS STREET','','94158',1,'2047',1,NULL,NULL,NULL,'ERIC',NULL,'VERDIN',NULL,'SAN FRANSISCO','USA','VIROLOGY AND IMMUNOLOGY (GIVI)','J. DAVID GLADSTONE INSTITUTES','CA','1650 OWENS STREET','','94158',NULL,'SAN FRANSISCO','USA','VIROLOGY AND IMMUNOLOGY (GIVI)','J. DAVID GLADSTONE INSTITUTES','CA','ATTN: LEONARD CHAVEZ','1650 OWENS STREET','94158',1),(508,0,'NEW HAVEN','USA','SURGERY (GASTROENTEROLOGY)','YALE UNIVERSITY SCHOOL OF MEDICINE','CT','310 CEDAR ST','BML212','6510',1,'2048',1,NULL,NULL,NULL,'MARK',NULL,'KIDD',NULL,'NEW HAVEN','USA','SURGERY (GASTROENTEROLOGY)','YALE UNIVERSITY SCHOOL OF MEDICINE','CT','310 CEDAR ST','BML212','6510',NULL,'NEW HAVEN','USA','SURGERY (GASTROENTEROLOGY)','YALE UNIVERSITY SCHOOL OF MEDICINE','CT','310 CEDAR ST','BML212','6510',1),(509,0,'SPRINGFIELD','USA','MMICB','S. ILLINOIS UNIV. - SCHOOL OF MEDICINE','IL','825 N. RUTLEDGE','PO BOX 19626','62794',1,'2049',1,NULL,NULL,NULL,'SOPHIA',NULL,'RAN',NULL,'SPRINGFIELD','USA','MMICB','S. ILLINOIS UNIV. SCHOOL OF MEDICINE','IL','825 N. RUTLEDGE','PO BOX 19626','62794',NULL,'SPRINGFIELD','USA','MMICB','S. ILLINOIS UNIV. - SCHOOL OF MEDICINE','IL','911 N. RUTLEDGE','ROOM 1331','62794',1),(510,0,'BUFFALO','USA','PHARMACEUTICAL SCIENCES','UNIVERISTY AT BUFFALO','NY','350A KAPOOR HALL','','14214',1,'2050',1,NULL,NULL,NULL,'MARILYN',NULL,'MORRIS',NULL,'BUFFALO','USA','PHARMACEUTICAL SCIENCES','UNIVERISTY AT BUFFALO','NY','350A KAPOOR HALL','','14214',NULL,'BUFFALO','USA','PHARMACEUTICAL SCIENCES','UNIVERISTY AT BUFFALO','NY','350A KAPOOR HALL','','14214',1),(511,0,'ANN ARBOR','USA','ACCOUNTS PAYABLE','UNIVERSITY OF MICHIGAN','MI','3003 SOUTH STATE STREET','7071 WOLVERINE TOWER','48109',1,'2051',1,NULL,NULL,NULL,'ARUL',NULL,'CHINNAIYAN',NULL,'ANN ARBOR','USA','PATHOLOGY','UNIVERSITY OF MICHIGAN/HOWARD HUGHES M','MI','1400 EAST MEDICAL CENTER DRIVE','7110 CANCER CENTER','48109',NULL,'ANN ARBOR','USA','PATHOLOGY','UNIVERSITY OF MICHIGAN/HOWARD HUGHES M','MI','1400 EAST MEDICAL CENTER DRIVE','7010 CANCER CENTER','48109',1),(512,0,'BETHESDA','USA','NINDS','NATIONAL INSTITUTES OF HEALTH','MD','10 CENTER DR.','RM 3D-20','20892',1,'2052',1,NULL,NULL,NULL,'ABHIK',NULL,'RAY-CHAUDHURY',NULL,'BETHESDA','USA','NINDS','NATIONAL INSTITUTES OF HEALTH','MD','10 CENTER DR.','RM 3D-20','20892',NULL,'BETHESDA','USA','NINDS','NATIONAL INSTITUTES OF HEALTH','MD','ABHIK RAY-CHAUDHURY','10 CENTER DR., RM 3D-20','20892',1),(513,0,'JEFFERSON','USA','DIVISION OF SYSTEM BIOLOGY','US FDA/NCTR','AR','3900 NCTR ROAD','5B-108','72079',1,'2055',1,NULL,NULL,NULL,'XI',NULL,'YANG',NULL,'JEFFERSON','USA','DIVISION OF SYSTEM BIOLOGY','US FDA/NCTR','AR','3900 NCTR ROAD','5B-108','72079',NULL,'JEFFERSON','USA','DIVISION OF SYSTEM BIOLOGY','US FDA/NCTR','AR','3900 NCTR ROAD','5B-108','72079',1),(514,0,'FARMINGTON','USA','CELL BIOLOGY, CENTER FOR VASCU','UNIVERSITY OF CONNECTICUT SCHOOL OF ME','CT','MC 3501 E5038','','6030',1,'2056',1,NULL,NULL,NULL,'DAVID',NULL,'HAN',NULL,'FARMINGTON','USA','CELL BIOLOGY, CENTER FOR VASCU','UNIVERSITY OF CONNECTICUT SCHOOL OF ME','CT','MC 3501 E5038','','6030',NULL,'FARMINGTON','USA','CELL BIOLOGY, CENTER FOR VASCU','UNIVERSITY OF CONNECTICUT SCHOOL OF ME','CT','MC 3501 E5038','','6030',1),(515,0,'BOSTON','USA','ACCOUNTS PAYABLE','BOSTON UNIVERSITY SCHOOL OF MEDICINE','MA','580 HARRISON AVENUE','3RD FLOOR SUITE 3W','2118',1,'2057',1,NULL,NULL,NULL,'MATTHEW',NULL,'JONES',NULL,'BOSTON','USA','PULMONARY CENTER','BOSTON UNIVERSITY SCHOOL OF MEDICINE','MA','15 STOUGHTON STREET','R-304','2118',NULL,'BOSTON','USA','PULMONARY CENTER','BOSTON UNIVERSITY SCHOOL OF MEDICINE','MA','15 STOUGHTON STREET','R-205','2118',1),(516,0,'ALBANY','USA','THE RNA INSTITUTE','THE UNIVERSITY AT ALBANY','NY','1400 WASHINGTON AVE','LSRB 1109','12222',1,'2058',1,NULL,NULL,NULL,'DAN',NULL,'FABRIS',NULL,'ALBANY','USA','THE RNA INSTITUTE','THE UNIVERSITY AT ALBANY','NY','1400 WASHINGTON AVE','LSRB 1109','12222',NULL,'ALBANY','USA','THE RNA INSTITUTE','THE UNIVERSITY AT ALBANY','NY','1400 WASHINGTON AVE','LSRB 1109','12222',1),(517,0,'PISCATAWAY','USA','CHEMICAL BIOLOGY','SUSAN L CULLMAN LAB FOR CA RESEARCH','NJ','65 DAVIDSON','RM 302','8854',1,'2059',1,NULL,NULL,NULL,'AUDREY',NULL,'MINDEN',NULL,'PISCATAWAY','USA','CHEMICAL BIOLOGY','SUSAN L CULLMAN LAB FOR CA RESEARCH','NJ','164 FRELINGHUYSEN ROAD','L CULLMAN LAB FOR CA RES/#264','8854',NULL,'PISCATAWAY','USA','CHEMICAL BIOLOGY','SUSAN L CULLMAN LAB FOR CA RESEARCH','NJ','164 FRELINGHUYSEN ROAD','L CULLMAN LAB FOR CA RES/#264','8854',1),(518,0,'INDIANAPOLIS','USA','ANATOMY & CELL BIOLOGY','INDIANA UNIVERSITY SCHOOL OF MEDICINE','IN','635 BARNHILL DRIVE','ROOM 5065','46202',1,'2060',1,NULL,NULL,NULL,'VINCENT',NULL,'GATTONE',NULL,'INDIANAPOLIS','USA','ANATOMY & CELL BIOLOGY','INDIANA UNIVERSITY SCHOOL OF MEDICINE','IN','635 BARNHILL DRIVE','ROOM 5065','46202',NULL,'INDIANAPOLIS','USA','ANATOMY & CELL BIOLOGY','INDIANA UNIVERSITY SCHOOL OF MEDICINE','IN','635 BARNHILL DRIVE','ROOM 5065','46202',1),(519,0,'IOWA CITY','USA','INTERNAL MEDICINE','UNIVERSITY OF IOWA CARVER COLLEGE OF M','IA','3180 ML','200 HAWKINS DRIVE','52246',1,'2061',1,NULL,NULL,NULL,'CHRISTIE',NULL,'THOMAS',NULL,'IOWA CITY','USA','INTERNAL MEDICINE','UNIVERSITY OF IOWA CARVER COLLEGE OF M','IA','3180 ML','200 HAWKINS DRIVE','52246',NULL,'IOWA CITY','USA','INTERNAL MEDICINE','UNIVERSITY OF IOWA CARVER COLLEGE OF M','IA','3180 ML','200 HAWKINS DRIVE','52246',1),(520,0,'COLUMBIA','USA','PATHOLOGY, MICROBIOLOGY AND IM','UNIVERSITY OF SOUTH CAROLINA SCHOOL OF','SC','6439 GARNERS FERRY ROAD','BLDG 1 RM C27','29209',1,'2062',1,NULL,NULL,NULL,'GREGORIO',NULL,'GOMEZ',NULL,'COLUMBIA','USA','PATHOLOGY, MICROBIOLOGY AND IM','UNIVERSITY OF SOUTH CAROLINA SCHOOL OF','SC','6439 GARNERS FERRY ROAD','BLDG 2 RM B5','29209',NULL,'COLUMBIA','USA','PATHOLOGY, MICROBIOLOGY AND IM','UNIVERSITY OF SOUTH CAROLINA SCHOOL OF','SC','6439 GARNERS FERRY ROAD','BLDG 1 RM C27','29209',3),(521,0,'BOSTON','USA','LEWIS SETON','BRIGHAM AND WOMENS HOSPITAL','MA','15 FRANCIS ST','CA-1-138C','2115',1,'2063',1,NULL,NULL,NULL,'MARIANO',NULL,'VIAPIANO',NULL,'BOSTON','USA','NEUROSURGERY','BRIGHAM AND WOMENS HOSPITAL','MA','4 BLACKFAN CIRCLE','HIM BUILDING, RM 921D','2115',NULL,'BOSTON','USA','NEUROSURGERY','BRIGHAM AND WOMENS HOSPITAL','MA','4 BLACKFAN CIRCLE','HIM BUILDING, RM 921D','2115',1),(522,0,'MORGANTOWN','USA','MARY BABB RANDOLPH CANCER CNTR','WEST VIRGINIA UNIVERSITY SCHOOL OF MED','WV','1 MEDICAL CENTER DRIVE','MBRCC, ROOM 2813','26506-9300',1,'2064',1,NULL,NULL,NULL,'ELENA',NULL,'PUGACHEVA',NULL,'MORGANTOWN','USA','MARY BABB RANDOLPH CANCER CNTR','WEST VIRGINIA UNIVERSITY SCHOOL OF MED','WV','1 MEDICAL CENTER DRIVE','MBRCC, ROOM 2813','26506-9300',NULL,'MORGANTOWN','USA','MARY BABB RANDOLPH CANCER CNTR','WEST VIRGINIA UNIVERSITY SCHOOL OF MED','WV','1 MEDICAL CENTER DRIVE','MBRCC, ROOM 2813','26506-9300',1),(523,0,'NASHVILLE','USA','PATHOLOGY','VANDERBILT UNIVERSITY MEDICAL CENTER','TN','1161 21ST AVE SOUTH, 4920 TVC','PATHOGOLY INTERNAL','37232',1,'2065',1,NULL,NULL,NULL,'MARY',NULL,'WASHINGTON',NULL,'NASHVILLE','USA','PATHOLOGY','VANDERBILT UNIVERSITY MEDICAL CENTER','TN','1161 21ST AVE SOUTH, 4920 TVC BLDG','PATHOGOLY INTERNAL','37232',NULL,'NASHVILLE','USA','PATHOLOGY','VANDERBILT UNIVERSITY MEDICAL CENTER','TN','1161 21ST AVE SOUTH, 4920 TVC','PATHOGOLY INTERNAL','37232',1),(524,0,'MENLO PARK','USA','BIOSCIENCES-CANCER PHARMACOLOG','SRI INTERNATIONAL','CA','333 RAVENSWOOD AVENUE','','94025',1,'2066',1,NULL,NULL,NULL,'LUCIA',NULL,'BEVIGLIA',NULL,'MENLO PARK','USA','BIOSCIENCES-CANCER PHARMACOLOG','SRI INTERNATIONAL','CA','333 RAVENSWOOD AVENUE','','94025',NULL,'MENLO PARK','USA','BIOSCIENCES-CANCER PHARMACOLOG','SRI INTERNATIONAL','CA','333 RAVENSWOOD AVENUE','','94025',1),(525,0,'BIRMINGHAM','USA','HEMATOLOGY-ONCOLOGY','UNIVERSITY OF ALABAMA AT BIRMINGHAM','AL','WTI 520A','1824 SIXTH AVENUE SOUTH','35294',1,'2067',1,NULL,NULL,NULL,'GURU',NULL,'SONPAVDE',NULL,'BIRMINGHAM','USA','HEMATOLOGY-ONCOLOGY','UNIVERSITY OF ALABAMA AT BIRMINGHAM','AL','WTI 520A','1824 SIXTH AVENUE SOUTH','35294',NULL,'BIRMINGHAM','USA','TISSUE COLLECTION AND BANKING','UNIVERSITY OF ALABAMA AT BIRMINGHAM','AL','KATHY SEXTON -DR. SONPAVDE','703 SOUTH 19TH ST, ZRB 449','35294-0007',1),(526,0,'LOS ANGELES','USA','BIOMEDICAL ENGINEERING','U. OF SOUTHERN CALIFORNIA','CA','1042 DOWNEY WAY','','90089',1,'2068',1,NULL,NULL,NULL,'TZUNG',NULL,'HSIAI',NULL,'LOS ANGELES','USA','BIOMEDICAL ENGINEERING','U. OF SOUTHERN CALIFORNIA','CA','1042 DOWNEY WAY','','90089',NULL,'LOS ANGELES','USA','BIOMEDICAL ENGINEERING','U. OF SOUTHERN CALIFORNIA','CA','1042 DOWNEY WAY','','90089',1),(527,0,'SEATTLE','USA','HUMAN BIOLOGY','FRED HUTCHINSON CANCER RESEARCH CENTER','WA','PO BOX 19024, D4-100','','98109',1,'2070',1,NULL,NULL,NULL,'DAVID',NULL,'MACPHERSON',NULL,'SEATTLE','USA','HUMAN BIOLOGY','FRED HUTCHINSON CANCER RESEARCH CENTER','WA','PO BOX 19024, D4-100','','98109',NULL,'SEATTLE','USA','HUMAN BIOLOGY','FRED HUTCHINSON CANCER RESEARCH CENTER','WA','1100 FAIRVIEW AVE N','D4-213','98109',1),(528,0,'STONY BROOK','USA','MEDICINE','STONY BROOK UNIVERSITY','NY','100 NICOLLS RD','HSC T 15. RM 053','11794-8151',1,'2071',1,NULL,NULL,NULL,'VALENTINA',NULL,'SCHMIDT',NULL,'STONY BROOK','USA','MEDICINE','STONY BROOK UNIVERSITY','NY','100 NICOLLS RD','HSC T 15. RM 053','11794-8151',NULL,'STONY BROOK','USA','MEDICINE','STONY BROOK UNIVERSITY','NY','100 NICOLLS RD','HSC T 15. RM 053','11794-8151',3),(529,0,'COLUMBIA','USA','SCHOOL OF MEDICINE','UNIVERSITY OF SOUTH CAROLINA','SC','PATHOLOGY, MICROBIOLOGY AND IM','6439 GARNER FERRY RD,BG1 R C27','29209',1,'2072',1,NULL,NULL,NULL,'CAROLE',NULL,'OSKERITZIAN',NULL,'COLUMBIA','USA','SCHOOL OF MEDICINE','UNIVERSITY OF SOUTH CAROLINA','SC','PATHOLOGY, MICROBIOLOGY AND IMMUNO','6439 GARNER FERRY RD,BLDG 2 RM-C10','29209',NULL,'COLUMBIA','USA','SCHOOL OF MEDICINE','UNIVERSITY OF SOUTH CAROLINA','SC','PATHOLOGY, MICROBIOLOGY AND IM','6439 GARNER FERRY RD,BG2 R C27','29209',1),(530,0,'SILVER SPRINGS','USA','DPQR/OTR/CDER','US FOOD AND DRUG ADMINISTRATION','MD','10903 NEW HAMPSHIRE AVE','WO 64. ROOM 1066','20993',1,'2074',1,NULL,NULL,NULL,'SRI RAMA KRISHNAIAH',NULL,'YELLELA',NULL,'SILVER SPRINGS','USA','DPQR/OTR/CDER','US FOOD AND DRUG ADMINISTRATION','MD','10903 NEW HAMPSHIRE AVE','WO 64. ROOM 1066','20993',NULL,'SILVER SPRINGS','USA','DPQR/OTR/CDER','US FOOD AND DRUG ADMINISTRATION','MD','10903 NEW HAMPSHIRE AVE','WO 64. ROOM 1066','20993',3),(531,0,'STONY BROOK','USA','MEDICINE','STATE UNIVERSITY OF NEW YORK AT STONY','NY','HEALTH SCIENCES CENTER, ROOM 0','DIV OF CANCER PREVENTION, Z=81','11794',1,'2075',1,NULL,NULL,NULL,'BASIL',NULL,'RIGAS',NULL,'STONY BROOK','USA','MEDICINE','STATE UNIVERSITY OF NEW YORK AT STONY','NY','HEALTH SCIENCES CENTER, ROOM 080','DIV OF CANCER PREVENTION, Z=8175','11794',NULL,'STONY BROOK','USA','MEDICINE','STATE UNIVERSITY OF NEW YORK AT STONY','NY','HEALTH SCIENCES CENTER, ROOM 0','DIV OF CANCER PREVENTION, Z=81','11794',1),(532,0,'SAN FRANCISCO','USA','MEDICINE','UCSF','CA','BOX 0812','','94143',1,'2076',1,NULL,NULL,NULL,'SHAROF',NULL,'TUGIZOV',NULL,'SAN FRANCISCO','USA','MEDICINE','UCSF','CA','513 PARNASSUS AVE','ROOM S420','94143',NULL,'SAN FRANCISCO','USA','MEDICINE','UCSF','CA','513 PARNASSUS AVE','ROOM S420','94143',1),(533,0,'BALTIMORE','USA','CELL BIOLOGY','JOHN HOPKINS UNIVERSITY','MD','1830 E MONUMENT ST','SUITE 2-200','21287',1,'2077',1,NULL,NULL,NULL,'ANDREW',NULL,'EWALD',NULL,'BALTIMORE','USA','CELL BIOLOGY','JOHN HOPKINS UNIVERSITY','MD','855 N WOLFE STREET','RANGOS 452','21205',NULL,'BALTIMORE','USA','CELL BIOLOGY','JOHN HOPKINS UNIVERSITY','MD','855 N WOLFE STREET','RANGOS 452','21205',1),(534,0,'WEST LAFAYETTE','USA','CHEMISTRY','PURDUE UNIVERSITY','IN','560 OVAL DRIVE','','47907',1,'2078',1,NULL,NULL,NULL,'KAVITA',NULL,'SHAH',NULL,'WEST LAFAYETTE','USA','CHEMISTRY','PURDUE UNIVERSITY','IN','560 OVAL DRIVE','','47907',NULL,'WEST LAFAYETTE','USA','CHEMISTRY','PURDUE UNIVERSITY','IN','560 OVAL DRIVE','','47907',1),(535,0,'LOS ANGELES','USA','SCHOOL OF NURSING','UNIVERISTY OF CALIFORNIA LOS ANGELES','CA','10880 WILSHIRE BLVD. STE 550','BOX 957380','90095-7830',1,'2080',1,NULL,NULL,NULL,'NALO',NULL,'HAMILTON',NULL,'LOS ANGELES','USA','SCHOOL OF NURSING','UNIVERISTY OF CALIFORNIA LOS ANGELES','CA','700 TIVERTON AVE. FACTOR BLDG5-659','MAIL CODE 691921','90095-6919',NULL,'LOS ANGELES','USA','SCHOOL OF NURSING','UNIVERISTY OF CALIFORNIA LOS ANGELES','CA','700 TIVERTON AVE. FACTOR BLDG5','MAIL CODE 691921','90095-6919',1),(536,0,'CINCINNATI','USA','MOLECULAR GENETICS, BIOCHEMIST','UNIVERSITY OF CINCINNATI','OH','231 ALBERT SABINE WAY','PO BOX 670','45267',1,'2081',1,NULL,NULL,NULL,'VIKRAM',NULL,'PRASAD',NULL,'CINCINNATI','USA','MOLECULAR GENETICS, BIOCHEMIST','UNIVERSITY OF CINCINNATI','OH','231 ALBERT SABINE WAY','CVC 2960','45267',NULL,'CINCINNATI','USA','MOLECULAR GENETICS, BIOCHEMIST','UNIVERSITY OF CINCINNATI','OH','231 ALBERT SABINE WAY','CVC 2960','45267',1),(537,0,'SEATTLE','USA','CLINICAL RESEARCH DIVISION','FRED HUTCHINSON CANCER RESEARCH CENTER','WA','1100 FAIRVIEW AVE N','PO BOX 19024, D3-100','98109-1024',1,'2082',1,NULL,NULL,NULL,'STANLEY',NULL,'RIDDELL',NULL,'SEATTLE','USA','CLINICAL RESEARCH DIVISION','FRED HUTCHINSON CANCER RESEARCH CENTER','WA','1100 FAIRVIEW AVE N','PO BOX 19024, D3-100','98109-1024',NULL,'SEATTLE','USA','CLINICAL RESEARCH DIVISION','FRED HUTCHINSON CANCER RESEARCH CENTER','WA','1100 FAIRVIEW AVE N','PO BOX 19024, D3-100','98109-1024',1),(538,0,'NEW HAVEN','USA','ENVIRONMENTAL HEALTH SCIENCES','YALE SCHOOL OF PUBLIC HEALTH','CT','60 COLLEGE ST','LEPH 510','6520',1,'2083',1,NULL,NULL,NULL,'YONG',NULL,'ZHU',NULL,'NEW HAVEN','USA','ENVIRONMENTAL HEALTH SCIENCES','YALE SCHOOL OF PUBLIC HEALTH','CT','60 COLLEGE ST','LEPH 510','6520',NULL,'NEW HAVEN','USA','ENVIRONMENTAL HEALTH SCIENCES','YALE SCHOOL OF PUBLIC HEALTH','CT','60 COLLEGE ST','LEPH 510','6520',1),(539,0,'CHARLOTTESVILLE','USA','ACCT PAYABLE','UNIVERSITY OF VIRGINIA','VA','PO BOX 400197','','22904-4197',1,'2084',1,NULL,NULL,NULL,'AMIR',NULL,'JAZAERI',NULL,'CHARLOTTESVILLE','USA','OB/GYN','UNIVERSITY OF VIRGINIA','VA','345 CRISPELL DR.','RM B704','22908',NULL,'CHARLOTTESVILLE','USA','OB/GYN','UNIVERSITY OF VIRGINIA','VA','345 CRISPELL DR.','RM B704-JAZAERI LAB','22908',1),(540,0,'TORONTO','CANADA','HEPATOBILIARY/PANCREATIC SURGI','UNIVERSITY HEALTH NETWORK','ON','200 ELIZABETH ST','10EN, ROOM 206','M5G2C4',1,'2085',1,NULL,NULL,NULL,'STEVEN',NULL,'GALLINGER',NULL,'TORONTO','CANADA','HEPATOBILIARY/PANCREATIC SURGI','UNIVERSITY HEALTH NETWORK','ON','200 ELIZABETH ST','10EN, ROOM 206','M5G2C4',NULL,'TORONTO','CANADA','','UNIVERSITY HEALTH NETWORK','ON','MARS CENTER, SOUTH TOWER','101 COLLEGE STREET, SUIT 800','M5G 0A3',1),(541,0,'INDIANAPOLOIS','USA','ACCT PAYABLE','INDIANA UNIVERSITY HEALTH','IN','PO BOX 7175','','46207',1,'2086',1,NULL,NULL,NULL,'RAFAT',NULL,'SIDDIQUI',NULL,'INDIANAPOLIS','USA','CELLULAR BIOCHEMISTRY','METHODIST RESEARCH INSTITUTE','IN','E504D','1800 N CAPITOL AVE','46202',NULL,'INDIANAPOLIS','USA','CELLULAR BIOCHEMISTRY','METHODIST RESEARCH INSTITUTE','IN','E504D','1800 N CAPITOL AVE','46202',1),(542,0,'SEATTLE','USA','ACCTS PAYABLE','FRED HUTCHISON CANCER RES. CENTER','WA','1100 FAIRVIEW AVE N','J6-320','98109',1,'2087',1,NULL,NULL,NULL,'THOMAS',NULL,'SPIES',NULL,'SEATTLE','USA','TRANSPLATATION BIOLOGY','FRED HUTCHISON CANCER RES. CENTER','WA','1100 FAIRVIEW AVE N','THOMAS BLDG. ROOM D1-377','98109',NULL,'SEATTLE','USA','TRANSPLATATION BIOLOGY','FRED HUTCHISON CANCER RES. CENTER','WA','1100 FAIRVIEW AVE N','THOMAS BLDG. ROOM D1-377','98109',1),(543,0,'MILWAUKEE','USA','ACCOUNTS PAYABE','AURORA HEALTH CARE','WI','PO BOX 343930','','53234',1,'2088',1,NULL,NULL,NULL,'JOHN',NULL,'RICHARDS',NULL,'MILWAUKEE','USA','CELL THERAPY','AURORA HEALTH CARE','WI','2900 WEST OKLAHOMA AVENUE','','53215',NULL,'MILWAUKEE','USA','CELL THERAPY','AURORA HEALTH CARE','WI','','','53215',1),(544,0,'CHICAGO','USA','PATHOLOGY','UNIVERISTY OF ILLINOIS AT CHICAGO','IL','840 S WOOD ST','ROOM 130 CSN, MC 847','60612',1,'2089',1,NULL,NULL,NULL,'LARISA',NULL,'NONN',NULL,'CHICAGO','USA','PATHOLOGY','UNIVERISTY OF ILLINOIS AT CHICAGO','IL','840 S WOOD ST','ROOM 130 CSN, MC 847','60612',NULL,'CHICAGO','USA','PATHOLOGY','UNIVERISTY OF ILLINOIS AT CHICAGO','IL','909 S WOLCOTT','COMRB ROOM 6120','60612',1),(545,0,'SEATTLE','USA','','ATTN: JEANINE TSANG','WA','1959 NE PACIFIC STREET','BOX 356521','98185',1,'2090',1,NULL,NULL,NULL,'MARYAM',NULL,'AFKARIAN',NULL,'SEATTLE','USA','KIDNEY RESEARCH INSTITUTE','UNIVERSITY OF WASHINGTON','WA','325 9TH AVE','BOX 359606','98104',NULL,'SEATTLE','USA','KIDNEY RESEARCH INSTITUTE','UNIVERSITY OF WASHINGTON','WA','908 JEFFERSON STREET','3NJ 350','98104',1),(546,0,'BRONX','USA','GENETICS','ALBERT EISTEIN COLLEGE OF MEDICINE','NY','1301 MORRIS PARK AVENUE','PRICE ROOM 401','10461',1,'2091',1,NULL,NULL,NULL,'CRISTINA',NULL,'MONTAGNA',NULL,'BRONX','USA','GENETICS','ALBERT EISTEIN COLLEGE OF MEDICINE','NY','1301 MORRIS PARK AVENUE','PRICE ROOM 401','10461',NULL,'BRONX','USA','GENETICS','ALBERT EISTEIN COLLEGE OF MEDICINE','NY','1301 MORRIS PARK AVENUE','PRICE ROOM 407','10461',1),(547,0,'SAN FRANCISCO','USA','','CALIFORNIA PACIFIC MEDICAL RES. INST.','CA','475 BRANNAN STREET','SUITE 200','94107',1,'2092',1,NULL,NULL,NULL,'LILIANA',NULL,'SOROCEANU',NULL,'SAN FRANCISCO','USA','','CALIFORNIA PACIFIC MEDICAL RES. INST.','CA','475 BRANNAN STREET','SUITE 200','94107',NULL,'SAN FRANCISCO','USA','','CALIFORNIA PACIFIC MEDICAL RES. INST.','CA','475 BRANNAN STREET','SUITE 200','94107',1),(548,0,'CHEVY CHASE','USA','ACCOUNTS PAYABLE','HOWARD HUGHES MEDICAL INSTITUTE','MD','4000 JONES BRIDGE ROAD','','20815',1,'2094',1,NULL,NULL,NULL,'JASON',NULL,'CYSTER',NULL,'SAN FRANCISCO','USA','MICROBIOLOGY','UCSF','CA','513 PARNASSUS','ROOM HSE 1001','94143-0414',NULL,'SAN FRANCISCO','USA','MICROBIOLOGY','UCSF','CA','513 PARNASSUS','ROOM HSE 1001','94143-0414',1),(549,0,'LOS ANGELES','USA','','UNIVERSITY OF SOUTHERN CALIFORNIA','CA','1042 DOWNEY WAY, DRB 134','','90089-1111',1,'2095',1,NULL,NULL,NULL,'ZHONGPING',NULL,'CHEN',NULL,'IRVINE','USA','BIOMEDICAL ENGINEERING DEPARTM','UNIVERISTY OF CALIFORNIA, IRVINE','CA','P201 BECKMAN LASER INSTITUTE AND M','1002 HEALTH SCIENCE RD E','92612',NULL,'IRVINE','USA','BIOMEDICAL ENGINEERING DEPARTM','UNIVERISTY OF CALIFORNIA, IRVINE','CA','P204 BECKMAN LASER INSTITUTE A','1002 HEALTH SCIENCE RD E','92612',1),(550,0,'CAMDEN','USA','BIOBANKING/CELL CULTURE LAB','CORIELL INSTITUTE FOR MEDICAL RESEARCH','NJ','403 HADDON AVE','','8103',1,'2096',1,NULL,NULL,NULL,'STEVEN',NULL,'MADORE',NULL,'CAMDEN','USA','BIOBANKING/CELL CULTURE LAB','CORIELL INSTITUTE FOR MEDICAL RESEARCH','NJ','403 HADDON AVE','','8103',NULL,'CAMDEN','USA','BIOBANKING/CELL CULTURE LAB','CORIELL INSTITUTE FOR MEDICAL RESEARCH','NJ','403 HADDON AVE','','8103',1),(551,0,'MANHASSET','USA','BIOMECHANICS & ENGINEERING','THE FEINSTEIN INSTITUTE FOR MEDICAL RE','NY','350 COMMUNITY DRIVE','','11030',1,'2097',1,NULL,NULL,NULL,'NADEEN',NULL,'CHAHINE',NULL,'MANHASSET','USA','BIOMECHANICS & ENGINEERING','THE FEINSTEIN INSTITUTE FOR MEDICAL RE','NY','350 COMMUNITY DRIVE','','11030',NULL,'MANHASSET','USA','BIOMECHANICS & ENGINEERING','THE FEINSTEIN INSTITUTE FOR MEDICAL RE','NY','350 COMMUNITY DRIVE','','11030',1),(552,0,'PITTSBURGH','USA','MEDICAL GENETICS','UNIVERSITY OF PITTSBURGH','PA','4401 PENN AVE, CHILDRENS HOSPI','5116 RANGOS RESEARCH CENTER','15227',1,'2098',1,NULL,NULL,NULL,'GERARD',NULL,'VOCKLEY',NULL,'PITTSBURGH','USA','MEDICAL GENETICS','UNIVERSITY OF PITTSBURGH','PA','4401 PENN AVE, CHILDRENS HOSPITAL','5116 RANGOS RESEARCH CENTER','15227',NULL,'PITTSBURGH','USA','MEDICAL GENETICS','UNIVERSITY OF PITTSBURGH','PA','4401 PENN AVE, CHILDRENS HOSPI','5116 RANGOS RESEARCH CENTER','15227',1),(553,0,'GRAND RAPIDS','USA','LABORATORY OF MOLECULAR ONCOLO','VAN ANDEL RESEARCH INSTITUTE','MI','333 BOSTWICK AVE NE','','49503',1,'2099',1,NULL,NULL,NULL,'QIAN',NULL,'XIE',NULL,'GRAND RAPIDS','USA','LABORATORY OF MOLECULAR ONCOLO','VAN ANDEL RESEARCH INSTITUTE','MI','333 BOSTWICK AVE NE','','49503',NULL,'GRAND RAPIDS','USA','PBS','VAN ANDEL RESEARCH INSTITUTE','MI','333 BOSTWISH AVE NE','','49503',1),(554,0,'CHARLESTOWN','USA','ACCOUNTS PAYABLE','PARTNERS HEALTHCARE SYSTEM','MA','PO BOX 9127','','2129',1,'2100',1,NULL,NULL,NULL,'CHARLES',NULL,'SERHAN',NULL,'BOSTON','USA','ANESTHESIOLOGY','BRIGHAM AND WOMENS HOSPITAL','MA','77 AVENUELOUIS PASTEU (HIM 829)','','2115',NULL,'BOSTON','USA','ANESTHESIOLOGY','BRIGHAM AND WOMENS HOSPITAL','MA','77 AVENUELOUIS PASTEU (HIM 829','','2115',1),(555,0,'ANN ARBOR','USA','CLINICAL, SOCIAL AND ADMINISTR','UNIVERSITY OF MICHIGAN','MI','428 CHURCH STREET','ROOM 3567A CCL','48109',1,'2101',1,NULL,NULL,NULL,'HAOJIE',NULL,'ZHU',NULL,'ANN ARBOR','USA','CLINICAL, SOCIAL AND ADMINISTR','UNIVERSITY OF MICHIGAN','MI','428 CHURCH STREET','ROOM 3567A CCL','48109',NULL,'ANN ARBOR','USA','CLINICAL, SOCIAL AND ADMINISTR','UNIVERSITY OF MICHIGAN','MI','428 CHURCH STREET','ROOM 3567A CCL','48109',1),(556,0,'DULUTH','USA','BIOMEDICAL SCIENCES','UNIVERSITY OF MINNESOTA MEDICAL SCHOOL','MN','1035 UNIVERSITY DR','ROOM 247','55812',1,'2102',1,NULL,NULL,NULL,'ROBERT',NULL,'CORMIER',NULL,'DULUTH','USA','BIOMEDICAL SCIENCES','UNIVERSITY OF MINNESOTA MEDICAL SCHOOL','MN','1035 UNIVERSITY DR','ROOM 247','55812',NULL,'DULUTH','USA','BIOMEDICAL SCIENCES','UNIVERSITY OF MINNESOTA MEDICAL SCHOOL','MN','1035 UNIVERSITY DR','ROOM 247','55812',1),(557,0,'BRONX','USA','DMB','ALBERT EINSTEIN MEDICAL COLLEGE','NY','1300 MORRIS PARK AVE','CHANIN 601','10461',1,'2103',1,NULL,NULL,NULL,'JEFFREY',NULL,'POLLARD',NULL,'BRONX','USA','DMB','ALBERT EINSTEIN MEDICAL COLLEGE','NY','1300 MORRIS PARK AVE','CHANIN 601','10461',NULL,'BRONX','USA','DMB','ALBERT EINSTEIN MEDICAL COLLEGE','NY','1300 MORRIS PARK AVE','CHANIN 601','10461',1),(558,0,'JACKSON','USA','CANCER INSTITUTE','UNIVERSITY OF MISSISSIPPI MED CENTER','MS','2500 N. STATE STREET','','39216',1,'2104',1,NULL,NULL,NULL,'KOUNOSUKE',NULL,'WATABE',NULL,'JACKSON','USA','CANCER INSTITUTE','UNIVERSITY OF MISSISSIPPI MED CENTER','MS','2500 N. STATE STREET','','39216',NULL,'JACKSON','USA','CANCER INSTITUTE','UNIVERSITY OF MISSISSIPPI MED CENTER','MS','2500 N. STATE STREET','','39216',1),(559,0,'MEMPHIS','USA','PHARMACOKINETICS','ST. JUDE CHILDRENS RESEARCH HOSPITAL','TN','332 NORTH LAUDERDALE','','38105',6,'224',1,NULL,NULL,NULL,'MARY',NULL,'RELLING',NULL,'MEMPHIS','USA','PHARMACOKINETICS','ST. JUDE CHILDRENS RESEARCH HOSPITAL','TN','332 NORTH LAUDERDALE','','38105',NULL,'MEMPHIS','USA','PHARMACOKINETICS','ST. JUDE CHILDRENS RESEARCH HOSPITAL','TN','332 NORTH LAUDERDALE','ROOM D1063','38105',1),(560,0,'CHARLESTON','USA','PATHOLOGY & LAB MEDICINE','MED UNIV OF SC, HOLLINGS CANCER CENTER','SC','165 ASHLEY AVE.','SUITE CH307','29425',6,'228',1,NULL,NULL,NULL,'DENNIS',NULL,'WATSON',NULL,'CHARLESTON','USA','CTR FOR MOL & STRUCTURAL BIO','MED UNIV OF SC, HOLLINGS CANCER CENTER','SC','171 ASHLEY AVENUE, HCC 320','','29425-2201',NULL,'CHARLESTON','USA','PATHOLOGY & LAB MEDICINE','MED UNIV OF SC, HOLLINGS CANCER CENTER','SC','165 ASHLEY AVE. SUITE CH307','','29425',1),(561,0,'AUGUSTA','USA','OPHTHALMOLOGY','MEDICAL COLLEGE OF GEORGIA','GA','1120 15TH STREET, CB 1603','ROOM BA 2701','30912',6,'233',1,NULL,NULL,NULL,'GREGORY',NULL,'LIOU',NULL,'AUGUSTA','USA','OPHTHALMOLOGY','MEDICAL COLLEGE OF GEORGIA','GA','1120 15TH STREET, CB 2315','CARL T. SANDERS RES & EDU BLDG','30912',NULL,'AUGUSTA','USA','OPHTHALMOLOGY','MEDICAL COLLEGE OF GEORGIA','GA','1120 15TH ST, CB 2315','','30912',1),(562,0,'LOS ANGELES','USA','PATHOLOGY','UNIVERSITY OF SOUTHERN CALIFORNIA','CA','USC NORRIS COMPREHENSIVE CANCE','1441 EASTLAKE AVENUE STE 5409','90033',4,'234',1,NULL,NULL,NULL,'MICHAEL',NULL,'PRESS',NULL,'LOS ANGELES','USA','PATHOLOGY','UNIVERSITY OF SOUTHERN CALIFORNIA','CA','USC NORRIS COMPREHENSIVE CANCER C','1441 EASTLAKE AVENUE STE 5409','90033',NULL,'LOS ANGELES','USA','PATHOLOGY','UNIVERSITY OF SOUTHERN CALIFORNIA','CA','USC NORRIS COMPREHENSIVE CANCE','1441 EASTLAKE AVENUE STE 5409','90033',1),(563,0,'NEW YORK','USA','CELL BIOLOGY','NEW YORK BLOOD CENTER','NY','310 EAST 76TH STREET','3RD FLOOR','10021',3,'237',1,NULL,NULL,NULL,'OSCAR',NULL,'POGO',NULL,'NEW YORK','USA','CELL BIOLOGY','NEW YORK BLOOD CENTER','NY','310 EAST 76TH STREET','3RD FLOOR','10021',NULL,'NEW YORK','USA','CELL BIOLOGY','NEW YORK BLOOD CENTER','NY','310 EAST 76TH STREET','3RD FLOOR','10021',3),(564,0,'LOS ALAMOS','USA','LIFE SCIENCES','LOS ALAMOS NATIONAL LABORATORY','NM','MAIL STOP M880','','87545',4,'263',1,NULL,NULL,NULL,'E. MORTON',NULL,'BRADBURY',NULL,'LOS ALAMOS','USA','LIFE SCIENCES','LOS ALAMOS NATIONAL LABORATORY','NM','MAIL STOP M880','','87545',NULL,'LOS ALAMOS','USA','RECEIVING','LOS ALAMOS NATIONAL LABORATORY','NM','SM30 BIKINI ROAD','','87545',1),(565,0,'BETHESDA','USA','ACCOUNTS PAYABLE','NCI-NIH','MD','9000 ROCKVILLE PIKE','BUILDING 31, RM B1B39','20892',2,'276',1,NULL,NULL,NULL,'TITO',NULL,'FOJO',NULL,'BETHESDA','USA','MEDICINE BRANCH','NATIONAL CANCER INSTITUTE','MD','NIH','9000 ROCKVILLE PIKE','20892',NULL,'BETHESDA','USA','MEDICINE BRANCH','NCI-NIH','MD','9000 ROCKVILLE PIKE','BLDG 10, RM 13N258','20892',3),(566,0,'TOLEDO','USA','ACCOUNTS PAYABLE','MEDICAL COLLEGE OF OHIO','OH','3065 ARLINGTON AVE.','','43614',1,'305',1,NULL,NULL,NULL,'MANOHAR',NULL,'RATNAM',NULL,'TOLEDO','USA','BIOCHEMISTRY AND MOLECULAR BIO','MEDICAL COLLEGE OF OHIO','OH','3000 ARLINGTON AVE #440','','43614',NULL,'TOLEDO','USA','BIOCHEMISTRY AND MOLECULAR BIO','MEDICAL COLLEGE OF OHIO','OH','3000 ARLINGTON AVE.','ROOM 438 BLOCK HEALTH SCI BLDG','43614',3),(567,0,'ST. LOUIS','USA','PATHOLOGY','ST. LOUIS UNIVERSITY HOSPITAL','MO','P. O. BOX 15250','3635 VISTA AVENUE','63110-0250',1,'330',1,NULL,NULL,NULL,'NANCY',NULL,'PHILLIPS',NULL,'ST. LOUIS','USA','PATHOLOGY','ST. LOUIS UNIVERSITY HOSPITAL','MO','P. O. BOX 15250','3635 VISTA AVENUE','63110-0250',NULL,'ST. LOUIS','USA','PATHOLOGY','ST. LOUIS UNIVERSITY HOSPITAL','MO','3555 RUTGER AVENUE','','63104',3),(568,0,'LA JOLLA','USA','IMMUNOLOGY','SCRIPPS CLINIC & RESEARCH FOUNDATION','CA','10666 N. TORREY PINES ROAD','IMM12; ROOM R217','92037',4,'335',1,NULL,NULL,NULL,'JANIS',NULL,'JACKSON',NULL,'LA JOLLA','USA','IMMUNOLOGY','SCRIPPS CLINIC & RESEARCH FOUNDATION','CA','10666 N. TORREY PINES ROAD','IMM12; ROOM R215','92037',NULL,'LA JOLLA','USA','IMMUNOLOGY','SCRIPPS CLINIC & RESEARCH FOUNDATION','CA','10550NORTH TORREY PINE ROAD','IMM12; ROOM 217','92037',3),(569,0,'CALGARY','CANADA','PEDIATRIC','SOUTHERN ALBERTA CRC','AB','3330 HOSPITAL DRIVE NW','','T2N 4N1',5,'340',1,NULL,NULL,NULL,'MAX',NULL,'COPPES',NULL,'CALGARY','CANADA','PEDIATRIC','SOUTHERN ALBERTA CRC','AB','3330 HOSPITAL DRIVE NW','','T2N 4N1',NULL,'CALGARY','CANADA','','SOUTHERN ALBERTA CRC','AB','3330 HOSPITAL DRIVE NW','','T2N 4N1',3),(570,0,'SYRACUSE','USA','MEDICINE, MICROBIOLOGY & IMMUN','SUNY UPSTATE MEDICAL UNIVERSITY','NY','750 EAST ADAMS STREET','WEISKOTTEN HALL, ROOM 8299','13210',3,'341',1,NULL,NULL,NULL,'ANDRAS',NULL,'PERL',NULL,'SYRACUSE','USA','HEALTH SCIENCES CENTER','STATE UNIVERSITY OF NY','NY','750 EAST ADAMS STREET','WEISKOTTEN HALL, ROOM 8299','13210',NULL,'SYRACUSE','USA','HEALTH SCIENCES CENTER','STATE UNIVERSITY OF NY','NY','750 EAST ADAMS STREET','WEISKOTTEN HALL, ROOM 8299','13210',3),(571,0,'AURORA','USA','DIAGNOSTIC & BIOLOG. SCI DEPT','UCDHSC SCHOOL OF DENTISTRY','CO','MAIL STOP F844','PO BOX 6508','80045',4,'350',1,NULL,NULL,NULL,'ROBERT',NULL,'GREER',NULL,'AURORA','USA','DIAGNOSTIC & BIOLOG. SCI DEPT','UCDHSC SCHOOL OF DENTISTRY','CO','MAIL STOP F844','PO BOX 6508','80045',NULL,'AURORA','USA','DIAGNOSTICS & BIO. SCI DEPT','UCDHSC, SCHOOL OF DENISTRY','CO','LAZZARA CENTER FOR ORAL-FACIAL','13064 E. 17TH AVE. ROOM 130','80045',1),(572,0,'ATLANTA','USA','','CENTERS FOR DISEASE CONTROL','GA','MAILSTOP A30','1600 CLIFTON ROAD','30333',6,'351',1,NULL,NULL,NULL,'JUNG-CHUNG',NULL,'LIN',NULL,'ATLANTA','USA','VIRAL DISEASES, HERPES BRANCH','CENTERS FOR DISEASE CONTROL','GA','BUILDING #5, ROOM 114, MSD-10','1600 CLIFTON ROAD NE','30333',NULL,'ATLANTA','USA','VIRAL DISEASES, HERPES BRANCH','CENTERS FOR DISEASE CONTROL','GA','BUILDING #5, ROOM 114, MSD-10','1600 CLIFTON ROAD NE','30333',3),(573,0,'TAMPA','USA','RESEARCH & DEVELOPMENT (151)','JAMES A. HALEY VAMC','FL','13000 BRUCE B. DOWNS BLVD','ROOM 142','33612',6,'361',1,NULL,NULL,NULL,'WILLIAM',NULL,'GOWER',NULL,'TAMPA','USA','RESEARCH & DEVELOPMENT (151)','JAMES A. HALEY VAMC','FL','13000 BRUCE B. DOWNS BLVD','ROOM 142','33612',NULL,'TAMPA','USA','RESEARCH & DEVELOPMENT (151)','JAMES A. HALEY VAMC','FL','13000 BRUCE B. DOWNS BLVD','ROOM 142','33612',3),(574,0,'NEW YORK','USA','DERMATOLOGY','N.Y. UNIV. SCHOOL OF MED-TISCH HOSP.','NY','550 FIRST AVE., RM. H354','','10016',3,'372',1,NULL,NULL,NULL,'JEAN',NULL,'BYSTRYN',NULL,'NEW YORK','USA','DERMATOLOGY','N.Y. UNIV. SCHOOL OF MED-TISCH HOSP.','NY','550 FIRST AVE., RM. H354','','10016',NULL,'NEW YORK','USA','DERMATOLOGY','N.Y. UNIV. SCHOOL OF MED-TISCH HOSP.','NY','550 FIRST AVE., RM. H354','TISCH HOSPITAL/MEDICAL CENTER','10016',3),(575,0,'MEMPHIS','USA','PEDIATRICS','UNIV OF TENNESSEE - MEMPHIS','TN','50 NORTH DUNLAP, ROOM 401','WEST PATIENT TOWER','38103',6,'375',1,NULL,NULL,NULL,'DUKHEE',NULL,'LEW',NULL,'MEMPHIS','USA','PEDIATRICS','UNIV OF TENNESSEE - MEMPHIS','TN','50 NORTH DUNLAP, ROOM 401','WEST PATIENT TOWER','38103',NULL,'MEMPHIS','USA','PEDIATRICS','UNIV OF TENNESSEE - MEMPHIS','TN','50 NORTH DUNLAP, ROOM 401','WEST PATIENT TOWER','38103',1),(576,0,'CINCINNATI','USA','ACCOUNTS PAYABLE','CINCINNATI CHILDRENS RESEARCH FOUNDATI','OH','3333 BURNET AVE.','MLC 5000','45229-3039',1,'379',1,NULL,NULL,NULL,'NANCY',NULL,'RATNER',NULL,'CINCINNATI','USA','EXPERIMENTAL HEMATOLOGY','CINCINNATI CHILDRENS RESEARCH FOUNDATI','OH','3333 BURNET AVE. ML-7013,','TCHRF 2337','45229-3039',NULL,'CINCINNATI','USA','EXPERIMENTAL HEMATOLOGY','CINCINNATI CHILDRENS RESEARCH FOUNDATI','OH','3333 BURNET AVE.','TCHRF 2328','45229-3039',1),(577,0,'BETHESDA','USA','','NATIONAL INSTITUTES OF HEALTH/NCI','MD','10 CENTER DRIVE','MSC 1502','20892-2045',2,'394',1,NULL,NULL,NULL,'MARSTON',NULL,'LINEHAN',NULL,'BETHESDA','USA','','NATIONAL INSTITUTES OF HEALTH/NCI','MD','9000 ROCKVILLE PIKE BLDG 10','ROOM 2B47','20892-4255',NULL,'BETHESDA','USA','UROLOGIC ONCOLOGY BRANCH','NATIONAL INSTITUTES OF HEALTH/NCI','MD','9000 ROCKVILLE PIKE','BLDG 10, ROOM 2B47','20892-1502',3),(578,0,'BOSTON','USA','THYROID DIVISION','BRIGHAM WOMENS HOSPITAL','MA','H.I.M. BUILDING, ROOM 550','77 LOUIS PASTEUR DRIVE','2115',3,'404',1,NULL,NULL,NULL,'REED',NULL,'LARSEN',NULL,'BOSTON','USA','THYROID DIVISION','BRIGHAM WOMENS HOSPITAL','MA','H.I.M. BUILDING, ROOM 550','77 LOUIS PASTEUR DRIVE','2115',NULL,'BOSTON','USA','THYROID DIVISION','BRIGHAM WOMENS HOSPITAL','MA','H.I.M. BUILDING, ROOM 550','77 LOUIS PASTEUR DRIVE','2115',3),(579,0,'DALLAS','USA','MCDERMOTT CENTER FOR HG & DEV.','UNIV. OF TEXAS SW MED CTR. AT DALLAS','TX','6000 HARRY HINES BLVD','10TH FLOOR, ROOM 204','75235-8591',6,'410',1,NULL,NULL,NULL,'GLEN',NULL,'EVANS',NULL,'DALLAS','USA','HUMAN GROWTH & DEVELOPMENT','UNIV. OF TEXAS SW MED. CTR. AT DALLAS','TX','5323 HARRY HINES BLVD.','','75235-8591',NULL,'DALLAS','USA','MCDERMOTT CNTR FOR HG & DEVELO','UNIV. OF TEXAS SW MED. CTR. AT DALLAS','TX','6000 HARRY HINES BLVD','10TH FLOOR, ROOM 204','75235-8591',3),(580,0,'ALBUQUERQUE','USA','DEPT BIOCHEMISTRY','UNIV. OF NEW MEXICO','NM','UNIVERSITY OF NEW MEXICO','MAILSTOP 08 4670','87131',4,'413',1,NULL,NULL,NULL,'JEFFEREY',NULL,'GRIFFITH',NULL,'ALBUQUERQUE','USA','BIOCHEM AND MOLECULAR BIO','UNIV. OF NEW MEXICO SCHOOL OF MEDICINE','NM','900 CAMINO DE SALUD NE','','87131',NULL,'ALBUQUERQUE','USA','CELL BIOLOGY','UNIV. OF NEW MEXICO SCHOOL OF MEDICINE','NM','915 CAMINO DE SALUD NE','BRF G21','87131',3),(581,0,'BETHESDA','USA','ACCOUNTS PAYABLE SECTION OFM','NATIONAL INSTITUTES OF HEALTH','MD','BUILDING 31, B1B39','31 CENTER DRIVE MSC2045','20892-2045',2,'416',1,NULL,NULL,NULL,'ILONA',NULL,'LINNOILA',NULL,'ROCKVILLE','USA','MEDICINE BRANCH','NATIONAL CANCER INSTITUTE','MD','9610 MEDICAL CENTER DRIVE','SUITE 300','20850',NULL,'ROCKVILLE','USA','MEDICINE BRANCH','NATIONAL CANCER INSTITUTE','MD','9610 MEDICAL CENTER DRIVE','SUITE 300','20850',3),(582,0,'LEBANON','USA','PHYSIOLOGY','DARTMOUTH MEDICAL SCHOOL','NH','1 MEDICAL CENTER DRIVE','BORWELL BLDG. RM 752E','3756',3,'422',1,NULL,NULL,NULL,'WILLIAM',NULL,'NORTH',NULL,'LEBANON','USA','PHYSIOLOGY','DARTMOUTH MEDICAL SCHOOL','NH','1 MEDICAL CENTER DRIVE','','3756',NULL,'LEBANON','USA','PHYSIOLOGY','DARTMOUTH MEDICAL SCHOOL','NH','1 MEDICAL CENTER DRIVE','BORWELL BLDG. RM 752E','3756',3),(583,0,'SALT LAKE CITY','USA','PEDIATRICS & HUMAN GENETICS','UNIVERSITY OF UTAH','UT','1C204','','84132',4,'449',1,NULL,NULL,NULL,'ARTHUR',NULL,'BROTHMAN',NULL,'SALT LAKE CITY','USA','PEDIATRICS & HUMAN GENETICS','UNIVERSITY OF UTAH','UT','1C204','','84122',NULL,'SALT LAKE CITY','USA','','ECCLES INSTIT. OF HUMAN GENETICS','UT','BUILDING 533, ROOM 2280','','84112',1),(584,0,'COLUMBUS','USA','PEDIATRICS','CHILDRENS HOSPITAL','OH','','','43210',5,'460',1,NULL,NULL,NULL,'JOHN',NULL,'MAHAN',NULL,'COLUMBUS','USA','PEDIATRICS','CHILDRENS HOSPITAL','OH','700 CHILDRENS DRIVE','','43205',NULL,'COLUMBUS','USA','PEDIATRICS','CHILDRENS HOSPITAL','OH','','','43210',1),(585,0,'SEATTLE','USA','MOLECULAR EPIDEMIOLOGY PROGRAM','PACIFIC NORTHWEST RESEARCH INSTITUTION','WA','720 BROADWAY, ROOM 511','','98122',4,'472',1,NULL,NULL,NULL,'DONALD',NULL,'MALINS',NULL,'SEATTLE','USA','MOLECULAR EPIDEMIOLOGY PROGRAM','PACIFIC NORTHWEST RESEARCH INSTITUTION','WA','720 BROADWAY, ROOM 511','','98122',NULL,'SEATTLE','USA','MOLECULAR EPIDEMIOLOGY PROGRAM','PACIFIC NORTHWEST RESEARCH INSTITUTION','WA','720 BROADWAY, ROOM 503','','98122',1),(586,0,'SMITHVILLE','USA','CARCINOGENESIS','U.T. M.D. ANDERSON CANCER CTR','TX','SCIENCE PARK-RESEARCH DIVISION','P.O. BOX 389','78957',6,'480',1,NULL,NULL,NULL,'C.',NULL,'ALDAZ',NULL,'SMITHVILLE','USA','CARCINOGENESIS','U.T. M.D. ANDERSON CANCER CTR','TX','SCIENCE PARK-RESEARCH DIVISION','PARK ROAD 1C','78957',NULL,'SMITHVILLE','USA','CARCINOGENESIS','U.T. M.D. ANDERSON CANCER CTR','TX','DR. C. M. ALDAZ','1808 PARK ROAD, 1C','78957',3),(587,0,'BERKLEY','USA','LIFE SCIENCE DIVISION','LAWRENCE-BERKLEY NATIONAL LAB','CA','P.O. BOX 528','','94701',4,'481',1,NULL,NULL,NULL,'TERUMI',NULL,'KOHWI-SHIGEMATSU',NULL,'BERKLEY','USA','LIFE SCIENCE DIVISION','LAWRENCE-BERKLEY NATIONAL LAB','CA','1 CYCLOTRON ROAD','MAIL STOP 70A-1118','94720',NULL,'BERKLEY','USA','LIFE SCIENCE DIVISION','LORENCE-BERKLEY NATIONAL LAB','CA','1 CYCLOTRON ROAD','BLDG. 84, RM 155','94720',3),(588,0,'SHREVEPORT','USA','OB/GYN','LSU MEDICAL CENTER','LA','1501 KINGS HIGHWAY','','71130',6,'487',1,NULL,NULL,NULL,'MICHAEL',NULL,'MATHIS',NULL,'SHREVEPORT','USA','OB/GYN','LSU MEDICAL CENTER','LA','1501 KINGS HIGHWAY','','71130',NULL,'SHREVEPORT','USA','CELLULAR BIOLOGY/ANATOMY','LSU MEDICAL CENTER','LA','1501 KINGS HIGHWAY','ROOM 8-311','71130',3),(589,0,'BELLEVILLE','USA','TUMOR BIOLOGY','CENTER FOR MOLECULAR MED. & IMMUNOLOGY','NJ','520 BELLEVILLE AVENUE','','7109',3,'491',1,NULL,NULL,NULL,'ROSALYN',NULL,'BLUMENTHAL',NULL,'BELLEVILLE','USA','TUMOR BIOLOGY','CENTER FOR MOLECULAR MED. & IMMUNOLOGY','NJ','520 BELLEVILLE AVENUE','','7109',NULL,'BELLEVILLE','USA','TUMOR BIOLOGY','CENTER FOR MOLECULAR MED. & IMMUNOLOGY','NJ','520 BELLEVILLE AVENUE','','7109',3),(590,0,'NEW HAVEN','USA','DERMATOLOGY','YALE UNIVERSITY SCH OF MEDICINE','CT','333 CEDAR STREET','500 LCI','6510',3,'493',1,NULL,NULL,NULL,'JEAN',NULL,'BOLOGNIA',NULL,'NEW HAVEN','USA','DERMATOLOGY','YALE UNIVERSITY SCHOOL OF MEDICINE','CT','333 CEDAR STREET','500 LCI','6510',NULL,'NEW HAVEN','USA','DERMATOLOGY','YALE UNIVERSITY SCHOOL OF MEDICINE','CT','333 CEDAR STREET','505 LCI','6520',3),(591,0,'BETHESDA','USA','COMMERCIAL ACCTS BRANCH','NATIONAL INSTITUTE OF HEALTH','MD','31 CENTER DRIVE MSC 2045','BUILDING 31, ROOM B1B39','20892-2045',2,'496',1,NULL,NULL,NULL,'UNNUR',NULL,'THORGEIRSSON',NULL,'BETHESDA','USA','LCCTP','NATIONAL CANCER INSTITUTE','MD','9000 ROCKVILLE PIKE','BUILDING 37, ROOM 2A-19','20892',NULL,'BETHESDA','USA','LCCTP','NATIONAL CANCER INSTITUTE','MD','9000 ROCKVILLE PIKE','BUILDING 37, ROOM 2A-19','20892',3),(592,0,'NEW HAVEN','USA','PEDIATRICS','YALE UNIVERSITY SCHOOL OF MEDICINE','CT','295 CONGRESS AVENUE','BOYER CENTER FOR MOLECULAR MED','06536-0812',3,'500',1,NULL,NULL,NULL,'STEVEN',NULL,'GOLDSTEIN',NULL,'NEW HAVEN','USA','PEDIATRICS','YALE UNIVERSITY SCHOOL OF MEDICINE','CT','295 CONGRESS AVENUE','BOYER CENTER FOR MOLECULAR MEDICIN','06536-0812',NULL,'NEW HAVEN','USA','PEDIATRICS','YALE UNIVERSITY SCHOOL OF MEDICINE','CT','295 CONGRESS AVENUE','BOYER CENTER FOR MOLECULAR MED','06536-0812',3),(593,0,'DEERFIELD','USA','ACCOUNTS PAYABLE','FUJISAWA USA','IL','3 PARKWAY NORTH','','60015',1,'506',1,NULL,NULL,NULL,'ALA',NULL,'ALAK',NULL,'EVANSTON','USA','','FUJISAWA RESEARCH INSTITUTE','IL','1801 MAPLE AVENUE','','60201',NULL,'EVANSTON','USA','','FUJISAWA RESEARCH INSTITUTE','IL','1801 MAPLE AVENUE','','60201',3),(594,0,'WASHINGTON','USA','ACCOUNTS PAYABLE','GEORGETOWN UNIVERSITY','DC','3RD FLOOR','3520 PROSPECT STREET NW','20007',2,'510',1,NULL,NULL,NULL,'SUSETTE',NULL,'MUELLER',NULL,'WASHINGTON','USA','CELL BIOLOGY','GEORGETOWN UNIV. SCHOOL OF MEDICINE','DC','MED/DENT. BLDG.','3900 RESERVOIR ROAD NW','20007',NULL,'WASHINGTON','USA','CELL BIOLOGY','GEORGETOWN UNIV. MED. SCHOOL','DC','W316 RESEARCH BUILDING','3970 RESERVOIR ROAD NW','20007',3),(595,0,'RESEARCH TRIANGLE PA','USA','ACCOUNTS PAYABLE','NATIONAL INSTITUTES OF HEALTH, NIEHS','NC','ATTN: SHARON WILKENS','P.O. BOX 12233, MD D2-01','27709',6,'517',1,NULL,NULL,NULL,'DARRYL',NULL,'ZELDIN',NULL,'RESEARCH TRIANGLE PARK','USA','LAB OF PULMONARY PATHOBIOLOGY','NATIONAL INSTITUTES OF HEALTH/NIEHS','NC','BUILDING 101, ROOM D-236','111 T. W. ALEXANDER DRIVE','27709',NULL,'RESEARCH TRIANGLE PARK','USA','LAB OF PULMONARY PATHOBIOLOGY','NATIONAL INSTITUTES OF HEALTH/NIEHS','NC','BUILDING 101, ROOM D-236','111 T. W. ALEXANDER DRIVE','27709',3),(596,0,'NEWARK','USA','ACCOUNTS PAYABLE','UNIV. OF MEDICINE AND DENTISTRY','NJ','ACCOUNTS PAYABLE','P.O. BOX 10146','7101',3,'522',1,NULL,NULL,NULL,'HOSEA',NULL,'HUANG',NULL,'NEWARK','USA','SURGERY(SECTION OF UROLOGY)','UMD-NEW JERSEY MEDICAL SCHOOL','NJ','185 S. ORANGE AVENUE','H516 MSB','07103-2757',NULL,'NEWARK','USA','SURGERY(SECTION OF UROLOGY)','UMD-NEW JERSEY MEDICAL SCHOOL','NJ','185 S. ORANGE AVENUE','H516 MSB','07103-2757',3),(597,0,'BIRMINGHAM','USA','HEMATOLOGY/ONCOLOGY','UNIV. OF ALABAMA AT BIRMINGHAM','AL','570 WALLACE TUMOR INSTITUTE','1824 6TH AVENUE SOUTH','35294',6,'523',1,NULL,NULL,NULL,'J',NULL,'RUPPERT',NULL,'BIRMINGHAM','USA','HEMATOLOGY/ONCOLOGY','UNIV. OF ALABAMA AT BIRMINGHAM','AL','570 WALLACE TUMOR INSTITUTE','1824 6TH AVENUE SOUTH','35294',NULL,'BIRMINGHAM','USA','HEMATOLOGY/ONCOLOGY','UNIV. OF ALABAMA AT BIRMINGHAM','AL','570 WALLACE TUMOR INSTITUTE','1824 6TH AVENUE SOUTH','35294',3),(598,0,'','USA','','','','','','',1,'5263',1,NULL,NULL,NULL,'CHRISTINA',NULL,'CARRIGAN',NULL,'WALTHAM','USA','TRANSLATIONAL RESEARCH/IHC','IMMUNOGEN','MA','830 WINTER STREET','','2451',NULL,'','USA','','','','','','',1),(599,0,'CHICAGO','USA','MEDICINE, SECTION OF HEM./ONC.','UNIVERSITY OF CHICAGO','IL','5841 SOUTH MARYLAND AVENUE','MC 6091 W610','60637-1470',1,'540',1,NULL,NULL,NULL,'M. EILEEN',NULL,'DOLAN',NULL,'CHICAGO','USA','MEDICINE, SECTION OF HEM./ONC.','UNIVERSITY OF CHICAGO','IL','5841 SOUTH MARYLAND AVENUE','MC 2115','60637-1470',NULL,'CHICAGO','USA','MEDICINE, SECTION OF HEM./ONC.','UNIVERSITY OF CHICAGO','IL','5841 SOUTH MARYLAND AVENUE','ROOM I-204','60637-1470',3),(600,0,'CHARLESTON','USA','MICROBIOLOGY & IMMUNOLOGY','MEDICAL UNIVERSITY OF SOUTH CAROLINA','SC','173 ASHLEY AVENUE','B.S.B. RM 201','29403',6,'542',1,NULL,NULL,NULL,'GARY',NULL,'PADDOCK',NULL,'CHARLESTON','USA','MICROBIOLOGY & IMMUNOLOGY','MEDICAL UNIVERSITY OF SOUTH CAROLINA','SC','171 ASHLEY AVENUE','BASIC SCIENCE BLDG. RM 201','29425',NULL,'CHARLESTON','USA','MICROBIOLOGY & IMMUNOLOGY','MEDICAL UNIVERSITY OF SOUTH CAROLINA','SC','173 ASHLEY AVENUE','B.S.B. RM 201','20403',3),(601,0,'DALLAS','USA','SURGERY','THE UNIVERSITY OF TEXAS','TX','SOUTHWESTERN MEDICAL CENTER','5323 HARRY HINES BLVD.','75235-9110',6,'543',1,NULL,NULL,NULL,'JOHN',NULL,'MCCONNELL',NULL,'DALLAS','USA','SURGERY','THE UNIVERSITY OF TEXAS','TX','SOUTHWESTERN MEDICAL CENTER','5323 HARRY HINES BLVD.','75235-9110',NULL,'DALLAS','USA','SURGERY','THE UNIVERSITY OF TEXAS','TX','SOUTHWESTERN MEDICAL CENTER','5323 HARRY HINES BLVD.','75235-9110',1),(602,0,'TOLEDO','USA','UROLOGY','MEDICAL COLLEGE OF OHIO','OH','2245 DOWLING HALL','3000 ARLINGTON AVENUE','43614',1,'546',1,NULL,NULL,NULL,'JERZY',NULL,'JANKUN',NULL,'TOLEDO','USA','UROLOGY','MEDICAL COLLEGE OF OHIO','OH','2245 DOWLING HALL','3000 ARLINGTON AVENUE','43614',NULL,'TOLEDO','USA','UROLOGY','MEDICAL COLLEGE OF OHIO','OH','2245 DOWLING HALL','3000 ARLINGTON AVENUE','43614',3),(603,0,'LA JOLLA','USA','IMMUNOLOGY/VASCULAR BIOLOGY','SCRIPPS RESEARCH INSTITUTE','CA','10550 N. TORREY PINES ROAD','TPC-12','92037',4,'548',1,NULL,NULL,NULL,'DAVID',NULL,'CHERESH',NULL,'LA JOLLA','USA','IMMUNOLOGY/VASCULAR BIOLOGY','SCRIPPS RESEARCH INSTITUTE','CA','10550 N. TORREY PINES ROAD','IMM24, ROOM R219','92037',NULL,'LA JOLLA','USA','IMMUNOLOGY/VASCULAR BIOLOGY','SCRIPPS RESEARCH INSTITUTE','CA','10550 N. TORREY PINES RD','IMM, RM. R219','92037',3),(604,0,'STRATFORD','USA','MOLECULAR BIOLOGY','UNIV. OF MED. AND DENTISTRY OF NJ','NJ','TWO MEDICAL CENTER DRIVE','SCIENCE CENTER RM. 310','8084',3,'549',1,NULL,NULL,NULL,'SALVATORE',NULL,'CARADONNA',NULL,'STRATFORD','USA','MOLECULAR BIOLOGY','UNIVERSITY OF MED. AND DENTISTRY OF NJ','NJ','TWO MEDICAL CENTER DRIVE','SCIENCE CENTER RM. 310','8084',NULL,'STRATFORD','USA','MOLECULAR BIOLOGY','UNIV. OF MED. AND DENTISTRY OF NJ','NJ','TWO MEDICAL CENTER DRIVE','SCIENCE CENTER RM. 310','8084',3),(605,0,'LA JOLLA','USA','','THE BURNHAM INSTITUTE','CA','10901 NORTH TORREY PINES ROAD','BLDG 200, ROOM 2207','92037',6,'558',1,NULL,NULL,NULL,'MANUEL',NULL,'PERUCHO',NULL,'LA JOLLA','USA','','THE BURNHAM INSTITUTE','CA','10901 NORTH TORREY PINES ROAD','BLDG 100, ROOM 1217','92037',NULL,'LA JOLLA','USA','','THE BURNHAM INSTITUTE','CA','10901 NORTH TORREY PINES ROAD','BLDG 200, ROOM 2200B','92037',3),(606,0,'DENVER','USA','PROCUREMENT SERVICE CENTER','UNIVERSITY OF COLORADO','CO','MAIL STOP119','PO BOX 173364','80217-3364',4,'559',1,NULL,NULL,NULL,'BRYAN',NULL,'HAUGEN',NULL,'AURORA','USA','MEDICINE/ENDOCRINOLOGY','UCHSC','CO','12801 E.17TH AVE','PO BOX 6511, MAILSTOP 8106','80010',NULL,'AURORA','USA','ENDOCRINOLOGY','UCHSC AT FITZSIMONS','CO','12801 EAST 17TH AVE.','RC1 SOUTH TOWER RM. 7400D','80010',3),(607,0,'BETHESDA','USA','SP-DFM','NATIONAL CANCER INSTITUTE','MD','9000 ROCKVILLE PIKE','BLDG. 31, ROOM BIB39','20892',2,'561',1,NULL,NULL,NULL,'MARJORIE',NULL,'ROBERT-GUROFF',NULL,'BETHESDA','USA','LABORATORY OF TUMOR CELL BIOLO','NATIONAL CANCER INSTITUTE','MD','9000 ROCKVILLE PIKE','BLDG. 37, ROOM 6 BO5','20892',NULL,'BETHESDA','USA','LABORATORY OF TUMOR CELL BIOLO','NATIONAL CANCER INSTITUTE','MD','9000 ROCKVILLE PIKE','BLDG. 37, ROOM 6 BO5','20892',3),(608,0,'HOUSTON','USA','REPRODUCTIVE ENDOCRINOLOGY','BAYLOR COLLEGE OF MEDICINE OB/GYN','TX','ONE BAYLOR PLAZA','SMITH TOWER SUITE 854','77030',5,'568',1,NULL,NULL,NULL,'MICHAEL',NULL,'SNABES',NULL,'HOUSTON','USA','REPRODUCTIVE ENDOCRINOLOGY','BAYLOR COLLEGE OF MEDICINE OB/GYN','TX','ONE BAYLOR PLAZA','SMITH TOWER SUITE 854','77030',NULL,'HOUSTON','USA','ATTN: DR. MICHAEL SNABES','BAYLOR COLLEGE OF MEDICINE','TX','6550 FANNIN','SMITH TOWER SUITE 854','77030',3),(609,0,'DENVER','USA','RE: HOSPITAL NAME/CLINIC NAME','SCL HEALTH SYSTEM/EXEMPLA HEALTHCARE','CO','2480 W. 26TH AVE., SUITE 200B','','80211',4,'577',1,NULL,NULL,NULL,'DAVID',NULL,'HOON',NULL,'SANTA MONICA','USA','MOL. & CELL. IMMUNOLOGY','JOHN WAYNE CA RESEARCH INST.','CA','2200 SANTA MONICA BLVD.','ROOM 202','90404',NULL,'SANTA MONICA','USA','MOL. & CELL. IMMUNOLOGY','JOHN WAYNE CA RESEARCH INST.','CA','2200 SANTA MONICA BLVD.','ROOM 202','90404',3),(610,0,'PHILADELPHIA','USA','ACCOUNTS PAYABLE','UNIVERSITY OF PENNSYLVANIA','PA','440 FRANKLIN','3451 WALNUT STREET','19104-6281',3,'584',1,NULL,NULL,NULL,'NIKOLAI',NULL,'LISITSYN',NULL,'PHILADELPHIA','USA','GENETICS','UNIVERSITY OF PENNSYLVANIA','PA','STELLAR-CHANCE BUILDING','422 CURIE BOULEVARD RM. 712','19104-6100',NULL,'PHILADELPHIA','USA','GENETICS','UNIVERSITY OF PENNSYLVANIA','PA','STELLAR-CHANCE BUILDING','422 CURIE BOULEVARD RM. 712','19104-6100',3),(611,0,'STANFORD','USA','ACCOUNTS PAYABLE','STANFORD UNIVERSITY','CA','P.O. BOX 20410','','94309',4,'590',1,NULL,NULL,NULL,'LINDA',NULL,'GIUDICE',NULL,'STANFORD','USA','OB-GYN','STANFORD UNIVERSITY','CA','300 PASTEUR DR. RM. HH333','','94305-5317',NULL,'STANFORD','USA','OB-GYN, ATTN: AMY HAMILTON/KIM','STANFORD U. MED CENTER','CA','SUMC DEPT GYN 300 PASTEUR DR.','GRANT BLDG. ROOM S373','94305-5317',3),(612,0,'CHARLOTTE','USA','ORTHOPEDIC SURGERY','CAROLINAS MEDICAL CENTER','NC','ORTHOPAEDIC RESEARCH BIOLOGY','CANNON 304, PO BOX 32861','28232',5,'595',1,NULL,NULL,NULL,'HELEN',NULL,'GRUBER',NULL,'CHARLOTTE','USA','ORTHOPEDIC SURGERY','CAROLINAS MEDICAL CENTER','NC','1542 GARDEN TERRACE','','28232',NULL,'CHARLOTTE','USA','ORTHOPEDIC RESEARCH BIOLOGY','','NC','CANNON RESEARCH BUILDING','1542 GARDEN TERRACE','28203',1),(613,0,'WINSTON-SALEM','USA','INTERNAL MEDICINE - CARDIOLOGY','WAKE FOREST UNIV SCHOOL OF MEDICINE','NC','G24A HANES BUILDING','MEDICAL CENTER BLVD.','27157-1045',6,'597',1,NULL,NULL,NULL,'DAVID',NULL,'SANE',NULL,'WINSTON-SALEM','USA','INTERNAL MEDICINE - CARDIOLOGY','WAKE FOREST UNIV SCHOOL OF MEDICINE','NC','RM.140 NRC BUILDING','MEDICAL CENTER BLVD.','27157-1045',NULL,'WINSTON-SALEM','USA','INTERNAL MEDICINE - CARDIOLOGY','WAKE FOREST UNIV SCHOOL OF MEDICINE','NC','RM. 140 NRC BUILDING','MEDICAL CENTER BLVD.','27157-1045',3),(614,0,'GAINESVILLE','USA','PATHOLOGY','VETERANS AFFAIRS MEDICAL CENTER','FL','A02 1601 SW ARCHER ROAD','','32608-1197',5,'599',1,NULL,NULL,NULL,'WILLIAM',NULL,'CLAPP',NULL,'GAINESVILLE','USA','PATHOLOGY','VETERANS AFFAIRS MEDICAL CENTER','FL','A02 1601 SW ARCHER ROAD','','32608-1197',NULL,'GAINESVILLE','USA','PATHOLOGY','VETERANS AFFAIRS MEDICAL CENTER','FL','A02 1601 SW ARCHER ROAD','','32608-1197',1),(615,0,'NEW YORK','USA','RHEUMATOLOGY RESEARCH LAB, HJD','HOSPITAL FOR JOINT DISEASES','NY','301 EAST 17TH STREET','ROOM 1600','10003',3,'607',1,NULL,NULL,NULL,'ASHOK',NULL,'AMIN',NULL,'NEW YORK','USA','RHEUMATOLOGY RESEARCH LAB, HJD','HOSPITAL FOR JOINT DISEASES','NY','301 EAST 17TH STREET','ROOM 1600','10003',NULL,'NEW YORK','USA','RHEUMATOLOGY RESEARCH LAB, HJD','HOSPITAL FOR JOINT DISEASES','NY','301 EAST 17TH STREET','ROOM 1600','10003',3),(616,0,'NEW YORK','USA','DEPARTMENT OF RHEUMATOLOGY','HOSPITAL FOR JOINT DISEASES ORTHO. INS','NY','301 EAST 17TH STREET','ROOM 1600','10003',3,'608',1,NULL,NULL,NULL,'STEVEN',NULL,'ABRAMSON',NULL,'NEW YORK','USA','DEPARTMENT OF RHEUMATOLOGY','HOSPITAL FOR JOINT DISEASES ORTHO. INS','NY','301 EAST 17TH STREET','ROOM 1600','10003',NULL,'NEW YORK','USA','DEPARTMENT OF RHEUMATOLOGY','HOSPITAL FOR JOINT DISEASES ORTHO. INS','NY','301 EAST 17TH STREET','ROOM 1600','10003',3),(617,0,'PHILADELPHIA','USA','PEDIATRICS,DIV.OF PULMONRY.MED','CHILDRENS HOSPITAL OF PHILADELPHIA','PA','ABRAMSONS PEDIATRIC RESEARCH C','ROOM 412E','19104',3,'611',1,NULL,NULL,NULL,'MICHAEL',NULL,'GRUNSTEIN',NULL,'PHILADELPHIA','USA','PEDIATRICS,DIV.OF PULMONRY.MED','CHILDRENS HOSPITAL OF PHILADELPHIA','PA','ABRAMSONS PEDIATRIC RESEARCH CENTE','ROOM 412E','19104',NULL,'PHILADELPHIA','USA','PEDIATRICS,DIV.OF PULMONRY.MED','CHILDRENS HOSPITAL OF PHILADELPHIA','PA','ABRAMSONS PEDIATRIC RESEARCH C','ROOM 412E','19104',3),(618,0,'PHILADELPHIA','USA','MEDICAL ONCOLOGY','FOX CHASE CANCER CENTER','PA','7701 BURHOLME AVENUE','ROOM P3045','19111',3,'622',1,NULL,NULL,NULL,'ELIZABETH',NULL,'HENSKE',NULL,'PHILADELPHIA','USA','MEDICAL ONCOLOGY','FOX CHASE CANCER CENTER','PA','7701 BURHOLME AVENUE','ROOM W322','19111',NULL,'PHILADELPHIA','USA','','FOX CHASE CANCER CENTER','PA','7701 BURHOLME AVENUE','ROOM P3045','19111',1),(619,0,'STANFORD','USA','PULMONARY & CRITICAL CARE MED.','STANFORD UNIVERSITY','CA','MC 5236','ROOM 3151','94305',4,'625',1,NULL,NULL,NULL,'THOMAS',NULL,'RAFFIN',NULL,'STANFORD','USA','PULMONARY & CRITICAL CARE MED.','STANFORD UNIVERSITY','CA','MC 5236','ROOM 3151','94305',NULL,'STANFORD','USA','PULMONARY & CRITICAL CARE MED.','STANFORD UNIVERSITY','CA','MC 5236','ROOM 3151','94305',3),(620,0,'STANFORD','USA','ACCOUNTS PAYABLE','STANFORD UNIVERSITY','CA','P.O. BOX 4409','','94309',4,'631',1,NULL,NULL,NULL,'STANLEY',NULL,'COHEN',NULL,'STANFORD','USA','GENETICS','STANFORD UNIVERSITY SCHOOL OF MEDICINE','CA','300 PASTEUR DRIVE','LANE BUILDING ROOM L312','94305-5120',NULL,'STANFORD','USA','GENETICS','STANFORD UNIVERSITY SCHOOL OF MEDICINE','CA','300 PASTEUR DRIVE','LANE BUILDING ROOM L312','94305-5120',3),(621,0,'WEST LAFAYETTE','USA','SCHOOL OF HEALTH SCIENCES','PURDUE UNIVERSITY','IN','CIVIL ENGINEERING BUILDING','','49707-1338',1,'632',1,NULL,NULL,NULL,'GARY',NULL,'CARLSON',NULL,'WEST LAFAYETTE','USA','SCHOOL OF HEALTH SCIENCES','PURDUE UNIVERSITY','IN','CIVIL ENGINEERING BUILDING','','49707-1338',NULL,'WEST LAFAYETTE','USA','MEDICINAL CHEM & PHARMACOLOGY','PURDUE UNIVERSITY','IN','R. HEINE PHARMACY BUILDING','','47907-1333',3),(622,0,'PHILADELPHIA','USA','','WISTAR INSTITUTE','PA','36TH & SPRUCE STREETS','','19104',3,'633',1,NULL,NULL,NULL,'DANIELA',NULL,'SANTOLI',NULL,'PHILADELPHIA','USA','','WISTAR INSTITUTE','PA','3601 SPRUCE STREET','','19104',NULL,'PHILADELPHIA','USA','','WISTAR INSTITUTE','PA','36TH & SPRUCE STREETS','ROOM 260','19104',3),(623,0,'SMITHVILLE','USA','EXPERIMENTAL CARCINOGENESIS','UNIV OF TEXAS M.D. ANDERSON CA CTR','TX','SCIENCE PARK - RESEARCH DIV','PARK ROAD 1C','78957-0389',6,'653',1,NULL,NULL,NULL,'CLAUDIO',NULL,'CONTI',NULL,'SMITHVILLE','USA','EXPERIMENTAL CARCINOGENESIS','UNIV OF TEXAS M.D. ANDERSON CA CTR','TX','SCIENCE PARK - RESEARCH DIV','PARK ROAD 1C/L1-104','78957-0389',NULL,'SMITHVILLE','USA','EXPERIMENTAL CARCINOGENESIS','UNIV OF TEXAS M.D. ANDERSON CA CTR','TX','SCIENCE PARK - RESEARCH DIV','PARK ROAD 1C/L1-104','78957-0389',3),(624,0,'RICHMOND','USA','ACCOUNTS PAYABLE AND SUPPORT','VIRGINIA COMMONWEALTH UNIVERSITY','VA','PO BOX 980327','','23298-0327',2,'662',1,NULL,NULL,NULL,'LAWRENCE',NULL,'SCHWARTZ',NULL,'RICHMOND','USA','INTERNAL MEDICINE','VIRGINIA COMMONWEALTH UNIVERSITY','VA','1112 E. CLAY STREET','MCGUIRE HALL, ROOM 4-114','23219',NULL,'RICHMOND','USA','INTERNAL MEDICINE','VIRGINIA COMMONWEALTH UNIVERSITY','VA','1112 E. CLAY STREET','MCGUIRE HALL, ROOM 4-114','23219',1),(625,0,'TOLEDO','USA','MEDICINE','MEDICAL COLLEGE OF OHIO','OH','H.E. 219','3055 ARLINGTON AVE.','43699',1,'665',1,NULL,NULL,NULL,'JAMES',NULL,'WILLEY',NULL,'TOLEDO','USA','MEDICINE','MEDICAL COLLEGE OF OHIO','OH','3000 ARLINGTON AVENUE','0012 RUPPERT HEALTH SCIENCES BLDG.','43699',NULL,'TOLEDO','USA','MEDICINE','MEDICAL COLLEGE OF OHIO','OH','3055 ARLINGTON AVE.','H.E. 219','43614',3),(626,0,'WYNNEWOOD','USA','ACCOUNTS PAYABLE','LANDENAU INSTITUTE FOR MED RES','PA','PO BOX 12609','','19096',3,'671',1,NULL,NULL,NULL,'GEORGE',NULL,'PRENDERGAST',NULL,'WYNNEWOOD','USA','','LANKENAU INST. FOR MEDICAL RESEARCH','PA','100 EAST LANCASTER AVE','ROOM 233','19096',NULL,'WYNNEWOOD','USA','','LANKENAU INST. FOR MEDICAL RESEARCH','PA','100 LANCASTER AVE','','19096',1),(627,0,'PHILADELPHIA','USA','MICROBIOLOGY & IMMUNOLOGY','TEMPLE UNIV. SCHOOL OF MEDICINE','PA','3400 N. BROAD STREET','OLD MEDICAL SCHOOL, RM. 525','19140',3,'672',1,NULL,NULL,NULL,'CHRIS',NULL,'PLATSOUCAS',NULL,'PHILADELPHIA','USA','MICROBIOLOGY & IMMUNOLOGY','TEMPLE UNIV. SCHOOL OF MEDICINE','PA','3400 N. BROAD STREET','OLD MEDICAL SCHOOL RM. 525','19140',NULL,'PHILADELPHIA','USA','MICROBIOLOGY & IMMUNOLOGY','TEMPLE UNIV. SCHOOL OF MEDICINE','PA','3420 N. BROAD STREET','KRESGE HALL, RM 504','19140',3),(628,0,'LA JOLLA','USA','BIOLOGY','UNIVERSITY OF CALIFORNIA, SAN DIEGO','CA','9500 GELMAN DRIVE','BONNER HALL ROOM 4425','92093',4,'673',1,NULL,NULL,NULL,'PAUL',NULL,'PRICE',NULL,'LA JOLLA','USA','BIOLOGY','UNIVERSITY OF CALIFORNIA, SAN DIEGO','CA','9500 GELMAN DRIVE','BONNER HALL ROOM 4425','92093',NULL,'LA JOLLA','USA','BIOLOGY','UNIVERSITY OF CALIFORNIA, SAN DIEGO','CA','9500 GELMAN DRIVE','BONNER HALL ROOM 2121','92093',3),(629,0,'SAN FRANCISCO','USA','ACCOUNTING OFFICE','UNIVERSITY OF CALIFORNIA SAN FRANCISCO','CA','BOX 0812','','94143',4,'674',1,NULL,NULL,NULL,'LESLIE',NULL,'BENET',NULL,'SAN FRANCISCO','USA','BIOPHARMACEUTICAL SCIENCES','UNIVERSITY OF CALIFORNIA SAN FRANCISCO','CA','533 PARNASSUS','ROOM U69','94143',NULL,'SAN FRANCISCO','USA','BIOPHARMACEUTICAL SCIENCES','UNIVERSITY OF CALIFORNIA SAN FRANCISCO','CA','533 PARNASSUS','ROOM U-66','94143',3),(630,0,'WASHINGTON','USA','PEDIATRICS','GEORGETOWN UNIVERSITY','DC','THE RESEARCH BUILDING, ROOM 31','3970 RESERVOIR ROAD NW','20007',5,'679',1,NULL,NULL,NULL,'JEFFREY',NULL,'TORETSKY',NULL,'WASHINGTON','USA','PEDIATRICS','GEORGETOWN UNIVERSITY','DC','THE RESEARCH BUILDING, ROOM 316','3970 RESERVOIR ROAD NW','20007',NULL,'WASHINGTON','USA','PEDIATRICS','GEORGETOWN UNIVERSITY','DC','THE RESEARCH BUILDING, ROOM 31','3970 RESERVOIR ROAD NW','20007',3),(631,0,'PRINCETON','USA','MOLECULAR BIOLOGY','PRINCETON UNIVERSITY','NJ','LEWIS THOMAS LABORATORY','','08544-1014',3,'682',1,NULL,NULL,NULL,'ARNOLD',NULL,'LEVINE',NULL,'PRINCETON','USA','MOLECULAR BIOLOGY','PRINCETON UNIVERSITY','NJ','LEWIS THOMAS LABORATORY','','08544-1014',NULL,'PRINCETON','USA','ROOM 213','PRINCETON UNIVERSITY','NJ','LEWIS THOMAS LABORATORY','MOLECULAR BIOLOGY','08544-1014',3),(632,0,'OMAHA','USA','CELL BIOLOGY AND ANATOMY','UNIVERSITY OF NEBRASKA MEDICAL CENTER','NE','600 S. 42NL','WH 3005','68198-6395',4,'685',1,NULL,NULL,NULL,'IQBAL',NULL,'AHMAD',NULL,'OMAHA','USA','CELL BIOLOGY AND ANATOMY','UNIVERSITY OF NEBRASKA MEDICAL CENTER','NE','600 S. 42NL','WH 3005','68198-6395',NULL,'OMAHA','USA','CELL BIOLOGY AND ANATOMY','UNIVERSITY OF NEBRASKA MEDICAL CENTER','NE','600 S. 42NL','WH 3005','68198-6395',3),(633,0,'LOMA LINDA','USA','ACCOUNTS PAYABLE','LOMA LINDA SCHOOL OF MEDICINE','CA','ATTN: LORI HOEWING','11085 CAMPUS STREET','92354',4,'689',1,NULL,NULL,NULL,'DAISY',NULL,'DELEON',NULL,'LOMA LINDA','USA','PHYSIOLOGY','LOMA LINDA SCHOOL OF MEDICINE','CA','CSP 11012','BREAST CANCER LABORATORY','92350',NULL,'LOMA LINDA','USA','PHYSIOLOGY','LOMA LINDA UNIVERSITY','CA','CSP 11016','24941 STEWART STREET','92354',1),(634,0,'LA JOLLA','USA','MEDICINE/CANCER CENTER','BURNHAM INSTITUTE','CA','10901 N. TORREY PINES RD.','BLDG. 7, ROOM 7124','92037',4,'697',1,NULL,NULL,NULL,'JUDITH',NULL,'VARNER',NULL,'LA JOLLA','USA','MEDICINE/CANCER CENTER','BURNHAM INSTITUTE','CA','10901 N. TORREY PINES RD.','BLDG. 7, ROOM 7124','92037',NULL,'LA JOLLA','USA','MEDICINE/CANCER CENTER','BURNHAM INSTITUTE','CA','10901 N. TORREY PINES RD.','BLDG. 7, ROOM 7124','92037',3),(635,0,'BIRMINGHAM','USA','NEUROLOGY','UNIVERSITY OF ALABAMA AT BIRMINGHAM','AL','1900 UNIVERSITY BLVD., THT1066','','35294-0006',6,'699',1,NULL,NULL,NULL,'PETER',NULL,'KING',NULL,'BIRMINGHAM','USA','NEUROLOGY','UNIVERSITY OF ALABAMA AT BIRMINGHAM','AL','1900 UNIVERSITY BLVD., THT 1066','','35294-0006',NULL,'BIRMINGHAM','USA','NEUROLOGY','UNIVERSITY OF ALABAMA AT BIRMINGHAM','AL','1900 UNIVERSITY BLVD.,THT 1066','','35294-0006',3),(636,0,'MOBILE','USA','BIOCHEMISTRY & MOLECULAR BIO.','UNIVERSITY OF SOUTH ALABAMA','AL','MSB 2170','','36688',6,'700',1,NULL,NULL,NULL,'JAMES',NULL,'GAUBATZ',NULL,'MOBILE','USA','BIOCHEMISTRY & MOLECULAR BIO.','UNIVERSITY OF SOUTH ALABAMA','AL','MSB 2170','','36688',NULL,'MOBILE','USA','BIOCHEMISTRY & MOLECULAR BIO.','UNIVERSITY OF SOUTH ALABAMA','AL','MSB 2170','','36688',3),(637,0,'MIAMI SHORES','USA','CHEMISTRY','BARRY UNIVERSITY','FL','11300 NE 2ND AVENUE','','33161',6,'704',1,NULL,NULL,NULL,'GEORGE',NULL,'FISHER',NULL,'MIAMI SHORES','USA','CHEMISTRY','BARRY UNIVERSITY','FL','11300 NE 2ND AVENUE','','33161',NULL,'MIAMI SHORES','USA','CHEMISTRY','BARRY UNIVERSITY','FL','11300 NE 2ND AVENUE','','33161',1),(638,0,'BOSTON','USA','','BOSTON UNIV','MA','THE PULMONARY CENTER','15 STOUGHTON STREET','2118',3,'708',1,NULL,NULL,NULL,'DAVID',NULL,'CENTER',NULL,'BOSTON','USA','PULMONARY','BOSTON UNIV, SCHOOL MED','MA','80 E. CONCORD ST','PULMONARY DEPT., R-3','2118',NULL,'BOSTON','USA','THE PULMONARY CTR','BOSTON UNIV','MA','15 STOUGHTON ST','R-3','2118',3),(639,0,'PHILADELPHIA','USA','TUMOR BIOLOGY','THE WISTAR INSTITUTE','PA','3601 SPRUCE STREET','','19104',3,'712',1,NULL,NULL,NULL,'ELLIOT',NULL,'LEVINE',NULL,'PHILADELPHIA','USA','TUMOR BIOLOGY','THE WISTAR INSTITUTE','PA','3601 SPRUCE STREET','','19104',NULL,'PHILADELPHIA','USA','TUMOR BIOLOGY','THE WISTAR INSTITUTE','PA','3601 SPRUCE STREET','ROOM 270','19104',3),(640,0,'HERSHEY','USA','BIOLOGICAL CHEMISTRY','PENN STATE UNIV. COLLEGE OF MEDICINE','PA','HERSHEY MEDICAL CENTER','RM. C5736','17033',3,'717',1,NULL,NULL,NULL,'VEER',NULL,'BHAVANADAN',NULL,'HERSHEY','USA','BIOLOGICAL CHEMISTRY','PENN STATE UNIV. COLLEGE OF MEDICINE','PA','HERSHEY MEDICAL CENTER','RM. C5736','17033',NULL,'HERSHEY','USA','BIOLOGICAL CHEMISTRY','PENN STATE UNIV. COLLEGE OF MEDICINE','PA','HERSHEY MEDICAL CENTER','500 UNIVERSITY DRIVE RM. C5736','17033',3),(641,0,'KINGSTON','USA','DEPT. OF PHARMACEUTICS','UNIVERSITY OF RHODE ISLAND','RI','FOGARTY HALL','ROOM 132','2881',3,'718',1,NULL,NULL,NULL,'EMILIO',NULL,'SQUILLANTE',NULL,'KINGSTON','USA','DEPT. OF PHARMACEUTICS','UNIVERSITY OF RHODE ISLAND','RI','FOGARTY HALL','ROOM 132','2881',NULL,'KINGSTON','USA','DEPT. OF PHARMACEUTICS','UNIVERSITY OF RHODE ISLAND','RI','FOGARTY HALL','ROOM 132','2881',3),(642,0,'SAN FRANCISCO','USA','GERALDINE BRUSH CA RESEARCH IN','CALIFORNIA PACIFIC MEDICAL CENTER','CA','2330 CLAY STREET','','94115',4,'723',1,NULL,NULL,NULL,'SHANAZ',NULL,'DAIRKEE',NULL,'SAN FRANCISCO','USA','GERALDINE BRUSH CA RESEARCH IN','CALIFORNIA PACIFIC MEDICAL CENTER','CA','2330 CLAY STREET','','94115',NULL,'SAN FRANCISCO','USA','GERALDINE BRUSH CA RESEARCH IN','CALIFORNIA PACIFIC MEDICAL CENTER','CA','2330 CLAY STREET','','94115',3),(643,0,'TUCSON','USA','ACCOUNTS PAYABLE','THE UNIVERSITY OF ARIZONA','AZ','P.O. BOX 3607','','85717',4,'724',1,NULL,NULL,NULL,'EVAN',NULL,'HERSH',NULL,'TUCSON','USA','MEDICINE','UNIVERSITY OF ARIZONA CANCER CENTER','AZ','1515 N. CAMPBELL AVENUE','ROOM 4920','85724',NULL,'TUCSON','USA','MEDICINE','UNIVERSITY OF ARIZONA CANCER CENTER','AZ','1515 N. CAMPBELL AVENUE','ROOM 4920','85724',3),(644,0,'ST. LOUIS','USA','ACCOUNTS PAYABLE','WASHINGTON UNIVERSITY','MO','BOX 1056','ONE BROOKINGS DRIVE','63130',1,'725',1,NULL,NULL,NULL,'M',NULL,'PERMUTT',NULL,'ST. LOUIS','USA','INTERNAL MEDICINE','WASHINGTON UNIVERSITY SCH. OF MED.','MO','CAMPUS BOX 8127','660 SOUTH EUCLID','63110',NULL,'ST. LOUIS','USA','METABOLISM DIVISION','WASHINGTON UNIVERSITY SCH. OF MED.','MO','499 SOUTH EUCLID','','63110',3),(645,0,'PHILADELPHIA','USA','ACCTS PAYABLE','','PA','THOMAS JEFFERSON','1020 WALNUT STREET','19107',3,'726',1,NULL,NULL,NULL,'MANN-JY',NULL,'CHEN',NULL,'PHILADELPHIA','USA','MICRO & IMMUNO','THOMAS JEFFERSON','PA','1020 LOCUST STREET','JAH 376','19107',NULL,'PHILADELPHIA','USA','MICRO & IMMUNO','THOMAS JEFFERSON','PA','1020 LOCUST STREET','JAH 376','19107',3),(646,0,'STANFORD','USA','ONCOLOGY','STANFORD UNIVERSITY','CA','300 PASTEUR DRIVE','STANFORD UNIV. HOSPITAL ROOM 1','94306',4,'731',1,NULL,NULL,NULL,'BRANIMIR',NULL,'SIKIC',NULL,'STANFORD','USA','ONCOLOGY','STANFORD UNIVERSITY','CA','300 PASTEUR DRIVE','STANFORD UNIV. HOSPITAL ROOM 14228','94306',NULL,'STANFORD','USA','ONCOLOGY','STANFORD UNIVERSITY','CA','300 PASTEUR DRIVE','STANFORD UNIV. HOSPITAL ROOM 1','94306',3),(647,0,'BETHESDA','USA','TONYA JOSEPH','NIH, NICHD','MD','6705 ROCKLEDGE DR. SUITEE 8000','','20892',2,'735',1,NULL,NULL,NULL,'MARIA',NULL,'DUFAU',NULL,'BETHESDA','USA','ENDO& RESRCH','NATIONAL INST OF HEALTH','MD','49 CONVENT DRIVE','BLDG 49, RM 6B03','20892-4510',NULL,'BETHESDA','USA','ERRB, NICHD','NATIONAL INST OF HEALTH','MD','BLDG 49, RM 6B03','49 CONVENT DRIVE','20892',3),(648,0,'SHREVEPORT','USA','PATHOLOGY','LSU MEDICAL CENTER','LA','1501 KINGS HIGHWAY','P.O. BOX 33932','71130-3932',6,'736',1,NULL,NULL,NULL,'GUILLERMO',NULL,'HERRERA',NULL,'SHREVEPORT','USA','PATHOLOGY','LSU MEDICAL CENTER','LA','1501 KINGS HIGHWAY','P.O. BOX 33932','71130-3932',NULL,'SHREVEPORT','USA','PATHOLOGY','LSU MEDICAL CENTER','LA','1501 KINGS HIGHWAY','B BLDG, RM 2-303','71130',3),(649,0,'ANN ARBOR','USA','ACCOUNTS PAYABLE','THE UNIVERSITY OF MICHIGAN','MI','5091 WOLVERINE TOWER','3003 SOUTH STATE STREET','48109-1287',1,'738',1,NULL,NULL,NULL,'VENIL',NULL,'SUMANTRAN',NULL,'ANN ARBOR','USA','INTERNAL MEDICINE','UNIVERSITY OF MICHIGAN MEDICAL SCHOOL','MI','5315 MSRB-III','1150 WEST MEDICAL CENTER DRIVE','48109-0640',NULL,'ANN ARBOR','USA','INTERNAL MEDICINE','UNIVERSITY OF MICHIGAN MEDICAL SCHOOL','MI','5315 MSRB-III','1150 WEST MEDICAL CENTER DRIVE','48109-0640',3),(650,0,'PHILADELPHIA','USA','','THE WISTAR INSTITUTION','PA','36 AND SPRUCE ST','','19104',3,'744',1,NULL,NULL,NULL,'CHIN',NULL,'HOWE',NULL,'PHILADELPHIA','USA','','THE WISTAR INSTITUTION','PA','36 AND SPRUCE ST','','19104',NULL,'PHILADELPHIA','USA','','THE WISTAR INSTITUTION','PA','36 AND SPRUCE ST','','19104',3),(651,0,'LA JOLLA','USA','','BURNHAM INSTITUTE','CA','10901 NORTH TORREY PINES','','92037',4,'745',1,NULL,NULL,NULL,'SHI',NULL,'HUANG',NULL,'LA JOLLA','USA','','BURNHAM INSTITUTE','CA','10901 NORTH TORREY PINES','','92037',NULL,'LA JOLLA','USA','','BURNHAM INSTITUTE','CA','10901 NORTH TORREY PINES','','92037',3),(652,0,'PORTLAND','USA','MOLECULAR & MEDICAL GENETICS','OREGON HEALTH SCIENCES UNIVERSITY','OR','BAIRD HALL #2029','MAILCODE L-473','97201',4,'748',1,NULL,NULL,NULL,'NANCY',NULL,'KENNAWAY',NULL,'PORTLAND','USA','MOLECULAR & MEDICAL GENETICS','OREGON HEALTH SCIENCES UNIVERSITY','OR','BAIRD HALL #2029','MAILCODE L-473','97201',NULL,'PORTLAND','USA','BIOCHEMICAL GENETICS LAB.','OREGON HEALTH SCIENCES UNIVERSITY','OR','3181 SW SAM JACKSON PARK RD','BAIRD HALL #2029','97201',3),(653,0,'CAMBRIDGE','USA','BIOLOGY DEPARTMENT','WHITEHEAD INSTITUTE/ MIT','MA','9 CAMBRIDGE CENTER','ROOM 405','2142',5,'749',1,NULL,NULL,NULL,'DAVID',NULL,'PAGE',NULL,'CAMBRIDGE','USA','BIOLOGY DEPARTMENT','WHITEHEAD INSTITUTE/ MIT','MA','9 CAMBRIDGE CENTER','ROOM 405','2142',NULL,'CAMBRIDGE','USA','BIOMEDICAL RESEARCH','WHITEHEAD INSTITUTE','MA','9 CAMBRIDGE CENTER','ROOM 425 CT','2142',3),(654,0,'GAINESVILLE','USA','PATHOLOGY D6-18A','UNIVERSITY OF FLORIDA','FL','BOX 100275','1600 S.W. ARCHER ROAD','32610',6,'750',1,NULL,NULL,NULL,'YAO-HUA',NULL,'SONG',NULL,'GAINESVILLE','USA','PATHOLOGY D6-18A','UNIVERSITY OF FLORIDA','FL','BOX 100275','1600 S.W. ARCHER ROAD','32610',NULL,'GAINESVILLE','USA','DEPARTMENT OF PATHOLOGY,D6-18A','UNIVERSITY OF FLORIDA','FL','1600 S.W. ARCHER ROAD','','32610',3),(655,0,'SAN DIEGO','USA','PEDIATRIC HEME/ONCOLOGY','UCSD MEDICAL CENTER','CA','200 W. ARBOR DR.','#8447','92103-8443',4,'751',1,NULL,NULL,NULL,'ALICE',NULL,'YU',NULL,'SAN DIEGO','USA','PEDIATRIC HEME/ONCOLOGY','UCSD MEDICAL CENTER','CA','200 W. ARBOR DR.','#8447','92103-8443',NULL,'SAN DIEGO','USA','PEDIATRIC HEME/ONCOLOGY','UCSD MEDICAL CENTER','CA','200 W. ARBOR DR.','#8447','92103',3),(656,0,'SAN DIEGO','USA','','UNIV. OF CALIFORNIA, SAN DIEGO','CA','9500 GILMAN DRIVE','MAIL CODE 0955','92093-0955',4,'758',1,NULL,NULL,NULL,'NISSI',NULL,'VARKI',NULL,'LA JOLLA','USA','MEDICINE/PATHOLOGY, 0687','UNIV. OF CALIFORNIA, SAN DIEGO','CA','9500 GILMAN DRIVE','CMM EAST, ROOM 1058','92093-0687',NULL,'LA JOLLA','USA','MEDICINE/PATHOLOGY, 0687','UNIV. OF CALIFORNIA, SAN DIEGO','CA','9500 GILMAN DRIVE','CMME 1080','92093',1),(657,0,'BOSTON','USA','ACCOUNTS PAYABLE','HARVARD INSTITUTES OF MEDICINE','MA','BETH ISREAL DEACONESS MED CENT','4 BLACKFAN CIRCLE, THIRD FLOOR','2115',3,'761',1,NULL,NULL,NULL,'HAVA',NULL,'AVRAHAM',NULL,'BOSTON','USA','EXPER.MED & HEMO/ONCOLOGY','HARVARD INSTITUTES OF MEDICINE','MA','BETH ISREAL DEACONESS MED. CENTER','4 BLACKFAN CIRCLE, 3RD FLR','2115',NULL,'BOSTON','USA','EXP.MED & HEMATOLOGY/ONCOLOG','HARVARD INSTITUTES OF MEDICINE','MA','BETH ISREAL DECONESS MED CENT','4 BLACKFAN CIR,3RD FLR, RM 318','2115',3),(658,0,'LITTLE ROCK','USA','PATHOLOGY','UNIVERSITY OF ARKANSAS FOR MEDICAL SCI','AR','4301 W. MARKHAM STREET','SLOT 545','72205-7199',6,'762',1,NULL,NULL,NULL,'RANDY',NULL,'HAUN',NULL,'LITTLE ROCK','USA','','UNIVERSITY OF ARKANSAS FOR MEDICAL SCI','AR','4301 W. MARKHAM STREET','SLOT 753','72205-7199',NULL,'LITTLE ROCK','USA','PATHOLOGY','UNIVERSITY OF ARKANSAS','AR','4301 W. MARKHAM','BLDG. ACRC ROOM 337','72205',1),(659,0,'MAYWOOD','USA','MOLECULAR & CELLULAR BIOCHEM.','LOYOLA UNIV CHICAGO STRITCH SCH OF MED','IL','ROOM 2724C, BLDG. 101','2160 SOUTH FIRST AVENUE','60153',1,'765',1,NULL,NULL,NULL,'WILLIAM',NULL,'SIMMONS',NULL,'MAYWOOD','USA','MOLECULAR & CELLULAR BIOCHEM.','LOYOLA UNIV CHICAGO','IL','ROOM 2724C, BLDG 101','2160 SOUTH FIRST AVENUE','60153',NULL,'MAYWOOD','USA','MOLECULAR & CELLULAR BIOCHEM.','LOYOLA UNIV CHICAGO STRITCH SCH OF MED','IL','ROOM 2724C, BLDG. 101','2160 SOUTH FIRST AVENUE','60153',3),(660,0,'ROCKFORD','USA','BIOMEDICAL SCIENCES','COLLEGE OF MEDICINE AT ROCKFORD','IL','','1601 PARKVIEW AVENUE','61010',1,'766',1,NULL,NULL,NULL,'FU-LI',NULL,'YU',NULL,'ROCKFORD','USA','BIOMEDICAL SCIENCES+','COLLEGE OF MEDICINE AT ROCKFORD','IL','','1601 PARKVIEW AVENUE','61010',NULL,'ROCKFORD','USA','BIOMEDICAL SCIENCES','COLLEGE OF MEDICINE AT ROCKFORD','IL','','1601 PARKVIEW AVENUE','61010',3),(661,0,'ITHACA','USA','MOLECULAR MEDICINE','CORNELL UNIVERSITY','NY','CATHY LEE','COLLEGE OF VETERINARY MEDICINE','14853',3,'767',1,NULL,NULL,NULL,'BENDICHT',NULL,'PAULI',NULL,'ITHACA','USA','PATHOLOGY','CORNELL UNIVERSITY','NY','DR. BENDICHT PAULI','COLLEGE OF VETERINARY MEDICINE','14853',NULL,'ITHACA','USA','COLLEGE OF VETERINARY MEDICINE','CORNELL UNIVERSITY','NY','RANDOLPH ELBLE','VETERINARY MED CTR, RM C4-146','14853',3),(662,0,'HOUSTON','USA','PATHOLOGY','BAYLOR COLLEGE OF MEDICINE','TX','ONE BAYLOR PLAZA','ROOM 268B','77030',6,'785',1,NULL,NULL,NULL,'THOMAS',NULL,'COOPER',NULL,'HOUSTON','USA','PATHOLOGY','BAYLOR COLLEGE OF MEDICINE','TX','ONE BAYLOR PLAZA','ROOM 268B','77030',NULL,'HOUSTON','USA','PATHOLOGY','BAYLOR COLLEGE OF MEDICINE','TX','ONE BAYLOR PLAZA','ROOM 268B','77030',1),(663,0,'FORT COLLINS','USA','','COLORADO STATE UNIVERSITY','CO','ACCOUNTS PAYABLE DEPARTMENT','','80523',4,'788',1,NULL,NULL,NULL,'MORTIMER',NULL,'ELKIND',NULL,'FORT COLLINS','USA','RADIOLOGICAL HEALTH SCIENCES','COLORADO STATE UNIVERSITY','CO','ROOM 433','MRB BUILDING','80523',NULL,'FORT COLLINS','USA','RADIOLOGICAL HEALTH SCIENCES','COLORADO STATE UNIVERSITY','CO','ROOM 433','MRB BUILDING','80523',3),(664,0,'PISCATAWAY','USA','ACCOUNTS PAYABLE','ROBERT WOOD JOHNSON MEDICAL SCHOOL','NJ','P.O BOX 101','','8901',3,'792',1,NULL,NULL,NULL,'WILLIAM',NULL,'HAIT',NULL,'NEW BRUNSWICK','USA','CANCER INSTITUTE OF NEW JERSEY','ROBERT WOOD JOHNSON MEDICAL SCHOOL','NJ','195 LITTLE ALBANY STREET','ROOM 2018','8901',NULL,'NEW BRUNSWICK','USA','RECEIVING DOCK','ROBERT WOOD JOHNSON MEDICAL SCHOOL','NJ','CINJ, ROOM 2018','144 SOMERSET STREET','8901',3),(665,0,'SANTA CLARA','USA','PRE-CLINICAL RESEARCH','GUIDANT VASCULAR INTERVENTION','CA','3200 LAKESIDE DR.','','95054',4,'799',1,NULL,NULL,NULL,'GREGORY',NULL,'HYDE',NULL,'SANTA CLARA','USA','PRE-CLINICAL RESEARCH','GUIDANT VASCULAR INTERVENTION','CA','3200 LAKESIDE DR.','','95054',NULL,'SANTA CLARA','USA','PRE-CLINICAL RESEARCH','GUIDANT VASCULAR INTERVENTION','CA','3200 LAKESIDE DR.','','95054',3),(666,0,'IOWA CITY','USA','HOWARD HUGHES MEDICAL INST.','UNIVERSITY OF IOWA COLLEGE OF MEDICINE','IA','INTERNAL MEDICINE','500 EMRB','52242',1,'800',1,NULL,NULL,NULL,'MICHAEL',NULL,'WELSH',NULL,'IOWA CITY','USA','HOWARD HUGHES MEDICAL INST.','UNIVERSITY OF IOWA COLLEGE OF MEDICINE','IA','INTERNAL MEDICINE','500 EMRB','52242',NULL,'IOWA CITY','USA','HOWARD HUGHES MEDICAL INST.','UNIVERSITY OF IOWA COLLEGE OF MEDICINE','IA','INTERNAL MEDICINE','500 EMRB','52242',3),(667,0,'PHILADELPHIA','USA','','THOMAS JEFFERSON UNIV','PA','ACCOUNTS PAYABLE OFFICE','1020 LOCUST ST., RM 531','19107',3,'808',1,NULL,NULL,NULL,'MARK',NULL,'FEITELSON',NULL,'PHILADELPHIA','USA','ANATOMY,CELL BIO','THOMAS JEFFERSON UNIV','PA','ROOM 222 ALUMNI HALL','1020 LOCUST STREET','19107',NULL,'PHILADELPHIA','USA','ANATOMY,CELL BIO','THOMAS JEFFERSON UNIV','PA','ROOM 222 ALUMNI HALL','1020 LOCUST STREET','19107',3),(668,0,'PHILADELPHIA','USA','DIVISION OF HEM/ONCOLOGY','ALLEGHENY UNIVERSITY - HAHNEMANN','PA','MS 412 BROAD & VINE STREETS','INSTITUTE FOR CANCER & BLOOD D','19102',3,'812',1,NULL,NULL,NULL,'DALE',NULL,'HAINES',NULL,'PHILADELPHIA','USA','DIVISION OF HEM/ONCOLOGY','ALLEGHENY UNIVERSITY - HAHNEMANN','PA','MS 412 BROAD & VINE STREETS','INSTITUTE FOR CANCER & BLOOD DIS.','19102',NULL,'PHILADELPHIA','USA','DIVISION OF HEM/ONCOLOGY','ALLEGHENY UNIVERSITY - HAHNEMANN','PA','MS 412 BROAD & VINE STREETS','INSTITUTE FOR CANCER & BLOOD D','19102',3),(669,0,'LEXINGTON','USA','MARKEY CANCER CTR','UNIVERSITY OF KENTUCKY','KY','300 COMBS RESARCH BLDG','800 ROSE STREET','40536',6,'816',1,NULL,NULL,NULL,'JOHN',NULL,'YANNELLI',NULL,'LEXINGTON','USA','MARKEY CANCER CTR','UNIVERSITY OF KENTUCKY','KY','COMBS BUILDING, ROOM 312','800 ROSE STREET','40536',NULL,'LEXINGTON','USA','MARKEY CANCER CTR','UNIVERSITY OF KENTUCKY','KY','COMBS BUILDING, ROOM 340','800 ROSE STREET','40536-0298',3),(670,0,'FARMINGTON','USA','','UNIV OF CONN HEALTH CTR','CT','ATTN: ACCOUNTS PAYABLE','PO BOX 4031','6030',3,'817',1,NULL,NULL,NULL,'ANDREW',NULL,'ARNOLD',NULL,'FARMINGTON','USA','CENTER FOR MOLECULAR MEDICINE','UNIVERSITY OF CONNECTICUT','CT','263 FARMINGTON AVENUE','L 3095; MC 1316','6030',NULL,'FARMINGTON','USA','MOLECULAR MEDICINE','UNIVERSITY OF CONNECTICUT','CT','263 FARMINGTON AVENUE','WEST RECEIVING DOCK','06030-3101',3),(671,0,'SAN FRANCISCO','USA','ACCOUNTS PAYABLE','NORTHERN CALIF. INST. FOR RES. AND EDU','CA','THE RESEARCH OFFICE','4150 CLEMENT ST., 151 NC','94121',4,'827',1,NULL,NULL,NULL,'YUN-FAI CHRIS',NULL,'LAU',NULL,'SAN FRANCISCO','USA','DEPARTMENT OF MEDICINE','UNIV. OF CALIFORNIA, SAN FRANCISCO','CA','4150 CLEMENT STREET','VA MEDICAL CENTER, 111C5','94121',NULL,'SAN FRANCISCO','USA','DEPARTMENT OF MEDICINE','UNIV. OF CALIFORNIA, SAN FRANCISCO','CA','4150 CLEMENT STREET','VA MED. CTR, BUILD. 12, RM 119','94121',1),(672,0,'BETHESDA','USA','ACCOUNTS PAYABLE','NIH','MD','9000 ROCKVILLE PIKE','BLDG. 31, ROOM B1 B39','20892',2,'828',1,NULL,NULL,NULL,'BRIAN',NULL,'FULLER',NULL,'BETHESDA','USA','RADIATION ONCOLOGY BRANCH','NCI','MD','9000 ROCKVILLE PIKE','BLDG. 10, ROOM B3 B69','20892',NULL,'BETHESDA','USA','RADIATION ONCOLOGY BRANCH','NCI','MD','9000 ROCKVILLE PIKE','BLDG. 10, ROOM B3 B69','20892',3),(673,0,'BRONX','USA','DEPT. OF ONCOLOGY','MONTEFIORE MEDICAL CENTER','NY','111 EAST 210TH STREET','','10467',3,'833',1,NULL,NULL,NULL,'EDWARD',NULL,'SCHWARTZ',NULL,'BRONX','USA','DEPT. OF ONCOLOGY','ALBERT EINSTEIN CANCER CENTER','NY','111 EAST 210TH STREET','','10467',NULL,'BRONX','USA','DEPT. OF ONCOLOGY','MONTEFIORE MEDICAL CENTER','NY','111 EAST 210TH STREET','','10467',3),(674,0,'SAN FRANCISCO','USA','PSYCHIATRY','UNIV. OF CALIFORNIA AT SAN FRANCISCO','CA','401 PARNASSUS','LPPI BOX NGL-0984','94143-0984',4,'836',1,NULL,NULL,NULL,'NELSON',NULL,'FREIMER',NULL,'SAN FRANCISCO','USA','PSYCHIATRY','UNIV. OF CALIFORNIA SAN FRANCISCO','CA','401 PARNASSUS','LPPI BOX NGL-0984','94143-0984',NULL,'SAN FRANCISCO','USA','','UNIV. OF CALIFORNIA SAN FRANCISCO','CA','401 PARNASSUS LPPI NGL-0984','ATTN: CHARLES GLATT','94143-0984',3),(675,0,'AUSTIN','USA','','','TX','VA FSC','PO BOX 149971','78714',5,'841',1,NULL,NULL,NULL,'ANDREW',NULL,'HOFFMAN',NULL,'PALO ALTO','USA','MEDICAL SERVICE III','VETERANS ADMIN MED CTR','CA','3801 MIRANDA AVE.','BLDG 101, B2-125','94304',NULL,'PALO ALTO','USA','HOFFMAN LAB','VA MEDICAL CENTER','CA','3801 MIRANDA AVE.','BLDG.100 ROOM E4-200','94304',3),(676,0,'CHAPEL HILL','USA','MEDICINE','THE UNIVERSITY OF NC AT CHAPEL HILL','NC','ROOM 4109 THURSTON BLDG.','CB 7280','27599',6,'842',1,NULL,NULL,NULL,'SERGEI',NULL,'MAKAROV',NULL,'CHAPEL HILL','USA','MEDICINE','THE UNIVERSITY OF NC AT CHAPEL HILL','NC','ROOM 4109 THURSTON BLDG.','CB 7280','27599',NULL,'CHAPEL HILL','USA','MEDICINE','THE UNIVERSITY OF NC AT CHAPEL HILL','NC','ROOM 4109 THURSTON BLDG.','CB 7280','27599',3),(677,0,'ORLANDO','USA','FINANCE & ACCOUNTING','UNIVERSITY OF CENTRAL FLORIDA','FL','12424 RESEARCH PARK PAVILION','SUITE 300','32826',6,'843',1,NULL,NULL,NULL,'RATNA',NULL,'CHAKRABARTI',NULL,'ORLANDO','USA','MOLECULAR BIOLOGY & MICROBIOLO','UNIVERSITY OF CENTRAL FLORIDA','FL','P. O. BOX 162360','','32816',NULL,'BIRMINGHAM','USA','','UNIVERSITY OF ALABAMA AT BIRMINGHAM','AL','UAB TISSUE PROCUREMENT','703 SOUTH 19TH STREET, ZRB 449','35294-0007',3),(678,0,'PHILADELPHIA','USA','','THE WISTAR INSTITUTE','PA','3601 SPRUCE STREET','ROOM 358','19104',3,'859',1,NULL,NULL,NULL,'CLAYTON',NULL,'BUCK',NULL,'PHILADELPHIA','USA','','THE WISTAR INSTITUTE','PA','THE WISTAR INSTITUTE','3601 SPRUCE STREET/RM 358','19104',NULL,'PHILADELPHIA','USA','','THE WISTAR INSTITUTE','PA','3601 SPRUCE STREET','ROOM 358','19104',3),(679,0,'ROCHESTER','','ACCOUNTS PAYABLE DEPARTMENT','MAYO FOUNDATION','MN','P.O. BOX 10000','200 1ST ST. S.W.','55905',1,'864',1,NULL,NULL,NULL,'DONALD',NULL,'TINDALL',NULL,'ROCHESTER','','DEPARTMENT OF UROLOGY RESEARCH','MAYO FOUNDATION','MN','GUGGENHEIM BLDG., RM 1711','200 1ST ST. S.W.','55905',NULL,'ROCHESTER','','DEPARTMENT OF UROLOGY RESEARCH','MAYO FOUNDATION','MN','GUGGENHEIM BLDG., RM 1737','221 4TH AVE. S.W.','55905',3),(680,0,'TORONTO','CANADA','DEV. CLINICAL PHARM/TOX','HOSPITAL FOR SICK CHILDREN','ON','KATARINA ALEKSA, PH.D','ELM WING, ROOM 10142','M5G 1X8',1,'869',1,NULL,NULL,NULL,'SHINYA',NULL,'ITO',NULL,'TORONTO','CANADA','CLINICAL PHARMACOLOGY','THE HOSPITAL FOR THE SICK CHILDREN','ON','555 UNIVERSITY AVE.','','M5G 1X8',NULL,'TORONTO','CANADA','CLIN PHARM HOSP FOR SICK CLDRN','THE HOSPITAL FOR THE SICK CHILDREN','ON','555 UNIVERSITY AVE.','10142, ELM WING','M5G 1X8',3),(681,0,'BETHESDA','USA','CSDB','NIDR/NIH','MD','CSDB/NIDR, BLDG. 30, RM 228','30 CONVENT DR., MSC 4320','20892-4320',2,'874',1,NULL,NULL,NULL,'LARRY',NULL,'FISHER',NULL,'BETHESDA','USA','CSDB','NIDR/NIH','MD','CSDB/NIDR, BLDG.30, RM 106','30 CONVENT DR.,MSC 4320','20892-4320',NULL,'BETHESDA','USA','CSDB','NIDR/NIH','MD','CSDB/NIDR, BLDG. 30, RM 228','30 CONVENT DR., MSC 4320','20892-4320',3),(682,0,'MIAMI','USA','MOLECULAR & CELLULAR PHARMACOL','UNIVERSITY OF MIAMI','FL','P.O. BOX 016189 (R-189)','RMSB #6038','33101',6,'875',1,NULL,NULL,NULL,'NANETTE',NULL,'BISHOPRIC',NULL,'MIAMI','USA','DIRECTOR, UM CARDIOVASCULAR GE','UNIVERSITY OF MIAMI MILLER SCHOOL OF','FL','P.O. BOX 016189 (R-189)','RMSB #6026','33101',NULL,'MIAMI','USA','UM CARDIOVASCULAR GENETICS LAB','UNIVERSITY OF MIAMI MILLER SCHOOL OF','FL','1600 NW 10TH AVE','RMSB #6037','33136',1),(683,0,'WILMINGTON','USA','DEPT. OF RESEARCH','A.I.DUPONT HOSP. FOR SICK CHILDREN','DE','1600 ROCKLAND ROAD','RESEARCH ROOM 268','19803',5,'885',1,NULL,NULL,NULL,'ROBERT',NULL,'AKINS',NULL,'WILMINGTON','USA','DEPT OF RESEARCH','A.I.DUPONT HOSP. FOR CHILDREN','DE','P.O.BOX 269','','19899',NULL,'WILMINGTON','USA','DEPT. OF RESEARCH','A.I.DUPONT HOSP. FOR CHILDREN','DE','1600 ROCKLAND ROAD','ROOM 268','19803',1),(684,0,'BETHESDA','USA','N.I.H. ACCOUNTS PAYABLE','NATL INST. FOR DENTAL RESEARCH','MD','9000 ROCKVILLE PIKE','BLDG. 31, RM B1B58','20892',2,'886',1,NULL,NULL,NULL,'WENDY',NULL,'WEINBERG',NULL,'BETHESDA','USA','ORAL AND PHARYNGEAL CANCER BRA','NATL INST. FOR DENTAL RES./N.I.H','MD','30 CONVENT DRIVE MSC4340','BLDG 30, ROOM 211','20892-4340',NULL,'BETHESDA','USA','ORAL & PHARYNGEAL CANCER BRANC','NATL INST. FOR DENTAL RESEARCH','MD','30 CONVENT DRIVE MSC4340','BLDG. 30, RM 211','20892-4340',3),(685,0,'COLUMBUS','','DEPARTMENT OF PATHOLOGY','THE OHIO STATE UNIVERSITY','OH','133 HAMILTON HALL','1645 NEIL AVE.','43210',1,'889',1,NULL,NULL,NULL,'RED',NULL,'CROSS',NULL,'COLUMBUS','','DEPARTMENT OF PATHOLOGY','THE OHIO STATE UNIVERSITY','OH','133 HAMILTON HALL','1645 NEIL AVE.','43210',NULL,'COLUMBUS','','DEPARTMENT OF PATHOLOGY','THE OHIO STATE UNIVERSITY','OH','133 HAMILTON HALL','1645 NEIL AVE.','43210',3),(686,0,'SAN DIEGO','USA','ENGVALL LAB','BURNHAM INSTITUTE','CA','10901 NORTH TORREY PINES RD.','','92037',4,'891',1,NULL,NULL,NULL,'EVA',NULL,'ENGVALL',NULL,'SAN DIEGO','USA','ENGVALL LAB','BURNHAM INSTITUTE','CA','10901 NORTH TORREY PINES RD.','','92037',NULL,'SAN DIEGO','USA','ENGVALL LAB','BURNHAM INSTITUTE','CA','10901 NORTH TORREY PINES RD.','','92037',3),(687,0,'BETHESDA','USA','OFM/COMMERCIAL ACCOUNTS','NIH','MD','2115 EAST JEFFERSON ST.','MSC 8500, RM 4B-432','20892-8500',2,'892',1,NULL,NULL,NULL,'DAVID',NULL,'KLEIN',NULL,'BETHESDA','USA','LAB/ DEVELOPMENTAL NEUROBIOLGY','N.I.H.','MD','49 CONVENT DR.','MSC4480,BLDG 49, RM 5A38','20892-4480',NULL,'BETHESDA','USA','LAB/DEVELOPMENTAL NEUROBIOLOGY','N.I.H.','MD','49 CONVENT DR.','BLDG. 49/RM 6B84','20892',1),(688,0,'BETHESDA','USA','CANCER PREVENTION STUDIES','N.C.I.','MD','6116 EXEC. BLVD. SUITE 705','MSC 8314','20892',2,'894',1,NULL,NULL,NULL,'LUKE',NULL,'RATNASINGHE',NULL,'BETHESDA','USA','CANCER PREVENTION STUDIES','N.C.I.','MD','6116 EXEC. BLVD. SUITE 705','MSC 8314','20892',NULL,'LAUREL','USA','C/O BIOSERVE BIOTECHNOLOGIES','NATIONAL CANCER INSTITUTE','MD','1050 WEST ST.','','20707',3),(689,0,'LA JOLLA','USA','IMMUNOLOGY','THE SCRIPPS RESEARCH INST.','CA','10550 NORTH TORREY PINES RD.','MAIL DROP IMM12','92037',4,'896',1,NULL,NULL,NULL,'INGRID',NULL,'SCHRAUFSTATTER',NULL,'LA JOLLA','USA','IMMUNOLOGY','THE SCRIPPS RESEARCH INST.','CA','10550 NORTH TORREY PINES RD.','MAIL DROP IMM12','92037',NULL,'LA JOLLA','USA','IMMUNOLOGY','THE SCRIPPS RESEARCH INST.','CA','10550 NORTH TORREY PINES RD.','ROOM R215','92037',3),(690,0,'SAN ANTONIO','USA','','DFAS-SAN ANTONIO-HQ0345','TX','500 MCCULLOUGH','','78215-2100',2,'897',1,NULL,NULL,NULL,'ROBERT',NULL,'WERRLEIN',NULL,'ABERDEEN PROVING GROUND','USA','MCMR-UV-PB BIOMEDICAL PHARMACO','US. ARMY MED RES. INST. OF CHEM DEFENS','MD','COMMANDER, USAMRICD','3100 RICKETTS POINT ROAD','21010-5400',NULL,'ABERDEEN PROVING GROUND','USA','','U.S. ARMY, MRICD','MD','3100 RICKETTS POINT RD','PLS.INCLUDE SHIPPING ESTIMATE','21010-5400',3),(691,0,'JACKSON','USA','ANATOMY','UNIVERSITY OF MISSISSIPPI MEDICAL CTR','MS','2500 N. STATE STREET','ROOM N726-N727','39216',6,'903',1,NULL,NULL,NULL,'MARCH',NULL,'ARD',NULL,'JACKSON','USA','ANATOMY','UNIVERSITY OF MISSISSIPPI MEDICAL CTR','MS','2500 N. STATE STREET','ROOM N726-N727','39216',NULL,'JACKSON','USA','ANATOMY','UNIVERSITY OF MISSISSIPPI MEDICAL CTR','MS','2500 N. STATE STREET','ROOM N726-N727','39216',1),(692,0,'BOSTON','USA','ACCOUNTS PAYABLE','BETH ISRAEL MEDICAL CENTER','MA','330 BROOKLINE AVE.','ROOM 238','2215',3,'906',1,NULL,NULL,NULL,'PETER',NULL,'OETTGEN',NULL,'BOSTON','USA','MEDICINE','HARVARD INSTITUTE OF MEDICINE','MA','4 BLACKFAN CIRCLE','ROOM 238','2215',NULL,'BOSTON','USA','MEDICINE','HARVARD INSTITUTE OF MEDICINE','MA','4 BLACKFAN CIRCLE','ROOM 237','2115',3),(693,0,'EVANSTON','','','NORTHWESTERN UNIVERSITY','IL','ACCOUNTS PAYABLE','2020 RIDGE AVENUE','60208',1,'907',1,NULL,NULL,NULL,'JOSEPH',NULL,'MOSKAL',NULL,'EVANSTON','USA','','CHICAGO INSTITUTE OF NEUROSURGERY','IL','1801 MAPLE AVENUE','SUITE 4300','60201',NULL,'EVANSTON','','','THE FALK CENTER FOR MOL. THERAPEUTICS','IL','CHARLA SWEELEY','1801 MAPLE AVE, SUITE 4300','60201',1),(694,0,'TORONTO','CANADA','MEDICAL BIOPHYSICS','ONTARIO CANCER INSTITUTE','ON','610 UNIVERSITY AVE. RM 7-117','','M5G 2M9',1,'910',1,NULL,NULL,NULL,'JEAN',NULL,'GARIEPY',NULL,'TORONTO','CANADA','MEDICAL BIOPHYSICS','ONTARIO CANCER INSTITUTE','ON','610 UNIVERSITY AVE. RM 7-117','','M5G 2M9',NULL,'TORONTO','CANADA','MEDICAL BIOPHYSICS','ONTARIO CANCER INSTITUTE','ON','610 UNIVERSITY AVE. RM 7-105','','M5G 2M9',3),(695,0,'CHICAGO','','MICROBIOLOGY&IMMUNOLOGY','UNIVERSITY OF ILLINOIS','IL','835 S. WOLCOTT AVE','E705A MSB','60612',1,'915',1,NULL,NULL,NULL,'BELLUR',NULL,'PRABHAKAR',NULL,'CHICAGO','','MICROBIOLOGY AND IMMUNOLOGY','UNIVERSITY OF ILLINOIS AT CHICAGO','IL','ROOM E-705A, MSB','835 SOUTH WOLCOTT AVE.','60612',NULL,'CHICAGO','','MICROBIOLOGY AND IMMUNOLOGY','UNIVERSITY OF ILLINOIS AT CHICAGO','IL','COMRN, RM 8160','909 S WOLCOTT AVE','60612',3),(696,0,'LOS ANGELES','USA','ACCOUNTS PAYABLE','','CA','P.O. BOX 77697','','90007',4,'922',1,NULL,NULL,NULL,'BERNARD',NULL,'SLAVIN',NULL,'LOS ANGELES','USA','CELL & NEUROBIOLOGY','UNIV. OF SOUTHERN CALIF.','CA','1333 SAN PABLO STREET','BMT 410','90033',NULL,'LOS ANGELES','USA','CELL & NEUROBIOLOGY','UNIV. OF SOUTHERN CALIF.','CA','1333 SAN PABLO STREET','BMT 410','90033',3),(697,0,'CHARLESTOWN','USA','ACCOUNTS RECEIVABLE','PARTNERS HEALTH','MA','PO BOX 9127','','02129-9127',3,'929',1,NULL,NULL,NULL,'DAVID',NULL,'KWIATKOWSKI',NULL,'BOSTON','USA','DIV EXP MED','BRIGHAM AND WOMENS HOSPITAL','MA','221 LONGWOOD AVENUE','LMRC 301','2115',NULL,'BOSTON','USA','DIV. EXP. MED.','BRIGHAM AND WOMENS HOSPITAL','MA','221 LONGWOOD AVENUE','LMRC 301','2115',3),(698,0,'PHILADELPHIA','USA','MEDICINE/INFECTIOUS DISEASE','UNIVERSITY OF PENN','PA','536 JOHNSON PAVILION','','19104',3,'935',1,NULL,NULL,NULL,'DREW',NULL,'WEISSMAN',NULL,'PHILADELPHIA','USA','MEDICINE/INFECTIOUS DISEASE','UNIVERSITY OF PENNSYLVANIA','PA','522B JOHNSON PAVILION','','19104',NULL,'PHILADELPHIA','USA','MEDICINE/INFECTIOUS DISEASE','UNIVERSITY OF PENN','PA','522 JOHNSON PAVILION','','19104',1),(699,0,'BOSTON','USA','ATTN: TRANG NGUYEN','','MA','DR. THOMAS DEUEL','41 AVE. LUOIS PASTEUR','2218',3,'937',1,NULL,NULL,NULL,'THOMAS',NULL,'DEUEL',NULL,'BOSTON','USA','DIV. OF GROWTH REGULATIONS','BETH ISRAEL DEACONESS MEDICAL CENTER','MA','41 AVENUE LOUIS PASTEUR/RESEARCH','EAST,RM213/BIDMC P.O. BOX 15732','2215',NULL,'BOSTON','USA','DIVISION OF GROWTH REGULATION','BETH ISRAEL/DEACONESS MED. CTR','MA','41 AVENUE LOUIS PASTEUR','RM 213/BIDMC','2215',3),(700,0,'CLEVELAND','USA','PEDIATRIC','CWRU','OH','2109 ADELBERT ROAD','BRB 847','44106',1,'941',1,NULL,NULL,NULL,'PAMELA',NULL,'DAVIS',NULL,'CLEVELAND','USA','PEDIATRIC','CASE WESTERN RESERVE UNIVERSITY','OH','2109 ADELBERT ROAD','BRB 847','44106',NULL,'CLEVELAND','USA','PEDIATRIC','CWRU','OH','2109 ADELBERT RD.','801A BRB','44106',3),(701,0,'FARMINGTON','USA','OBSTETRICS/GYNECOLOY','UNIVERSITY OF CONNECTICUT HEALTH CENTE','CT','263 FARMINGTON AVENUE','L-2088','06032-1230',3,'944',1,NULL,NULL,NULL,'JOHN',NULL,'PELUSO',NULL,'FARMINGTON','USA','OBSTETRICS/GYNECOLOY','UNIVERSITY OF CONNECTICUT HEALTH CENTE','CT','263 FARMINGTON AVENUE','L-2088','06032-1230',NULL,'FARMINGTON','USA','OBSTETRICS/GYNECOLOY','UNIVERSITY OF CONNECTICUT HEALTH CENTE','CT','263 FARMINGTON AVENUE','L-2088','06032-1230',3),(702,0,'FARMINGTON','USA','OBSTETRICS/GYNECOLOY','UNIVERSITY OF CONNECTICUT HEALTH CENTE','CT','263 FARMINGTON AVENUE','L-2088','06032-1230',3,'944',1,NULL,NULL,NULL,'JOHN',NULL,'PELUSO',NULL,'FARMINGTON','USA','OBSTETRICS/GYNECOLOY','UNIVERSITY OF CONNECTICUT HEALTH CENTE','CT','263 FARMINGTON AVENUE','L-2088','06032-1230',NULL,'FARMINGTON','USA','OBSTETRICS/GYNECOLOY','UNIVERSITY OF CONNECTICUT HEALTH CENTE','CT','263 FARMINGTON AVENUE','L-2088','06032-1230',1),(703,0,'BOSTON','USA','ORAL MEDICINE AND DIAGNOSTIC S','HARVARD SCHOOL OF DENTAL MEDICINE','MA','188 LONGWOOD AVENUE','ROOM I-202','2115',3,'953',1,NULL,NULL,NULL,'GERALD',NULL,'SHKLAR',NULL,'BOSTON','USA','ORAL MEDICINE AND DIAGNOSTIC S','HARVARD SCHOOL OF DENTAL MEDICINE','MA','188 LONGWOOD AVENUE','ROOM I-202','2115',NULL,'BOSTON','USA','ORAL MEDICINE AND DIAGNOSTIC S','HARVARD SCHOOL OF DENTAL MEDICINE','MA','188 LONGWOOD AVENUE','ROOM I-202','2115',3),(704,0,'GALVESTON','USA','SURGERY','THE UNIVERSITY OF TEXAS MEDICAL BRANCH','TX','301 UNIVERSITY BLVD.','','77555-0725',6,'956',1,NULL,NULL,NULL,'GEORGE',NULL,'GREELEY, JR.',NULL,'GALVESTON','USA','SURGERY','THE UNIVERSITY OF TEXAS MEDICAL BRANCH','TX','301 UNIVERSITY BLVD.','','77555-0725',NULL,'GALVESTON','USA','SURGERY','THE UNIVERSITY OF TEXAS MEDICAL BRANCH','TX','301 UNIVERSITY BLVD.','','77555-0725',1),(705,0,'NEW YORK','USA','PATHOLOGY','MT. SINAI SCHOOL OF MEDICINE','NY','1 GUSTAVE LEVY PLACE','','10021',3,'959',1,NULL,NULL,NULL,'MARGARET',NULL,'BRANDWEIN',NULL,'NEW YORK','USA','PATHOLOGY','MT. SINAI SCHOOL OF MEDICINE','NY','1 GUSTAVE LEVY PLACE','','10021',NULL,'NEW YORK','USA','PATHOLOGY','MT. SINAI SCHOOL OF MEDICINE','NY','1 GUSTAVE L. LEVY PLACE','ROOM 1048 BOX 1189','10029',3),(706,0,'STATEN ISLAND','USA','DEVELOPMENTAL BIOCHEMISTRY','NYS INSTITUTE FOR BASIC RESEARCH','NY','1050 FOREST HILL ROAD','','10314-6399',3,'965',1,NULL,NULL,NULL,'RAJU',NULL,'PULLARKAT',NULL,'STATEN ISLAND','USA','DEVELOPMENTAL BIOCHEMISTRY','NYS INSTITUTE FOR BASIC RESEARCH','NY','1050 FOREST HILL ROAD','','10314-6399',NULL,'STATEN ISLAND','USA','DEVELOPMENTAL BIOCHEMISTRY','NYS INSTITUTE FOR BASIC RESEARCH','NY','1050 FOREST HILL ROAD','','10314-6399',1),(707,0,'PHILADELPHIA','USA','CTR FOR RES.ON REPROD&WMNS HTH','UNIVERSITY OF PENNSYLVANIA','PA','415 CURIE BOULEVARD','ROOM 778 CRB','19104-6142',3,'967',1,NULL,NULL,NULL,'SAMUEL',NULL,'PARRY',NULL,'PHILADLEPHIA','USA','OBSTETRICS AND GYNECOLOGY','UNIVERSITY OF PENNSYLVANIA','PA','763 CLINICAL RESEARCH BLDG.','415 CURIE BLVD.','19104',NULL,'PHILADELPHIA','USA','OBSTETRICS AND GYNECOLOGY','UNIVERSITY OF PENNSYLVANIA','PA','778 CLINICAL RESEARCH BLDG','415 CURIE BLVD.','19104-6142',3),(708,0,'FLUSHING','USA','DEPT. OF CHEM. & BIOCHEM.','QUEENS COLLEGE','NY','C.U.N.Y.','65-30 KISSENA BOULEVARD','11367',3,'968',1,NULL,NULL,NULL,'SUSAN',NULL,'ROTENBERG',NULL,'FLUSHING','USA','DEPT. OF CHEMISTRY & BIOCHEM.','QUEENS COLLEGE','NY','C.U.N.Y.','65-30 KISSENA BOULEVARD','11367',NULL,'FLUSHING','USA','DEPT. OF CHEM. & BIOCHEM.','QUEENS COLLEGE','NY','SUSAN ROTENBERG','65-30 KISSENA BOULEVARD','11367',3),(709,0,'STONY BROOK','USA','PATHOLOGY','STATE UNIV. OF NEW YORK @ STONY BROOK','NY','ACCOUNTS PAYABLE','RESEARCH FOUND. OF SUNY','11794-6000',3,'970',1,NULL,NULL,NULL,'UTE',NULL,'MOLL',NULL,'STONY BROOK','USA','PATHOLOGY','STONY BROOK UNIVERSITY','NY','BASIC SCI TOWER L9, R153','HEALTH SCIENCE CENTER','11794-8691',NULL,'STONY BROOK','USA','PATHOLOGY','SUNY STONY BROOK','NY','BASIC SCI TOWER L9, R134','HEALTH SCIENCE CENTER','11794-8691',3),(710,0,'JACKSON','USA','SCHOOL OF NURSING','UNIVERSITY OF MISSISSIPPI MEDICAL CTR.','MS','2500 NORTH STATE STREET','','39216',6,'979',1,NULL,NULL,NULL,'SHARON',NULL,'LOBERT',NULL,'JACKSON','USA','SCHOOL OF NURSING','UNIVERSITY OF MISSISSIPPI MEDICAL CTR.','MS','2500 NORTH STATE STREET','','39216',NULL,'JACKSON','USA','SCHOOL OF NURSING','UNIVERSITY OF MISSISSIPPI MEDICAL CTR.','MS','2500 NORTH STATE STREET','','39216',1),(711,0,'GAINESVILLE','USA','MEDICINE','UNIVERSITY OF FLORIDA','FL','BUILDING 1329','FISICAL SERVICES','32610',6,'981',1,NULL,NULL,NULL,'MARTHA',NULL,'CAMPBELL-THOMPSON',NULL,'GAINESVILLE','USA','MEDICINE','UNIVERSITY OF FLORIDA','FL','BOX 100214','DEPT. OF MEDICINE, HD604','32610',NULL,'GAINESVILLE','USA','MEDICINE','UNIVERSITY OF FLORIDA','FL','1600 SW ARCHER ROAD','HD 604','32610',3),(712,0,'RENSSELAER','USA','','HEALTH RESEARCH INC.','NY','1 UNIVERSTY PLACE','','12144-3456',3,'988',1,NULL,NULL,NULL,'JOHN',NULL,'GALIVAN',NULL,'ALBANY','USA','MOLECULAR MEDICINE','NEW YORK STATE DEPT. OF HEALTH','NY','WADSWORTH CENTER','P.O. BOX 509','12201-0509',NULL,'ALBANY','USA','EMPIRE STATE PLAZA','NEW YORK STATE DEPT. OF HEALTH','NY','WADSWORTH CENTER','LOADING DOCK J, P1 STH, RM 500','12201-0509',3),(713,0,'WASHINGTON','USA','RADIATION MEDICINE','GEORGETOWN UNIV.','DC','3970 RESERVOIR RD., N.W.,','RESEARCH BLDG.E208, LOMBARDI','20007',2,'989',1,NULL,NULL,NULL,'USHA',NULL,'KASID',NULL,'WASHINGTON','USA','RADIATION MEDICINE','GEORGETOWN UNIV.','DC','3970 RESERVOIR RD., N.W.','RESEARCH BLDG, E208, LOMBARDI CANC','20007',NULL,'WASHINGTON','USA','RADIATION MEDICINE','GEORGETOWN UNIV.','DC','3970 RESERVOIR RD., N.W.','RESEARCH BLDG.E208 LOMBARDI','20007',3),(714,0,'PHILADELPHIA','USA','UROLOGY','TEMPLE UNIVERSITY SCHOOL OF MEDICINE','PA','3400 N. BROAD STREET','ROOM 715 OMS','19140-5103',3,'994',1,NULL,NULL,NULL,'MICHAEL',NULL,'RUGGIERI',NULL,'PHILADELPHIA','USA','UROLOGY','TEMPLE UNIVERSITY SCHOOL OF MEDICINE','PA','3400 NORTH BROAD STREET','715 OMS','19140-5103',NULL,'PHILADELPHIA','USA','','TEMPLE UNIVERSITY SCHOOL OF MEDICINE','PA','3400 N. BROAD STREET','ROOM 715 OMS','19140-5103',3),(715,0,'SHREVEPORT','USA','','LSU MEDICAL CENTER','LA','ATTN: ACCOUNTS PAYABLE','P.O. BOX 33932','71130-3932',6,'995',1,NULL,NULL,NULL,'JAMES',NULL,'MATHIS',NULL,'SHREVEPORT','USA','CELLULAR BIOLOGY & ANATOMY','LOUISIANA STATE UNIVERSITY','LA','1501 KINGS HIGHWAY','BUILDING B, ROOM 8-311','71130',NULL,'SHREVEPORT','USA','CELLULAR BIOLOGY & ANATOMY','LOUISIANA STATE UNIVERSITY MEDICAL CTR','LA','1501 KINGS HIGHWAY','BUILDING F, ROOM 8-14','71130',3),(716,0,'CAMBRIDGE','USA','','WHITEHEAD INSTITUTE FOR BIOMEDICAL RES','MA','NINE CAMBRIDGE CENTER','','02142-1479',3,'996',1,NULL,NULL,NULL,'ZHAO LAN',NULL,'TANG',NULL,'CAMBRIDGE','USA','','WHITEHEAD INSTITUTE FOR BIOMEDICAL RES','MA','NINE CAMBRIDGE CENTER','','02142-1479',NULL,'CAMBRIDGE','USA','','WHITEHEAD INSTITUTE FOR BIOMEDICAL RES','MA','NINE CAMBRIDGE CENTER','','02142-1479',3),(717,0,'BOSTON','USA','ACCOUNTS PAYABLE','JOSLIN DIABETES CENTER','MA','1 JOSLIN PLACE','','2215',3,'997',1,NULL,NULL,NULL,'ALESSANDRO',NULL,'DORIA',NULL,'BOSTON','USA','SCTN ON GENETICS/EPIDEMIOLOGY','JOSLIN DIABETES CENTER','MA','ONE JOSLIN PLACE','','2215',NULL,'BOSTON','USA','GENETICS & EPIDEMIOLOGY','JOSLIN DIABETES CENTER','MA','1 JOSLIN PLACE','RM 467','2215',3),(718,0,'BRANCHBURG','USA','ACCOUNTS PAYABLE','IMCLONE SYSTEMS, INC.','NJ','33 IMCLONE DRIVE','','8876',3,'1012',2,NULL,NULL,NULL,'DAN',NULL,'HICKLIN',NULL,'NEW YORK','USA','IMMUNOLOGY','IMCLONE SYSTEMS, INC.','NY','180 VARICK STREET','7TH FLOOR','10014',NULL,'NEW YORK','USA','IMMUNOLOGY','IMCLONE SYSTEMS, INC.','NY','180 VARICK STREET','6TH FLOOR','10014',3),(719,0,'SOUTH SAN FRANCISCO','USA','PATHOLOGY MS72B','GENENTECH INC.','CA','1 DNA WAY, BLDG. 10','','94080',4,'1038',2,NULL,NULL,NULL,'HARTMUT',NULL,'KOEPPEN',NULL,'SOUTH SAN FRANCISCO','USA','PATHOLOGY','GENENTECH INC.','CA','1 DNA WAY, MS #72B, RM. 10.427C','','94080',NULL,'SOUTH SAN FRANCISCO','USA','','GENENTECH INC.','CA','1 DNA WAY, MS #72B, RM 10.427C','','94080',3),(720,0,'BAR HARBOR','USA','','THE JACKSON LABORATORY','ME','600 MAIN STREET','','4609',3,'1080',2,NULL,NULL,NULL,'WESLEY',NULL,'BEAMER',NULL,'BAR HARBOR','USA','','THE JACKSON LABORATORY','ME','600 MAIN STREET','','4609',NULL,'BAR HARBOR','USA','','THE JACKSON LABORATORY','ME','600 MAIN STREET','','4609',1),(721,0,'CAMBRIDGE','USA','GENOMICS','ARIAD PHARMACEUTICALS','MA','26 LANDSDOWNE STREET','','02139-4234',3,'1085',2,NULL,NULL,NULL,'GEORGE',NULL,'MULLIGAN',NULL,'CAMBRIDGE','USA','GENOMICS','ARIAD PHARMACEUTICALS','MA','26 LANDSDOWNE STREET','','02139-4234',NULL,'CAMBRIDGE','USA','GENOMICS','ARIAD PHARMACEUTICALS','MA','26 LANDSDOWNE STREET','','02139-4234',3),(722,0,'SEATTLE','USA','ACCOUNTS PAYABLE','CORIXA CORP.','WA','1900 9TH AVENUE','SUITE 1100','98101',4,'1092',2,NULL,NULL,NULL,'KENNETH',NULL,'GRABSTEIN',NULL,'SEATTLE','USA','','CORIXA CORPORATION','WA','1124 COLUMBIA ST.','SUITE 200','98104',NULL,'SEATTLE','USA','','CORIXA CORP.','WA','1124 COLUMBIA ST.','SUITE 200','98104',1),(723,0,'ST. CHARLES','USA','RESEARCH AND DEVELOPMENT','LINCO RESEARCH INC','MO','14 RESEARCH PARK DRIVE','ATTN:MARILYN WILLIAMS','63304',1,'1132',2,NULL,NULL,NULL,'RON',NULL,'GINGERICH',NULL,'ST. CHARLES','USA','RESEARCH AND DEVELOPMENT','LINCO RESEARCH INC','MO','14 RESEARCH PARK DRIVE','','63304',NULL,'ST. CHARLES','USA','RESEARCH AND DEVELOPMENT','LINCO RESEARCH INC','MO','14 RESEARCH PARK DRIVE','','63304',3),(724,0,'CHESTERFIELD','USA','DISCOVERY ONCOLOGY (J. J. BU)','MONSANTO / SEARLE','MO','700 CHESTERFIELD PKWY/AA4C','','63198',6,'1135',2,NULL,NULL,NULL,'JIA-YING',NULL,'BU',NULL,'CHESTERFIELD','USA','DISCOVERY ONCOLOGY','MONSANTO / SEARLE','MO','AA413, 700 CHESTERFIELD PKWY N.','','63198',NULL,'CHESTERFIELD','USA','DISCOVERY ONCOLOGY','MONSANTO / SEARLE','MO','AA413, 700 CHESTERFIELD PKWY','','63198',3),(725,0,'FRAMINGHAM','USA','CANCER GENE THERAPY','GENZYME MOLECULAR ONCOLOGY','MA','31 NEW YORK AVENUE','','1701',3,'1142',2,NULL,NULL,NULL,'BRUCE',NULL,'ROBERTS',NULL,'FRAMINGHAM','USA','CANCER GENE THERAPY','GENZYME MOLECULAR ONCOLOGY','MA','31 NEW YORK AVENUE','','1701',NULL,'FRAMINGHAM','USA','CANCER GENE THERAPY','GENZYME','MA','ATTN: YINYIN HUANG','1 MOUNTAIN ROAD','01701-9322',3),(726,0,'NEW HAVEN','USA','ACCOUNTS PAYABLE','CURAGEN CORPORATION','CT','555 LONG WHARF DRIVE','11TH FLOOR','6511',3,'1144',2,NULL,NULL,NULL,'JOHN',NULL,'HERRMANN',NULL,'BRANFORD','USA','DISCOVERY-ONCOLOGY','CURAGEN CORP.','CT','322 EAST MAIN STREET','','6405',NULL,'BRANFORD','USA','INTERNAL DISCOVERY','CURAGEN CORPORATION','CT','322 E MAIN ST','','6405',3),(727,0,'BIRMINGHAM','USA','ACCOUNTING','SOUTHERN RESEARCH INSTITUTE','AL','2000 NINTH AVENUE SOUTH','','35205',6,'1148',2,NULL,NULL,NULL,'ALEX',NULL,'ALLER',NULL,'BIRMINGHAM','USA','CANCER THERAPEUTICS AND IMMUNO','SOUTHERN RESEARCH INSTITUTE','AL','2000 NINTH AVENUE SOUTH','','35205',NULL,'BIRMINGHAM','USA','CANCER THERAPEUTICS AND IMMUNO','SOUTHERN RESEARCH INSTITUTE','AL','2000 NINTH AVENUE SOUTH','','35205',1),(728,0,'STAMFORD','USA','ACCOUNTS PAYABLE','PURDUE PHARMA, L.P.','CT','1 STAMFORD','201 TRESSER BLVD.','6901',3,'1174',2,NULL,NULL,NULL,'DANIEL',NULL,'SOLTIS',NULL,'PRINCETON','USA','MOLECULAR BIOLOGY','PURDUE PHARMA, L.P.','NJ','201 COLLEGE ROAD EAST','','8540',NULL,'CRANBURY,','USA','MOLECULAR BIOLOGY','PURDUE PHARMA, L.P.','NJ','6 CEDAR BROOK DR.','','8512',3),(729,0,'WATERTOWN','USA','','PINTEX PHARMACEUTICALS, INC.','MA','313 PLEASANT STREET','','2472',3,'1175',2,NULL,NULL,NULL,'LERE',NULL,'BAO',NULL,'WATERTOWN','USA','CANCER BIOLOGY','PINTEX PHARMACEUTICALS, INC.','MA','313 PLEASANT STREET','','2472',NULL,'WATERTOWN','USA','','PINTEX PHARMACEUTICALS, INC.','MA','313 PLEASANT STREET','','2472',3),(730,0,'NEW HAVEN','USA','ACCOUNTS PAYABLE','CURAGEN CORPORATION','CT','555 LONG WARF DRIVE','11TH FLOOR','6511',3,'1181',2,NULL,NULL,NULL,'ELMA',NULL,'FERNANDES',NULL,'BRANFORD','USA','DISCOVERY-SEQCALLING, THERAPEU','CURAGEN CORPORATION','CT','322 MAIN STREET','','6405',NULL,'NEW HAVEN','USA','DNA SYNTHESIS FACILLITY','CURAGEN CORPORATION','CT','555 LONG WARF DRIVE','11TH FLOOR','6511',3),(731,0,'CAMBRIDGE','USA','ACCOUNTS PAYABLE','BIOGEN IDEC, INC.','MA','14 CAMBRIDGE CENTER','','2142',3,'1198',2,NULL,NULL,NULL,'SHA',NULL,'MI',NULL,'CAMBRIDGE','USA','MOLECULAR GENETICS','BIOGEN IDEC, INC.','MA','14 CAMBRIDGE CENTER','','2142',NULL,'CAMBRIDGE','USA','MOLECULAR GENETICS','BIOGEN IDEC, INC.','MA','14 CAMBRIDGE CENTER','BIO 6, RM 320','2142',3),(732,0,'WEST HAVEN','USA','ACCOUNTS PAYABLE','BAYER CORPORATION','CT','400 MORGAN LANE','BUILDING B31, ROOM 213','6516',3,'1203',2,NULL,NULL,NULL,'JAMES',NULL,'KASPER',NULL,'WEST HAVEN','USA','DCAR','BAYER CORPORATION','CT','400 MORGAN LANE','BUILDING B31, ROOM 213','6516',NULL,'WEST HAVEN','USA','DCAR','BAYER CORPORATION','CT','400 MORGAN LANE','BUILDING B31, ROOM 367','6516',3),(733,0,'CAMBRIDGE','USA','TISSUE CULTURE','TRANSKAROTIC THERAPIES, INC.','MA','700 MAIN STREET','BROOKE MADDEN','2139',3,'1204',2,NULL,NULL,NULL,'TONI',NULL,'ZULIANI',NULL,'CAMBRIDGE','USA','TISSUE CULTURE','TRANSKAROTIC THERAPIES, INC.','MA','195 ALBANY STREET','','2139',NULL,'CAMBRIDGE','USA','TISSUE CULTURE','TRANSKAROTIC THERAPIES, INC.','MA','230 ALBANY STREET','','2139',3),(734,0,'HORNELL','USA','','PETROTEC, INC.','NY','252 MAIN STREET','','14843',3,'1207',2,NULL,NULL,NULL,'TIMOTHY',NULL,'ROY',NULL,'HORNELL','USA','','PETROTEC, INC.','NY','252 MAIN STREET','','14843',NULL,'HORNELL','USA','','PETROTEC, INC.','NY','252 MAIN STREET','','14843',3),(735,0,'CHARLOTTESVILLE','USA','IMMUNOLOGY','ARGONEX, INC.','VA','706 FOREST STREET','SUITE 1','22903-5220',2,'1249',2,NULL,NULL,NULL,'VENKY',NULL,'RAMAKRISHNA',NULL,'CHARLOTTESVILLE','USA','IMMUNOLOGY','ARGONEX, INC.','VA','706 FOREST STREET','SUITE 1','22903-5220',NULL,'','USA','','','','','','',3),(736,0,'FOSTER CITY','USA','PURCHASING','','CA','MARLIS ELLIOT','342 LAKESIDE DR.','94404',4,'1305',2,NULL,NULL,NULL,'JAMES',NULL,'MCARTHUR',NULL,'FOSTER CITY','USA','GENE THERAPY APPLICATIONS','CELL GENESYS, INC.','CA','324 LAKESIDE DR.','','94404',NULL,'FOSTER CITY','USA','GENE THERAPY APPLICATIONS','CELL GENESYS, INC.','CA','324 LAKESIDE DR.','','94404',1),(737,0,'HAYWARD','USA','RESEARCH AND DEVELOPMENT','BIOCHAIN INSTITUTE','CA','3507 BREAKWATER AVENUE','','94545',4,'1307',2,NULL,NULL,NULL,'SEAN',NULL,'HAN',NULL,'HAYWARD','USA','RESEARCH AND DEVELOPMENT','BIOCHAIN INSTITUTE','CA','3507 BREAKWATER AVENUE','','94545',NULL,'HAYWARD','USA','RESEARCH AND DEVELOPMENT','BIOCHAIN INSTITUTE','CA','3507 BREAKWATER AVENUE','','94545',1),(738,0,'EMERYVILLE','USA','','MILAGEN, INC.','CA','1255 PARK AVENUE, SUITE B','','94608',6,'1312',2,NULL,NULL,NULL,'MONCEF',NULL,'JENDOUBI',NULL,'EMERYVILLE','USA','','MILAGEN, INC.','CA','1255 PARK AVENUE, SUITE B','','94608',NULL,'EMERYVILLE','USA','','MILAGEN, INC.','CA','1255 PARK AVENUE, SUITE B','','94608',1),(739,0,'ABBOTT PARK','USA','DR. MILAGROS COLON-LOPEZ','ABBOTT LABORATORIES','IL','100 ABBOTT PARK ROAD','D-R460, AP10-LL','60064-6098',1,'1315',2,NULL,NULL,NULL,'MILAGROS',NULL,'COLON-LOPEZ',NULL,'ABBOTT PARK','USA','R4CD','ABBOTT LABORATORIES','IL','200 ABBOTT PARK RD.','BUILDING AP31','60064-6199',NULL,'ABBOTT PARK','USA','R4CD','ABBOTT LABS','IL','200 ABBOTT PARK ROAD','BUILDING AP31-4','60064-3537',3),(740,0,'SANTA BARBARA','USA','','QUALTEK MOLECULAR LABS','CA','334 S. PATTERSON AVE., STE. 20','','93111',4,'1317',2,NULL,NULL,NULL,'STEVE',NULL,'BERNSTEIN',NULL,'SANTA BARBARA','USA','','QUALTEK MOLECULAR LABS','CA','334 S. PATTERSON AVE., STE. 208','','93111',NULL,'SANTA BARBARA','USA','','QUALTEK MOLECULAR LABS','CA','334 S. PATTERSON AVE., STE. 20','','93111',3),(741,0,'MORRIS PLAINS','USA','','FISHER SCIENTIFIC','NJ','500 AMERICAN ROAD','','7950',3,'1320',2,NULL,NULL,NULL,'KENNETH',NULL,'CULVER',NULL,'EAST HANOVER','USA','ONCOLOGY TRANSLATIONAL MED','NOVARTIS PHARMACEUTICALS','NJ','ONE HEALTH PLAZA','','07936-1080',NULL,'CAMBRIDGE','USA','ONCOLOGY RESEARCH','NOVARTIS PHARMACEUTICALS','MA','BUILDING 600 RM. 3C213','250 MASSACHUSETTS AVE','2139',3),(742,0,'SEATTLE','USA','MOLECULAR BIOLOGY','INBIOS, INTL. INC.','WA','562 1ST AVENUE S.','SUITE 600','98104',4,'1324',2,NULL,NULL,NULL,'ANNE',NULL,'SHERWOOD',NULL,'SEATTLE','USA','MOLECULAR BIOLOGY','INBIOS, INTL. INC.','WA','562 1ST AVENUE S.','SUITE 600','98104',NULL,'SEATTLE','USA','MOLECULAR BIOLOGY','INBIOS, INTL. INC.','WA','562 1ST AVENUE S.','SUITE 600','98104',3),(743,0,'CAMBRIDGE','USA','ACCOUNTS PAYABLE','MILLENNIUM PHARMACEUTICALS, INC.','MA','75 SIDNEY STREET','','2139',3,'1346',2,NULL,NULL,NULL,'REBECCA',NULL,'MOSHER',NULL,'CAMBRIDGE','USA','MOLECULAR PATHOLOGY','MILLENNIUM PHARMACEUTICALS, INC.','MA','215 FIRST STREET','1ST FLOOR','2142',NULL,'CAMBRIDGE','USA','MOLECULAR PATHOLOGY','MILLENNIUM PHARMACEUTICALS, INC.','MA','75 SYDNEY STREET','','2139',3),(744,0,'PHILADELPHIA','USA','ACCOUNTS PAYABLE','GLAXO SMITHKLINE','PA','1 FRANKLIN PLAZA','PO BOX 13681','19101',3,'1348',2,NULL,NULL,NULL,'ROGELY',NULL,'BOYCE',NULL,'KING OF PRUSSIA','USA','SAFETY ASSESSMENT','GLAXO SMITHKLINE','PA','709 SWEDELAND ROAD','UE364','19406',NULL,'KING OF PRUSSIA','USA','SAFETY ASSESSMENT','GLAXO SMITHKLINE','PA','709 SWEDELAND ROAD','UE364','19406',3),(745,0,'MALVERN','USA','ACCOUNTS PAYABLE','CENTOCOR, INC.','PA','200 GREAT VALLEY PARKWAY','','19355',3,'1356',2,NULL,NULL,NULL,'XIAO-YU',NULL,'SONG',NULL,'MALVERN','USA','IMMUNOBIOLOGY','CENTOCOR, INC.','PA','52 GREAT VALLEY PARKWAY','','19355',NULL,'RADNOR','USA','IMMUNOBIOLOGY','CENTOCOR, INC.','PA','145 KING OF PRUSSIA RD','ROOM 4402','19087',1),(746,0,'ROCKVILLE','USA','PHARMACOLOGY','HUMAN GENOME SCIENCES','MD','9410 KEY WEST AVE','','20850',2,'1368',2,NULL,NULL,NULL,'WENDY',NULL,'HALPERN',NULL,'ROCKVILLE','USA','PRE-CLINICAL DEPT','HUMAN GENOME SCIENCES','MD','9410 KEY WEST AVE','','20850',NULL,'ROCKVILLE','USA','PRE-CLINICAL DEPT','HUMAN GENOME SCIENCES','MD','9410 KEY WEST AVE','','20850',3),(747,0,'DEDHAM','USA','RESEARCH','SIGNET LABORATORIES, INC.','MA','180 RUSTCRAFT RD','SUITE 140','2026',3,'1384',2,NULL,NULL,NULL,'RONALD',NULL,'CASCIATO',NULL,'DEDHAM','USA','RESEARCH','SIGNET LABORATORIES, INC.','MA','180 RUSTCRAFT RD','SUITE 140','2026',NULL,'DEDHAM','USA','RESEARCH','SIGNET LABORATORIES, INC.','MA','180 RUSTCRAFT RD','SUITE 140','2026',3),(748,0,'FARMINGDALE','USA','PURCHASING','OSI PHARMACEUTICALS','NY','ONE BIOSCIENCE PARK DRIVE','','11735',3,'1396',2,NULL,NULL,NULL,'JULIE',NULL,'KAN',NULL,'TARRYTOWN','USA','CANCER','OSI PHARMACEUTICALS','NY','777 OLD SAW MILL ROAD','','10591',NULL,'FARMINGDALE','USA','BROADHOLLOW BIOSCIENCE PARK','OSI PHARMACEUTICALS','NY','ONE BIOSCIENCE PARK DRIVE','','11735',3),(749,0,'CAMBRIDGE','USA','RESEARCH','IMMUNOGEN, INC.','MA','128 SIDNEY STREET','','2139',3,'1397',2,NULL,NULL,NULL,'JOHN',NULL,'LAMBERT',NULL,'CAMBRIDGE','USA','RESEARCH','IMMUNOGEN, INC.','MA','128 SIDNEY STREET','','2139',NULL,'CAMBRIDGE','USA','RESEARCH','IMMUNOGEN, INC.','MA','ATTN: LINDA HYLANDER GANS','128 SIDNEY STREET','2139',3),(750,0,'CAMBRIDGE','USA','','PHARMA MAR USA','MA','320 PUTNAM AVENUE','','2139',3,'1399',2,NULL,NULL,NULL,'JUDITH',NULL,'LUBER-NAROD',NULL,'CAMBRIDGE','USA','INVITRO TOXIC.','PHARMAMAR USA','MA','320 PUTNAM AVENUE','','2139',NULL,'CAMBRIDGE','USA','INVITRO TOXIC.','PHARMA MAR USA','MA','320 PUTNAM AVENUE','','2139',3),(751,0,'DANVERS','USA','','CELL SIGNALING TECHNOLOGY, INC.','MA','3 TRASK LANE','','1923',3,'1401',2,NULL,NULL,NULL,'MICHAEL',NULL,'MELNICK',NULL,'DANVERS','USA','','CELL SIGNALING TECHNOLOGY, INC.','MA','3 TRASK LANE','','1923',NULL,'DANVERS','USA','','CELL SIGNALING TECHNOLOGY, INC.','MA','3 TRASK LANE','','1923',1),(752,0,'WEST CHESTER','USA','ONCOLOGY','CEPHALON, INC.','PA','145 BRANDYWINE PARKWAY','','19308',3,'1406',2,NULL,NULL,NULL,'BRUCE',NULL,'RUGGERI',NULL,'WEST CHESTER','USA','ONCOLOGY','CEPHALON, INC.','PA','145 BRANDYWINE PARKWAY','','19308',NULL,'WEST CHESTER','USA','ONCOLOGY','CEPHALON, INC.','PA','145 BRANDYWINE PARKWAY','','19308',3),(753,0,'SOMERVILLE','USA','','TITAN PHARMACEUTICALS','NJ','50 DIVISION ST.','STE. 503','8876',5,'1411',2,NULL,NULL,NULL,'RICHARD',NULL,'ALLEN',NULL,'SOMERVILLE','USA','','TITAN PHARMACEUTICALS','NJ','50 DIVISION ST.','STE. 503','8876',NULL,'SOMERVILLE','USA','','TITAN PHARMACEUTICALS','NJ','50 DIVISION ST.','STE. 503','8876',1),(754,0,'MADISON','USA','','CLEMENTE ASSOCIATES INC','CT','33 HARKNESS DR','','6443',3,'1445',2,NULL,NULL,NULL,'HENRY',NULL,'CLEMENTE',NULL,'MADISON','USA','','','CT','33 HARKNESS DR','','6443',NULL,'MADISON','USA','','CLEMENTE ASSOCIATES INC','CT','33 HARKNESS DR','','6443',3),(755,0,'','USA','','','','','','',2,'1446',2,NULL,NULL,NULL,'ALEX',NULL,'CHAUSOVSKY',NULL,'OCEAN CITY','USA','','ZETIQ TECHNOLOGIES LTD.','MD','11805 B COASTAL HWY, #9991','','21842',NULL,'OCEAN CITY','USA','','ZETIQ TECHNOLOGIES LTD.','MD','11805B COASTAL HWY, #9991','','21842',3),(756,0,'WILMINGTON','USA','ACCOUNTS PAYABLE','CHARLES RIVER LABORATORIES','MA','251 BALLARDVALE STREET','','1887',2,'1447',2,NULL,NULL,NULL,'JENNIFER',NULL,'ROJKO',NULL,'FREDERICK','USA','MOLECULAR & IMMUNOPATHOLOGY','PATHOLOGY ASSOCIATES','MD','15 WORMANS MILL CT','SUITE I','21701',NULL,'FREDERICK','USA','CHARLES RIVER LABORATORIES','PATHOLOGY ASSOCIATES, MARYLAND','MD','15 WORMANS MILL CT','SUITE I','21701',1),(757,0,'CAMBRIDGE','USA','','NUVELO, INC.','MA','60 HAMPSHIRE STREET','','2139',3,'1449',2,NULL,NULL,NULL,'JEFF',NULL,'OLSON',NULL,'CAMBRIDGE','USA','','NUVELO, INC.','MA','60 HAMPSHIRE STREET','','2139',NULL,'CAMBRIDGE','USA','','NUVELO, INC.','MA','60 HAMPSHIRE STREET','','2139',3),(758,0,'ATLANTA','USA','','HORIZON MOLECULAR MEDICINE','GA','ONE DUNWOODY PARK SOUTH','SUITE 250','30338',6,'1450',2,NULL,NULL,NULL,'JOHN',NULL,'SHOFFNER',NULL,'NORCROSS','USA','','HORIZON MOLECULAR MEDICINE','GA','4855 PEACHTREE INDUSTRIAL BLVD.','SUITE 201A','30092',NULL,'NORCROSS','USA','','HORIZON MOLECULAR MEDICINE','GA','4855 PEACHTREE INDUSTRIAL BLVD','SUITE 201A','30092',3),(759,0,'RICHMOND','CANADA','','PACIFIC BIOSCIENCES RESEARCH CENTER','BC','215- 7080 RIVER ROAD','','V6X1X5',1,'1483',2,NULL,NULL,NULL,'RICARDO',NULL,'MORO',NULL,'RICHMOND','CANADA','','PACIFIC BIOSCIENCES RESEARCH CENTER','BC','215- 7080 RIVER ROAD','','V6X1X5',NULL,'RICHMOND','CANADA','','PACIFIC BIOSCIENCES RESEARCH CENTER','BC','215- 7080 RIVER ROAD','','V6X 1X5',3),(760,0,'NORTH BRUNSWICK','USA','R & D','GENEWIZ TECHNOLOGY CENTER','NJ','675 ROUTE 1 SOUTH','','8902',5,'1531',2,NULL,NULL,NULL,'RICHARD',NULL,'JIANG',NULL,'NORTH BRUNSWICK','USA','R & D','GENEWIZ TECHNOLOGY CENTER','NJ','675 ROUTE 1 SOUTH','','8902',NULL,'NORTH BRUNSWICK','USA','R & D','GENEWIZ TECHNOLOGY CENTER','NJ','675 ROUTE 1 SOUTH','','8902',1),(761,0,'WALTHAM','USA','CANCER BIOSCIENCE','ASTRA ZENECA','MA','35 GATEHOUSE DR','','2451',1,'1534',2,NULL,NULL,NULL,'ROBERT',NULL,'GODIN',NULL,'WALTHAM','USA','CANCER BIOSCIENCE','ASTRA ZENECA','MA','35 GATEHOUSE DR','','2451',NULL,'WALTHAM','USA','CANCER BIOSCIENCE','ASTRA ZENECA','MA','35 GATEHOUSE DR','','2451',3),(762,0,'NEW BRUNSWICK','USA','CONSUMER PRODUCTS WW','JOHNSON & JOHNSON','NJ','P.O. BOX 16512','','08906-6512',3,'1536',2,NULL,NULL,NULL,'MIRI',NULL,'SEIBERG',NULL,'SKILLMAN','USA','SKIN BIOLOGY TRC','JOHNSON & JOHNSON','NJ','199 GRANDVIEW ROAD','NORTH BUILDING ROOM RB14','8558',NULL,'SKILLMAN','USA','SKIN BIOLOGY TRC','JOHNSON & JOHNSON','NJ','199 GRANDVIEW ROAD','NORTH BUILDING ROOM RG14','8558',3),(763,0,'MALVERN','USA','ACCOUNTS PAYABLE','CENTOCOR INC.','PA','200 GREAT VALLEY PARKWAY','','19355',3,'1549',2,NULL,NULL,NULL,'LI',NULL,'YAN',NULL,'RADNOR','USA','ONCOLOGY RESEARCH','CENTOCOR INC.','PA','MAIL STOP R-4-2, ONCOLOGY RESEARCH','145 KING OF PRUSSIA','19087',NULL,'RADNOR','USA','ONCOLOGY RESEARCH','CENTOCOR INC.','PA','MAIL STOP R-4-2, ONCOLOGY RESE','145 KING OF PRUSSIA','19087',3),(764,0,'SAN DIEGO','USA','','IDEC PHARMACEUTICALS','CA','3030 CALLON ROAD','MOLECULAR BIOLOGY','92121',4,'1567',2,NULL,NULL,NULL,'KAREN',NULL,'MCLACHLAN',NULL,'SAN DIEGO','USA','MOLECULAR BIOLOGY','BIOGEN IDEC PHARMACEUTICALS','CA','5200 RESEARCH PLACE','','92122',NULL,'SAN DIEGO','USA','IDEC SHIPPING AND RECEIVING','IDEC PHARMACEUTICALS','CA','3030 CALLON ROAD','','92121',3),(765,0,'CAMBRIDGE','USA','','AVEO PHARMACEUTICALS, INC.','MA','75 SIDNEY STREET','4TH FLOOR','2139',3,'1588',2,NULL,NULL,NULL,'RONAN',NULL,'OHAGAN',NULL,'CAMBRIDGE','USA','','AVEO PHARMACEUTICALS, INC.','MA','75 SIDNEY STREET, 4TH FLOOR','','2139',NULL,'CAMBRIDGE','USA','','AVEO PHARMACEUTICALS, INC.','MA','75 SIDNEY STREET','4TH FLOOR','2139',3),(766,0,'POWELL','USA','','PHYLOGENY, INC.','OH','1476 MANNING PARKWAY','','43065',1,'1593',2,NULL,NULL,NULL,'ADEL',NULL,'MIKHAIL',NULL,'POWELL','USA','','PHYLOGENY, INC.','OH','1476 MANNING PARKWAY','','43065',NULL,'POWELL','USA','','PHYLOGENY, INC.','OH','1476 MANNING PARKWAY','','43065',1),(767,0,'PITTSBURGH','USA','','PRECISION THERAPEUTICS, INC','PA','2516 JANE STREET','','15203',3,'1607',2,NULL,NULL,NULL,'ALAN',NULL,'WELLS',NULL,'PITTSBURGH','USA','','PRECISION THERAPEUTICS, INC','PA','2516 JANE STREET','','15203',NULL,'PITTSBURGH','USA','','PRECISION THERAPEUTICS, INC','PA','2516 JANE STREET','','15203',3),(768,0,'BEDFORD','USA','BIOLOGY','NITROMED INC','MA','12 OAK PARK DRIVE','','1730',3,'1613',2,NULL,NULL,NULL,'DELANO',NULL,'YOUNG',NULL,'BEDFORD','USA','BIOLOGY','NITROMED INC','MA','12 OAK PARK DRIVE','','1730',NULL,'BEDFORD','USA','BIOLOGY','NITROMED INC','MA','12 OAK PARK DRIVE','','1730',3),(769,0,'HOUSTON','USA','RESEARCH & DEVELOPMENT','TANOX, INC.','TX','10301 STELLA LINK','','77025-5497',6,'1623',2,NULL,NULL,NULL,'SOSSIENA',NULL,'DEMISSIE-SANDERS',NULL,'HOUSTON','USA','RESEARCH & DEVELOPMENT','TANOX, INC.','TX','10301 STELLA LINK','','77025-5497',NULL,'HOUSTON','USA','RESEARCH & DEVELOPMENT','TANOX, INC.','TX','10301 STELLA LINK','','77025-5497',1),(770,0,'SEATTLE','USA','IMMUNOLOGY','CORIXA CORPORATION','WA','1900 9TH AVE. SUITE 1100','ATTN: ACCOUNTING','98101',4,'1632',2,NULL,NULL,NULL,'HEATHER',NULL,'SECRIST',NULL,'SEATTLE','USA','IMMUNOLOGY','CORIXA CORPORATION','WA','1900 9TH AVE. SUITE 1100','','98101',NULL,'SEATTLE','USA','IMMUNOLOGY','CORIXA CORPORATION','WA','1900 9TH AVE. SUITE 1100','','98101',3),(771,0,'ROCKVILLE','USA','','CORRELOGIC SYSTEMS, INC','MD','1405 RESEARCH BLVD.','SUITE 220','20850',5,'1647',2,NULL,NULL,NULL,'PARTHA',NULL,'SESHAIAH',NULL,'ROCKVILLE','USA','','CORRELOGIC SYSTEMS, INC','MD','1405 RESEARCH BLVD.','SUITE 220','20850',NULL,'ROCKVILLE','USA','','CORRELOGIC SYSTEMS, INC','MD','1405 RESEARCH BLVD.','SUITE 220','20850',1),(772,0,'PITTSBURGH','USA','','FISHER SCIENTIFIC COMPANY','PA','P.O. BOX 1768','','15230',3,'1649',2,NULL,NULL,NULL,'PAUL',NULL,'MARSHALL',NULL,'EAST HANOVER','USA','ARTHRITIS BIOLOGY','NOVARTIS INSTITUTES','NJ','BLDG 435: RM 4119','ONE HEALTH PLAZA','07936-1080',NULL,'EAST HANOVER','USA','ARTHRITIS & BONE','NOVARTIS, INC.','NJ','BLDG 435: RM 4121','ONE HEALTH PLAZA','7936',3),(773,0,'BEVERLY','USA','','CELL SIGNALING CENTER','MA','166 B CUMMINGS CENTER','CELL SIGNALING TECHNOLOGY','01923-3459',3,'1653',2,NULL,NULL,NULL,'RANDALL',NULL,'WETZEL',NULL,'BEVERLY','USA','','CELL SIGNALING','MA','159 J CUMMINGS CENTER','CELL SIGNALING TECHNOLOGY','1915',NULL,'DANVERS','USA','','CELL SIGNALING','MA','3 TRASK LANE','CELL SIGNALING TECHNOLOGY','1923',3),(774,0,'ROCKVILLE','USA','','MACROGENICS, INC.','MD','9640 MEDICAL CENTER DRIVE','','20850',2,'1657',2,NULL,NULL,NULL,'EZIO',NULL,'BONVINI',NULL,'ROCKVILLE','USA','','MACROGENICS, INC.','MD','9640 MEDICAL CENTER DRIVE','','20850',NULL,'ROCKVILLE','USA','','MACROGENICS, INC.','MD','9640 MEDICAL CENTER DRIVE','','20850',3),(775,0,'CAMBRIDGE','USA','ONCOLOGY','CURIS, INC','MA','45 MOULTON STREET','','02138-1118',3,'1661',2,NULL,NULL,NULL,'STEPHEN',NULL,'GOULD',NULL,'CAMBRIDGE','USA','ONCOLOGY','CURIS, INC','MA','45 MOULTON STREET','','01238-1118',NULL,'CAMBRIDGE','USA','ONCOLOGY','CURIS, INC','MA','45 MOULTON STREET','','02138-1118',3),(776,0,'NEWTON','USA','','MATRITECH INC','MA','330 NEVADA STREET','','2460',3,'1662',2,NULL,NULL,NULL,'KAREN',NULL,'VACCARO',NULL,'NEWTON','USA','','MATRITECH, INC.','MA','330 NEVADA STREET','','2460',NULL,'NEWTON','USA','','MATRITECH INC','MA','330 NEVADA STREET','','2460',3),(777,0,'EXTON','USA','','MORPHITEK, INC.','PA','210 WELSH POOL ROAD','','19341',3,'1663',2,NULL,NULL,NULL,'PAUL',NULL,'SIMON',NULL,'EXTON','USA','','MORPHITEK, INC.','PA','210 WELSH POOL ROAD','','19341',NULL,'EXTON','USA','','MORPHITEK, INC.','PA','210 WELSH POOL ROAD','','19341',1),(778,0,'MINNEAPOLIS','USA','ACCOUNTS PAYABLE','R & D SYSTEMS','MN','614 MCKINLEY PLACE NE','','55413',1,'1664',2,NULL,NULL,NULL,'ALEX',NULL,'KALYUZHNY',NULL,'MINNEAPOLIS','USA','','R & D SYSTEMS','MN','614 MCKINLEY PLACE NE','','55413',NULL,'MINNEAPOLIS','USA','','R & D SYSTEMS','MN','614 MCKINLEY PLACE NE','','55413',1),(779,0,'MILL CREEK','USA','','ICOS CORP','WA','ATTN: ACCOUNTS PAYABLE','PO BOX 13350','98082',4,'1666',2,NULL,NULL,NULL,'SUZANNE',NULL,'KANALY',NULL,'BOTHELL','USA','PATHOLOGY','ICOS CORP','WA','22021 20TH AVE SE','','98021',NULL,'BOTHELL','USA','PATHOLOGY','ICOS CORP','WA','22021 20TH AVE SE','ATTN: KIM MCCAW','98021',1),(780,0,'AMES','USA','','NEWLINK GENETICS','IA','2901 S.LOOP DR. SUITE 3900','','50010',1,'1668',2,NULL,NULL,NULL,'WILLIAM',NULL,'RAMSEY',NULL,'AMES','USA','','NEWLINK GENETICS','IA','2901 S.LOOP DR. SUITE 3900','','50010',NULL,'AMES','USA','','NEWLINK GENETICS','IA','2901 S.LOOP DR. SUITE 3900','','50010',3),(781,0,'SAN ANTONIO','USA','','ACCENTURE','TX','C/O BRISTOL-MEYERS SQUIBB CO.','PO BOX 696401','78269',4,'1669',2,NULL,NULL,NULL,'PETER',NULL,'BRAMS',NULL,'MILPITAS','USA','HYBRIDOMA RESEARCH','MEDAREX, INC','CA','521 COTTONWOOD DRIVE','','95035',NULL,'MILPITAS','USA','HYBRIDOMA RESEARCH','MEDAREX, INC','CA','521 COTTONWOOD DRIVE','','95035',1),(782,0,'TRUMBULL','USA','SKIN BIOSCIENCES','UNILEVER RESEARCH US','CT','40 MERRIPT BLVD','URDT','6611',3,'1670',2,NULL,NULL,NULL,'HELEN',NULL,'KNAGGS',NULL,'TRUMBULL','USA','SKIN BIOSCIENCES','UNILEVER RESEARCH US','CT','40 MERRIPT BLVD','URDT','6611',NULL,'TRUMBULL','USA','SKIN BIOSCIENCES','UNILEVER RESEARCH US','CT','40 MERRIPT BLVD','URDT','6611',3),(783,0,'BURLINGAME','USA','','VECTOR LABORATORIES INC.','CA','30 INGOLD RD.','ATTN: ERIKA LEONARD','94010',4,'1673',2,NULL,NULL,NULL,'LAWRENCE',NULL,'MCINTYRE',NULL,'BURLINGAME','USA','','VECTOR LABORATORIES INC.','CA','30 INCOLD RD.','','94010',NULL,'BURLINGAME','USA','','VECTOR LABORATORIES INC.','CA','30 INGOLD RD.','ATTN: ERIKA LEONARD','94010',1),(784,0,'NEW BRUNSWICK','USA','ACCOUNTS PAYABLE','J&J SERVICES/TRANSFORM PHARMACEUTICALS','NJ','P.O. BOX 16535','','08906-6535',3,'1674',2,NULL,NULL,NULL,'TRU',NULL,'SCHWARTZBERG',NULL,'LEXINGTON','USA','','TRANSFORM PHARMACEUTICALS','MA','29 HARTWELL AVENUE','','2421',NULL,'LEXINGTON','USA','','TRANSFORM PHARMACEUTICALS','MA','29 HARTWELL AVENUE','','2421',1),(785,0,'CHEVY CHASE','USA','ACCOUNTS PAYABLE','HOWARD HUGHES MED INST','MD','4000 JONES BRIDGE ROAD','','20815',6,'1675',2,NULL,NULL,NULL,'XIAODONG',NULL,'WANG',NULL,'DALLAS','USA','BIOCHEMISTRY','HOWARD HUGHES MED INST/012223','TX','5323 HARRY HINES BLVD','','75390-7208',NULL,'DALLAS','USA','','HOWARD HUGHES MED INST','TX','5323 HARRY HINES BLVD','ROOM K3-144','75390',3),(786,0,'W. SACRAMENTO','USA','','LIPOMICS TECHNOLOGIES, INC.','CA','2545 BOATMAN AVE.','','95691',4,'1676',2,NULL,NULL,NULL,'STEVEN',NULL,'WATKINS',NULL,'W. SACRAMENTO','USA','','LIPOMICS TECHNOLOGIES, INC.','CA','2545 BOATMAN AVE.','','95691',NULL,'W. SACRAMENTO','USA','','LIPOMICS TECHNOLOGIES, INC.','CA','3410 INDUSTRIAL BLVD','#103','95691',1),(787,0,'LOS ANGELES','USA','RESEARCH & DEVELOPMENT','RESPONSE GENETICS, INC.','CA','1640 MARENGO STREET','SUITE 620','90033',4,'1683',2,NULL,NULL,NULL,'STEPHANIE',NULL,'ASTROW',NULL,'MALIBU','USA','','PATHWAY DIAGNOSTICS CORP','CA','3003 MALIBU CANYON ROAD','','90265',NULL,'MALIBU','USA','','PATHWAY DIAGNOSTICS CORP','CA','3003 MALIBU CANYON ROAD','','90265',1),(788,0,'FRAMINGHAM','USA','ACCOUNTS PAYABLE','GENZYME','MA','15 PLEASANT ST. CONNECTOR','PO BOX 9322','01701-9322',4,'1685',2,NULL,NULL,NULL,'KHODADAD',NULL,'MEHRAEIN',NULL,'LOS ANGELES','USA','ANALYTICAL SERVICES','GENZYME GENETICS','CA','5300 MCCONNELL AVE','','90066',NULL,'LOS ANGELES','USA','ANALYTICAL SERVICES','GENZYME GENETICS','CA','ATTN: PO 148441/M. HANSEN','5300 MCCONNELL AVE.','90066',1),(789,0,'CAMBRIDGE','USA','RESEARCH LAB-670','BIOGEN IDEC, INC','MA','12 CAMBRIDGE CENTER','','2142',3,'1686',2,NULL,NULL,NULL,'DIANE',NULL,'LEONE',NULL,'CAMBRIDGE','USA','RESEARCH LAB-670','BIOGEN IDEC, INC','MA','12 CAMBRIDGE CENTER','','2142',NULL,'CAMBRIDGE','USA','RESEARCH LAB-670','BIOGEN IDEC, INC','MA','12 CAMBRIDGE CENTER','','2142',1),(790,0,'REDWOOD CITY','USA','ACCOUNTS PAYABLE','ONCOMED','CA','800 CHESAPEAKE DRIVE','','94063-4748',4,'1687',2,NULL,NULL,NULL,'AUSTIN',NULL,'GURNEY',NULL,'REDWOOD CITY','USA','MOLECULAR BIOLOGY/RESEARCH','ONCOMED PHARMACEUTICALS','CA','800 CHESAPEAKE','','94063',NULL,'REDWOOD CITY','USA','MOLECULAR BIOLOGY/RESEARCH','ONCOMED PHARMACEUTICALS INC','CA','PO- 90009','800 CHESAPEAKE','94063',3),(791,0,'THUNDER BAY','CANADA','RESEARCH','GENESIS GENOMICS INC.','ON','290 MUNRO ST. SUITE 1000','','P7A 7T1',1,'1688',2,NULL,NULL,NULL,'RYAN',NULL,'PARR',NULL,'THUNDER BAY','CANADA','RESEARCH','GENESIS GENOMICS INC.','ON','290 MUNRO ST. SUITE 1000','','P7A 7T1',NULL,'THUNDER BAY','CANADA','RESEARCH','GENESIS GENOMICS INC.','ON','290 MUNRO ST. SUITE 1000','','P7A 7T1',3),(792,0,'STEAMBOAT SPRINGS','USA','','US DISCOVERY','CO','PO BOX 771062','3200 LAUREL LANE','80477',4,'1689',2,NULL,NULL,NULL,'WAYNE',NULL,'LEMLEY',NULL,'STEAMBOAT SPRINGS','USA','','US DISCOVER','CO','PO BOX 771062','3200 LAUREL LANE','80477',NULL,'STEAMBOAT SPRINGS','USA','','US DISCOVERY','CO','ATTN: WAYNE LEMLEY','3200 LAUREL LANE','80477',1),(793,0,'SAN DIEGO','USA','MOLECULAR BIOLOGY','CANJI, INC.','CA','3030 SCIENCE PARK ROAD','','92121',4,'169',2,NULL,NULL,NULL,'ROBERT',NULL,'BOOKSTEIN',NULL,'SAN DIEGO','USA','MOLECULAR BIOLOGY','CANJI, INC.','CA','3030 SCIENCE PARK ROAD','','92121',NULL,'SAN DIEGO','USA','MOLECULAR BIOLOGY','CANJI, INC.','CA','3525 JOHN HOPKINS COURT','','92121',3),(794,0,'DES PLAINES','USA','SYSTEMS DEVELOPMENT AND SUPPOR','VYSIS INC.','IL','1300 EAST TOUHY AVENUE','','60018-3315',1,'1691',2,NULL,NULL,NULL,'JOHN',NULL,'TOMISEK',NULL,'DES PLAINES','USA','SYSTEMS DEVELOPMENT AND SUPPOR','VYSIS INC.','IL','1300 EAST TOUHY AVENUE','','60018-3315',NULL,'DES PLAINES','USA','','ABBOTT MOLECULAR','IL','1300 E. TOUHY','ABBOTT MOLECLULAR','60018-3315',3),(795,0,'GREAT NECK','USA','','NEOGENIX ONCOLOGY','NY','445 N. BLVD','SUITE 24','11021',3,'1692',2,NULL,NULL,NULL,'MYRON',NULL,'ARLEN',NULL,'GREAT NECK','USA','','NEOGENIX ONCOLOGY','NY','445 N. BLVD','SUITE 24','11021',NULL,'GREAT NECK','USA','','NEOGENIX ONCOLOGY','NY','445 N. BLVD','SUITE 24','11021',3),(796,0,'NEWARK','USA','','DUPONT HASKELL LABORATORY','DE','1090 ELKTON RD.','P.O. BOX 50','19714-005',3,'1693',2,NULL,NULL,NULL,'JOHN',NULL,'TEDESCO',NULL,'NEWARK','USA','','DUPONT HASKELL LABORATORY','DE','1090 ELKTON RD.','P.O. BOX 50','19714-005',NULL,'NEWARK','USA','','DUPONT HASKELL LABORATORY','DE','1090 ELKTON ROAD','','19714-005',1),(797,0,'COLUMBUS','USA','','OPTIMUM THERAPEUTICS, LLC','OH','1381 KINNEAR RD. SUITE 111','','43212',1,'1695',2,NULL,NULL,NULL,'GREG',NULL,'LYNESS',NULL,'COLUMBUS','USA','','OPTIMUM THERAPEUTICS, LLC','OH','1381 KINNEAR RD. SUITE 111','','43212',NULL,'COLUMBUS','USA','','OPTIMUM THERAPEUTICS, LLC','OH','1381 KINNEAR RD. SUITE 111','','43212',3),(798,0,'IRVINE','USA','','PRIMECELL THERAPUETICS LLC','CA','213 TECHNOLOGY DR STE 100','','92618',4,'1696',2,NULL,NULL,NULL,'CHAUNCEY',NULL,'SAYRE',NULL,'IRVINE','USA','IRVINE','PRIME GEN BIOTECH LLC','CA','213 TECHNOLOGY DRIVE STE 100','','92618',NULL,'IRVINE','USA','IRVINE','PRIME GEN BIOTECH LLC','CA','213 TECHNOLOGY DRIVE STE 100','','92618',1),(799,0,'WOBURN','USA','','NEWTON LABORATORIES','MA','23 CUMMINGS PARK','','1801',3,'1701',2,NULL,NULL,NULL,'STEPHEN',NULL,'FULGHUM',NULL,'WOBURN','USA','','NEWTON LABORATORIES','MA','23 CUMMINGS PARK','','1801',NULL,'WOBURN','USA','','NEWTON LABORATORIES','MA','23 CUMMINGS PARK','','1801',1),(800,0,'CAMBRIGE','USA','ACCOUNTS PAYABLE','MILLENNIUM PHARMACEUTICALS INC.','MA','40 LANSDOWNE ST.','','2139',3,'1702',2,NULL,NULL,NULL,'ERIK',NULL,'KUPPERMAN',NULL,'CAMBRIGE','USA','CANCER PHARMACOLOGY','MILLENNIUM PHARMACEUTICALS, INC.','MA','40 LANSDOWNE ST.','','2139',NULL,'CAMBRIGE','USA','CANCER PHARMACOLOGY','MILLENNIUM PHARMACEUTICALS INC.','MA','40 LANSDOWNE ST.','','2139',3),(801,0,'CAMBRIDGE','USA','','MERRIMACK PHARMACEUTICALS','MA','1 KENDALL SQUARE','SUITE B7201','02139-1670',3,'1703',2,NULL,NULL,NULL,'ULRIK',NULL,'NIELSEN',NULL,'CAMBRIDGE','USA','','MERRIMACK PHARMACEUTICALS','MA','101 BINNEY ST.','','2142',NULL,'CAMBRIDGE','USA','','MERRIMACK PHARMACEUTICALS','MA','1 KENDALL SQ.','BUILDING 600, 4TH FLOOR','02139-1670',1),(802,0,'SAN DIEGO','USA','N/A','ANTICANCER, INC.','CA','7917 OSTROW STREET','','92111',4,'1704',2,NULL,NULL,NULL,'MENG',NULL,'YANG',NULL,'SAN DIEGO','USA','N/A','ANTICANCER, INC.','CA','7917 OSTROW STREET','','92111',NULL,'SAN DIEGO','USA','N/A','ANTICANCER, INC.','CA','7917 OSTROW STREET','','92111',3),(803,0,'LAKE FOREST','USA','','MOSAIC LABORATORIES, LLC','CA','12 SPECTRUM POINTE DRIVE','','92630',4,'1706',2,NULL,NULL,NULL,'CHRISTOPHER',NULL,'KERFOOT',NULL,'LAKE FOREST','USA','','MOSAIC LABORATORIES, LLC','CA','12 SPECTRUM POINTE DRIVE','','92630',NULL,'LAKE FOREST','USA','','MOSAIC LABORATORIES, LLC','CA','12 SPECTRUM POINTE DRIVE','','92630',1),(804,0,'TUSCON','USA','PRODUCT DEVELOPMENT','VENTANA MEDICAL SYSTEMS INC','AZ','1910 E. INNOVATION PARK DR.','','85755',4,'1707',2,NULL,NULL,NULL,'GUADALUPE',NULL,'MANRIQUEZ',NULL,'TUSCON','USA','PRODUCT DEVELOPMENT','VENTANA MEDICAL SYSTEMS INC','AZ','1910 E. INNOVATION PARK DR.','','85755',NULL,'TUSCON','USA','PRODUCT DEVELOPMENT','VENTANA MEDICAL SYSTEMS INC','AZ','1910 E. INNOVATION PARK DR.','','85755',1),(805,0,'MENLO PARK','USA','','THERANOS INC','CA','1430 OBRIEN DRIVE SUITE C','','94025',4,'1708',2,NULL,NULL,NULL,'BASIL',NULL,'BURKE',NULL,'MENLO PARK','USA','','THERANOS INC','CA','1430 OBRIEN DRIVE SUITE C','','94025',NULL,'MENLO PARK','USA','','THERANOS INC','CA','1430 OBRIEN DRIVE SUITE C','','94025',1),(806,0,'VANCOUVER','CANADA','ACCOUNTING','MED BIOGENE INC','BC','#300-2386 EAST MALL','GERALD MCGAVIN BUILDING','V6T 1Z3',1,'1709',2,NULL,NULL,NULL,'T.NATHAN',NULL,'YOGANATHAN',NULL,'VANCOUVER','CANADA','','MED BIOGENE INC','BC','#300-2386 EAST MALL','GERALD MCGAVIN BUILDING','V6T 1Z3',NULL,'VANCOUVER','CANADA','','MED BIOGENE INC','BC','#300-2386 EAST MALL','GERALD MCGAVIN BUILDING','V6T 1Z3',3),(807,0,'HUNTINGDON VALLEY','USA','','IMMUNICON CORPORATION','PA','3401 MASONS MILL ROAD','SUITE 100','19006',3,'1710',2,NULL,NULL,NULL,'LEON',NULL,'TERSTAPPEN',NULL,'HUNTINGDON VALLEY','USA','','IMMUNICON CORPORATION','PA','3401 MASONS MILL ROAD','SUITE 100','19006',NULL,'HUNTINGDON VALLEY','USA','','IMMUNICON CORPORATION','PA','3401 MASONS MILL ROAD','SUITE 100','19006',1),(808,0,'SOUTH SAN FRANCISCO','USA','R&D','GENEMED BIOTECHNOLOGIES INC','CA','458 CARLTON COURT','','94080',4,'1711',2,NULL,NULL,NULL,'RINA',NULL,'WU-DECAMILLIS',NULL,'SOUTH SAN FRANCISCO','USA','R&D','GENEMED BIOTECHNOLOGIES INC','CA','458 CARLTON COURT','','94080',NULL,'SOUTH SAN FRANCISCO','USA','R&D','GENEMED BIOTECHNOLOGIES INC','CA','458 CARLTON COURT','','94080',3),(809,0,'WOBURN','USA','BIOMARKER GROUP','ARQULE, INC.','MA','19 PRESIDENTIAL WAY','','1801',3,'1713',2,NULL,NULL,NULL,'TAIPING',NULL,'CHEN',NULL,'WOBURN','USA','BIOMARKER GROUP','ARQULE, INC.','MA','19 PRESIDENTIAL WAY','','1801',NULL,'WOBURN','USA','BIOMARKER GROUP','ARQULE, INC.','MA','19 PRESIDENTIAL WAY','','1801',1),(810,0,'ROCKVILLE','USA','','GLOBAL STEM, INC','MD','6 TAFT COURT, SUITE 150','','20850',5,'1714',2,NULL,NULL,NULL,'JONATHAN',NULL,'AUERBACH',NULL,'ROCKVILLE','USA','','GLOBAL STEM, INC','MD','6 TAFT COURT, SUITE 150','','20850',NULL,'ROCKVILLE','USA','','GLOBAL STEM, INC','MD','6 TAFT COURT, SUITE 150','','20850',1),(811,0,'COLUMBUS','USA','PRE CLINICAL DEVELOPMENT','OPTIMUM THERAPEUTICS','OH','1381 KINNEAR RD','STE. 111','43212',1,'1716',2,NULL,NULL,NULL,'ZE',NULL,'LU',NULL,'COLUMBUS','USA','PRE CLINICAL DEVELOPMENT','OPTIMUM THERAPEUTICS','OH','1381 KINNEAR RD','STE. 111','43212',NULL,'COLUMBUS','USA','PRE CLINICAL DEVELOPMENT','OPTIMUM THERAPEUTICS','OH','1381 KINNEAR RD','STE. 111','43212',1),(812,0,'PHOENIX','USA','ACCOUNTING ATTN: CONTROLLER','TGEN','AZ','445 N. 5TH STREET','','85004',4,'1720',2,NULL,NULL,NULL,'DANIEL',NULL,'VON HOFF',NULL,'PHOENIX','USA','TRANSLATIONAL DRUG DEVELOPMENT','TRANSLATIONAL GENOMICS RESEARCH INST.','AZ','445 N. 5TH STREET','SUITE 600','85004',NULL,'PHOENIX','USA','','CARIS/MOLECULAR PROFILING INSTITUTE','AZ','445 N. 5TH STREET','','85004',3),(813,0,'SAN FRANCISCO','USA','','FIVEPRIME','CA','TWO CORPORATE DRIVE','','94080',1,'1721',2,NULL,NULL,NULL,'PIERRE',NULL,'BEAURANG',NULL,'SAN FRANCISCO','USA','','FIVEPRIME THERAPEUTICS','CA','TWO CORPORATE DRIVE','','94080',NULL,'SAN FRANCISCO','USA','ATTN: KRISTIN PIERE ROOM 230NN','FIVEPRIME','CA','TWO CORPORATE DRIVE','','94080',3),(814,0,'FREEPORT','USA','RESEARCH & DEVELOPMENT','AGI DERMATICS','NY','205 BUFFALO AVENUE','','11520',1,'1722',2,NULL,NULL,NULL,'NELLIE',NULL,'MARKOVA',NULL,'FREEPORT','USA','RESEARCH & DEVELOPMENT','APPLIED GENETICS, INC., DERMATICS','NY','205 BUFFALO AVENUE','','11520',NULL,'FREEPORT','USA','RESEARCH & DEVELOPMENT','AGI DERMATICS','NY','205 BUFFALO AVENUE','','11520',3),(815,0,'SUNNYVALE','USA','PATHOLOGY','COMPARATIVE BIOSCIENCES','CA','786 LUCERNE','','94085',1,'1724',2,NULL,NULL,NULL,'CAROL',NULL,'MESCHTER',NULL,'SUNNYVALE','USA','PATHOLOGY','COMPARATIVE BIOSCIENCES','CA','786 LUCERNE','','94085',NULL,'SUNNYVALE','USA','PATHOLOGY','COMPARATIVE BIOSCIENCES','CA','786 LUCERNE','','94085',3),(816,0,'BEVERLY','USA','','GLYCOZYM','MA','100 CUMMINGS CENTER.','SUITE 430J','1915',1,'1725',2,NULL,NULL,NULL,'THAYER',NULL,'WHITE',NULL,'BEVERLY','USA','','GLYCOZYM','MA','100 CUMMINGS CENTER.','SUITE 430J','1915',NULL,'BEVERLY','USA','','GLYCOZYM','MA','100 CUMMINGS CENTER.','SUITE 430J','1915',3),(817,0,'RICHMOND','USA','','STRATACOR INC.','CA','1315 SOUTH 46TH STREET','BLDG 154','94804-4603',1,'1727',2,NULL,NULL,NULL,'WILLIAM',NULL,'REIFENRATH',NULL,'RICHMOND','USA','','STRATACOR, INC.','CA','1315 SOUTH 46TH STREET','BLDG 154','94804-4603',NULL,'RICHMOND','USA','','STRATACOR INC.','CA','1315 SOUTH 46TH STREET','BLDG 154','94804-4603',3),(818,0,'CAMBRIDGE','USA','DRUG DISCOVERY','AVEO PHARMACEUTICALS','MA','75 SIDNEY ST.','4TH FLOOR','2139',1,'1730',2,NULL,NULL,NULL,'KRISTAN',NULL,'MEETZE',NULL,'CAMBRIDGE','USA','DRUG DISCOVERY','AVEO PHARMACEUTICALS','MA','75 SIDNEY ST.','4TH FLOOR','2139',NULL,'CAMBRIDGE','USA','DRUG DISCOVERY','AVEO PHARMACEUTICALS','MA','75 SIDNEY ST.','4TH FLOOR','2139',1),(819,0,'COLLEGE PARK','USA','','ASCENTGENE, INC.','MD','387 TECHNOLOGY DRIVE, SUITE 21','','20742',1,'1731',2,NULL,NULL,NULL,'HUI',NULL,'GE',NULL,'COLLEGE PARK','USA','','ASCENTGENE, INC.','MD','387 TECHNOLOGY DRIVE, SUITE 2116','','20742',NULL,'COLLEGE PARK','USA','','ASCENTGENE, INC.','MD','387 TECHNOLOGY DRIVE, SUITE 21','','20742',3),(820,0,'EMERYVILLE','USA','','KINEMED','CA','5980 HORTON STREET','SUITE 400','94608',1,'1732',2,NULL,NULL,NULL,'SCOTT',NULL,'TURNER',NULL,'EMERYVILLE','USA','','KINEMED','CA','5980 HORTON STREET','SUITE 400','94608',NULL,'EMERYVILLE','USA','','KINEMED','CA','5980 HORTON STREET','SUITE 400','94608',1),(821,0,'S. SAN FRANCISCO','USA','CANCER BIOLOGY','STEM CENTRX, LLC','CA','450 E. JAMIE COURT','3RD FLOOR','94080',1,'1733',2,NULL,NULL,NULL,'SCOTT',NULL,'DYLLA',NULL,'S. SAN FRANCISCO','USA','CANCER BIOLOGY','STEM CENTRX, LLC','CA','450 E. JAMIE COURT','3RD FLOOR','94080',NULL,'S. SAN FRANCISCO','USA','CANCER BIOLOGY','STEM CENTRX, LLC','CA','450 E. JAMIE COURT','3RD FLOOR','94080',1),(822,0,'WOBURN','USA','BIOMARKER','ARQULE','MA','19 PRESIDENTIAL WAY','','1801',1,'1734',2,NULL,NULL,NULL,'CAROL',NULL,'WAGHORNE',NULL,'WOBURN','USA','BIOMARKER','ARQULE','MA','19 PRESIDENTIAL WAY','','1801',NULL,'WOBURN','USA','BIOMARKER','ARQULE','MA','19 PRESIDENTIAL WAY','','1801',3),(823,0,'GRAND RAPIDS','USA','OFFICE OF THE DIRECTOR','VAN ANDEL INSTITUTE','MI','333 BOSTICK NE','5TH FLOOR- BENCH 80','49503',1,'1736',2,NULL,NULL,NULL,'GEORGE',NULL,'VANDE WOUDE',NULL,'GRAND RAPIDS','USA','OFFICE OF THE DIRECTOR','VAN ANDEL INSTITUTE','MI','333 BOSTICK NE','','49503',NULL,'GRAND RAPIDS','USA','OFFICE OF THE DIRECTOR','VAN ANDEL INSTITUTE','MI','333 BOSTICK NE','4TH FLOOR-BENCH 36','49503',3),(824,0,'DES PLAINS','USA','ACCOUNTS PAYABLE','ABBOTT MOLECULAR','IL','1300 TOUHY AVENUE','','60018',1,'1737',2,NULL,NULL,NULL,'EKATERINA',NULL,'PESTOVA',NULL,'DES PLAINS','USA','R & D','ABBOTT MOLECULAR','IL','1300 TOUHY AVENUE','','60018',NULL,'DES PLAINS','USA','R & D','ABBOTT MOLECULAR','IL','1300 TOUHY AVENUE','','60018',3),(825,0,'MADISON','USA','IPS DEVELOPMENT','CELLULAR DYNAMICS INT.','WI','525 SCIENCE DRIVE','','53711',1,'1738',2,NULL,NULL,NULL,'RANDALL',NULL,'LEARISH',NULL,'MADISON','USA','IPS DEVELOPMENT','CELLULAR DYNAMICS INT.','WI','525 SCIENCE DRIVE','','53711',NULL,'MADISON','USA','IPS DEVELOPMENT','CELLULAR DYNAMICS INT.','WI','525 SCIENCE DRIVE','','53711',3),(826,0,'PORTLAND','USA','','NOVARTIS INSTITUTE FOR BIOMEDICAL RES.','OR','NOVARTIS INSTITUTE','PO BOX 5990','97228',1,'1739',2,NULL,NULL,NULL,'HUI',NULL,'GAO',NULL,'CAMBRIDGE','USA','','NOVARTIS INSTITUTES FOR BIOMEDICAL RES','MA','250 MASSACHUSETTS AVENUE','4C-183','2139',NULL,'CAMBRIDGE','USA','','NOVARTIS INSTITUTE','MA','250 MASSACHUSETTS AVE','4C-130','2139',1),(827,0,'MENANDS','USA','HEALTH RESEARCH INC','ACCOUNTS PAYABLE','NY','150 BROADWAY','STE 560','12204',1,'1740',2,NULL,NULL,NULL,'ERASMUS',NULL,'SCHNEIDER',NULL,'ALBANY','USA','WADSWORTH CENTER','NEW YORK STATE DEPARTMENT OF HEALTH','NY','EMPIRE STATE PLAZA','BIGGS LABORATORIES , ROOM E610','12201',NULL,'ALBANY','USA','BIGGS LABORATORY, WADSWORTH CE','NYS DEPT OF HEALTH','NY','P1 SOUTH DOCK J3','EMPIRE STATE PLAZA','12237',1),(828,0,'BOTHELL','USA','','SEATTLE GENETICS INC','WA','21823 30TH DRIVE SE','','98021',1,'1742',2,NULL,NULL,NULL,'JONATHON',NULL,'DRACHMAN',NULL,'BOTHELL','USA','','SEATTLE GENETICS INC','WA','21823 30TH DRIVE SE','','98021',NULL,'BOTHELL','USA','','SEATTLE GENETICS INC','WA','21823 30TH DRIVE SE','','98021',3),(829,0,'LOVELAND','USA','','REVEAL DIAGNOSTICS, INC','OH','411 WEST LOVELAND AVE','SUITE 201','45140',1,'1743',2,NULL,NULL,NULL,'DAVID',NULL,'RALPH',NULL,'LOVELAND','USA','','REVEAL DIAGNOSTICS, INC','OH','411 WEST LOVELAND AVE','SUITE 201','45140',NULL,'LOVELAND','USA','','REVEAL DIAGNOSTICS, INC','OH','411 WEST LOVELAND AVE','SUITE 201','45140',3),(830,0,'PALO ALTO','USA','RESEACRH AND DEVELOPMENT','ARRESTO BIOSCIENCES, INC','CA','3183 PORTER DR','ATTN: ACCTS PAYABLE','94304',1,'1745',2,NULL,NULL,NULL,'VICTORIA',NULL,'SMITH',NULL,'PALO ALTO','USA','RESEACRH AND DEVELOPMENT','ARRESTO BIOSCIENCES, INC','CA','3183 PORTER DR','','94304',NULL,'PALO ALTO','USA','RESEACRH AND DEVELOPMENT','ARRESTO BIOSCIENCES, INC','CA','3183 PORTER DR','','94304',3),(831,0,'LEXINGTON','USA','BIOCHEMISTRY & MOLECULAR BIOLO','ANTIGENICS, INC.','MA','3 FORBES ROAD','','2421',1,'1747',2,NULL,NULL,NULL,'JOYCE',NULL,'TAY',NULL,'LEXINGTON','USA','BIOCHEMISTRY & MOLECULAR BIOLO','AGENUS, INC.','MA','3 FORBES ROAD','','2421',NULL,'LEXINGTON','USA','BIOCHEMISTRY & MOLECULAR BIOLO','ANTIGENICS, INC.','MA','3 FORBES ROAD','','2421',3),(832,0,'WALTHAM','USA','TRANSLATIONAL RESEARCH/IHC','IMMUNOGEN','MA','830 WINTER STREET','','2451',1,'1749',2,NULL,NULL,NULL,'CHRISTINA',NULL,'CARRIGAN',NULL,'WALTHAM','USA','TRANSLATIONAL RESEARCH/IHC','IMMUNOGEN','MA','830 WINTER STREET','','2451',NULL,'WALTHAM','USA','TRANSLATIONAL RESEARCH/IHC','IMMUNOGEN','MA','830 WINTER STREET','','2451',3),(833,0,'PALO ALTO','USA','EXPERIMENTAL PATHOLOGY AND PHA','SCHERING-PLOUGH BIOPHARMA','CA','901 CALIFORNIA AVE','ROOM 166','94304',1,'1751',2,NULL,NULL,NULL,'ROBERT',NULL,'PIERCE',NULL,'PALO ALTO','USA','EXPERIMENTAL PATHOLOGY AND PHA','SCHERING-PLOUGH BIOPHARMA','CA','901 CALIFORNIA AVE','ROOM 166','94304',NULL,'PALO ALTO','USA','EXPERIMENTAL PATHOLOGY AND PHA','SCHERING-PLOUGH BIOPHARMA','CA','901 CALIFORNIA AVE','ROOM 166','94304',1),(834,0,'MASON','USA','','PROCTOR & GAMBLE','OH','LAB DS3-706','8700 MASON MONTGOMERY RD','45040',1,'1753',2,NULL,NULL,NULL,'TERESA',NULL,'DI COLANDREA',NULL,'MASON','USA','','PROCTOR & GAMBLE','OH','MASON BUSINESS CENTER DS3-706','8700 MASON MONTGOMERY RD','45040',NULL,'MASON','USA','','PROCTOR & GAMBLE','OH','LAB DS3-706','8700 MASON MONTGOMERY RD','45040',1),(835,0,'DUBLIN','USA','MEDICAL DEPARTMENT','NEOPROBE CORPORATION','OH','425 METRO PLACE NORTH','SUITE 300','43017',1,'1754',2,NULL,NULL,NULL,'FREDERICK',NULL,'COPE',NULL,'DUBLIN','USA','MEDICAL DEPARTMENT','NEOPROBE CORPORATION','OH','425 METRO PLACE NORTH','SUITE 300','43017',NULL,'DUBLIN','USA','MEDICAL DEPARTMENT','NEOPROBE CORPORATION','OH','425 MERO PLACE NORTH','SUITE 300','43017',1),(836,0,'PITTSBURGH','USA','RESEARCH & DEVELOPMENT','FALCON GENOMICS, INC','PA','160 NORTH CRAIG STREET','SUITE 222','15213',1,'1755',2,NULL,NULL,NULL,'RULA',NULL,'ABBUD-ANTAKI',NULL,'PITTSBURGH','USA','RESEARCH & DEVELOPMENT','FALCON GENOMICS, INC','PA','160 NORTH CRAIG STREET','SUITE 222','15213',NULL,'PITTSBURGH','USA','RESEARCH & DEVELOPMENT','FALCON GENOMICS, INC','PA','160 NORTH CRAIG STREET','SUITE 222','15213',1),(837,0,'SOUTH SAN FRANSISCO','USA','R & D','VERACYTE, INC','CA','7000 SHORELINE COURT','SUITE 250','94080',1,'1757',2,NULL,NULL,NULL,'GUILIA',NULL,'KENNEDY',NULL,'SOUTH SAN FRANSISCO','USA','R & D','VERACYTE, INC','CA','7000 SHORELINE COURT','SUITE 250','94080',NULL,'SOUTH SAN FRANSISCO','USA','R & D','VERACYTE, INC','CA','7000 SHORELINE COURT','SUITE 250','94080',1),(838,0,'HERCULES','USA','CLINICAL DIAGNOSTICS GROUP A/P','BIO-RAD LABORATORIES','CA','4000 ALFRED NOBEL DRIVE','','94547',1,'1760',2,NULL,NULL,NULL,'ROGER',NULL,'WALKER',NULL,'BENICIA','USA','CLINICAL DIAGNOSTIC GROUP','BIO-RAD LABORATORIES','CA','5500 EAST 2ND STREET','','94510',NULL,'BENICIA','USA','CLINICAL DIAGNOSTIC GROUP','BIO-RAD LABORATORIES','CA','5500 EAST 2ND STREET','','94510',1),(839,0,'LEXINGTON','USA','','ALLTRANZ, INC.','KY','1122 OAK HILL DR','','40505',1,'1761',2,NULL,NULL,NULL,'AUDRA',NULL,'STINCHCOMB',NULL,'LEXINGTON','USA','','ALLTRANZ, INC.','KY','1122 OAK HILL DR','','40505',NULL,'LEXINGTON','USA','','ALLTRANZ, INC.','KY','1122 OAK HILL DR','','40505',1),(840,0,'WILMINGTON','USA','ACCOUNTS PAYABLE','CHARLES RIVER LABORATORIES','MA','251 BALLARDVALE STREET','','8177',1,'1762',2,NULL,NULL,NULL,'CURTIS',NULL,'CHAN',NULL,'RENO','USA','SPECIAL PATHOLOGY SERVICES','CHARLES RIVER LABORATORIES','NV','6995 LONGLEY LANE','','89511',NULL,'RENO','USA','SPECIAL PATHOLOGY SERVICES','CHARLES RIVER LABORATORIES','NV','6995 LONGLEY LANE','','89511',1),(841,0,'INDIANAPOLIS','USA','','VENTANA MEDICAL SYSTEMS, INC','IN','ACCOUNTS PAYABLE','P.O BOX 50408','46250-0408',1,'1763',2,NULL,NULL,NULL,'BRIAN',NULL,'HART',NULL,'TUCSON','USA','MEDICAL AFFAIRS','VENTANA MEDICAL SYSTEMS, INC','AZ','1910 E. INNOVATION PARK DR.','','85755',NULL,'TUCSON','USA','MEDICAL AFFAIRS','VENTANA MEDICAL SYSTEMS, INC','AZ','1910 E. INNOVATION PARK DR.','','85755',1),(842,0,'BURLINGAME','USA','PRECLINICAL DRUG DEVELOPMENT','IGENICA, INC.','CA','863 MITTEN RD, SUITE 102','','94010',1,'1765',2,NULL,NULL,NULL,'EDWARD',NULL,'VAN DER HORST',NULL,'BURLINGAME','USA','PRECLINICAL DRUG DEVELOPMENT','IGENICA, INC.','CA','863 MITTEN RD, SUITE 102','','94010',NULL,'BURLINGAME','USA','PRECLINICAL DRUG DEVELOPMENT','IGENICA, INC.','CA','863 MITTEN RD, SUITE 102','','94010',1),(843,0,'SAN DIEGO','USA','','PROTOGENOMICS RESEARCH INSTITUTE','CA','11107 ROSELLE ST','','92121',1,'1766',2,NULL,NULL,NULL,'JAN',NULL,'SCHNITZER',NULL,'SAN DIEGO','USA','','PROTOGENOMICS RESEARCH INSTITUTE','CA','11107 ROSELLE ST','','92121',NULL,'SAN DIEGO','USA','','PROTOGENOMICS RESEARCH INSTITUTE','CA','11107 ROSELLE ST','','92121',1),(844,0,'SANTA CLARA','USA','ACCOUNTS PAYABLE','AFFYMETRIX, INC.','CA','PO BOX 178','','95051',1,'1767',2,NULL,NULL,NULL,'SANGPEN',NULL,'CHAMNONGPOL',NULL,'CLEVELAND','USA','','AFFYMETRIX, INC.','OH','26111 MILES ROAD','','44128',NULL,'CLEVELAND','USA','','AFFYMETRIX, INC.','OH','26111 MILES ROAD','','44128',3),(845,0,'MADISON','USA','ACCOUNTS PAYABLE','CELLULAR DYNAMICS INTERNATIONAL','WI','525 SCIENCE DRIVE','','53711',1,'1768',2,NULL,NULL,NULL,'YING',NULL,'ZHANG',NULL,'MADISON','USA','ADVANCED DEVELOPMENT PROGRAMS','CELLULAR DYNAMICS INTERNATIONAL','WI','525 SCIENCE DRIVE','','53711',NULL,'MADISON','USA','ADVANCED DEVELOPMENT PROGRAMS','CELLULAR DYNAMICS INTERNATIONAL','WI','525 SCIENCE DRIVE','','53711',3),(846,0,'SAN DIEGO','USA','ACCOUNTS PAYABLE','TEKDA CALIFORNIA, INC.','CA','10410 SCIENCE CENTER DRIVE','','92121',1,'1769',2,NULL,NULL,NULL,'BELINDA',NULL,'CAIRNS',NULL,'SOUTH SAN FRANCISCO','USA','PATHOLOGY','TEKDA SAN FRANCISCO','CA','285 E. GRAND AVE','','94080',NULL,'SOUTH SAN FRANCISCO','USA','PATHOLOGY','TEKDA SAN FRANCISCO','CA','285 E. GRAND AVE','','94080',3),(847,0,'DANVERS','USA','RESEARCH','CELL SIGNALING TECHNOLOGY, INC.','MA','3 TRASK LANE','','1923',1,'1770',2,NULL,NULL,NULL,'TING-LEI',NULL,'GU',NULL,'DANVERS','USA','RESEARCH','CELL SIGNALING TECHNOLOGY, INC.','MA','3 TRASK LANE','','1923',NULL,'DANVERS','USA','RESEARCH','CELL SIGNALING TECHNOLOGY, INC.','MA','3 TRASK LANE','','1923',3),(848,0,'SANTA BARBARA','USA','R&D','BIOSB, INC','CA','69 SANTA FELICIA DR','','93117',1,'1771',2,NULL,NULL,NULL,'ALFONSO',NULL,'HERAS',NULL,'SANTA BARBARA','USA','R&D','BIOSB, INC','CA','69 SANTA FELICIA DR','','93117',NULL,'SANTA BARBARA','USA','R&D','BIOSB, INC','CA','69 SANTA FELICIA DR','','93117',1),(849,0,'FORT MYERS','USA','ACCOUNTS PAYABLE','NEOGENOMICS','FL','12701 COMMONWEALTH DR, STE 9','','33913-6626',1,'1772',2,NULL,NULL,NULL,'MICHELLE',NULL,'MARCIAL',NULL,'IRVINE','USA','RESEARCH AND DEVELOPMENT','NEOGENOMICS','CA','6 MORGAN, SUITE 150','','92618',NULL,'IRVINE','USA','RESEARCH AND DEVELOPMENT','NEOGENOMICS','CA','6 MORGAN, SUITE 150','','92618',3),(850,0,'SAN DIEGO','USA','','ZYAGEN','CA','10225 BARNES CANYON RD','SUITE 205','92121',1,'1773',2,NULL,NULL,NULL,'ISMAIL',NULL,'ZWAIN',NULL,'SAN DIEGO','USA','','ZYAGEN','CA','10225 BARNES CANYON RD','SUITE 205','92121',NULL,'SAN DIEGO','USA','','ZYAGEN','CA','10225 BARNES CANYON RD','SUITE 205','92121',3),(851,0,'GLOSTRUP','DENMARK','RESEARCH AND DEVELOPMENT','DAKO DENMARK A/S','','PRODUCTIONSVEJ 42','','',1,'1775',2,NULL,NULL,NULL,'BIRGIT',NULL,'KRISTIANSEN',NULL,'GLOSTRUP','DENMARK','RESEARCH AND DEVELOPMENT','DAKO DENMARK A/S','','PRODUCTIONSVEJ 42','','',NULL,'GLOSTRUP','DENMARK','RESEARCH AND DEVELOPMENT','DAKO DENMARK A/S','','ATTN: VAREMODTAGELSEN','PRODUCTIONSVEJ 42','',1),(852,0,'PLEASANTON','USA','','DIAGNOSTIC BIOSYSTEMS','CA','1020 SERPENTINE LANE','SUITE 114','94566',1,'1776',2,NULL,NULL,NULL,'BIPIN',NULL,'GUPTA',NULL,'PLEASANTON','USA','','DIAGNOSTIC BIOSYSTEMS','CA','1020 SERPENTINE LANE','SUITE 114','94566',NULL,'PLEASANTON','USA','','DIAGNOSTIC BIOSYSTEMS','CA','1020 SERPENTINE LANE','SUITE 114','94566',3),(853,0,'STONY BROOK','USA','ATTN: DR.HUAN DONG','VITATEX INC.','NY','25 HEALTH SCIENCES DRIVE','LIHTI, SUITE 223','11790',1,'1777',2,NULL,NULL,NULL,'WEN-TIEN',NULL,'CHEN',NULL,'STONY BROOK','USA','METASTASIS RESEARCH','VITATEX INC.','NY','25 HEALTH SCIENCES DRIVE','LIHTI, SUITE 223','11790',NULL,'STONY BROOK','USA','ATTN: DR. HUAN DONG','VITATEX INC.','NY','25 HEALTH SCIENCES DRIVE','LIHTI, SUITE 223','11790',1),(854,0,'LA JOLLA','USA','R&D','AVELAS BIOSCIENCES','CA','11099 N. TORREY PINES ROAD','SUITE 290','92037',1,'1778',2,NULL,NULL,NULL,'JESUS',NULL,'GONZALEZ',NULL,'LA JOLLA','USA','R&D','AVELAS BIOSCIENCES','CA','11099 N. TORREY PINES ROAD','SUITE 290','92037',NULL,'LA JOLLA','USA','R&D','AVELAS BIOSCIENCES','CA','11099 N. TORREY PINES ROAD','SUITE 290','92037',1),(855,0,'BELLEVUE','USA','HISTOLOGY','DERMATOPATHOLOGY NW','WA','2330 130TH AVE NE','STE 201','98005',1,'1779',2,NULL,NULL,NULL,'SOOK',NULL,'KENDZIORA',NULL,'BELLEVUE','USA','HISTOLOGY','DERMATOPATHOLOGY NW','WA','2330 130TH AVE NE','STE 201','98005',NULL,'BELLEVUE','USA','HISTOLOGY','DERMATOPATHOLOGY NW','WA','2330 130TH AVE NE','STE 201','98005',1),(856,0,'MEMPHIS','USA','ACCOUNTS PAYABLE','ZENBIO, INC','TN','803 MT. MORIAH RD','SUITE 202','38117',1,'1780',2,NULL,NULL,NULL,'BENJAMIN',NULL,'BUEHRER',NULL,'RTP','USA','','ZENBIO, INC','NC','3200 EAST HWY 54, SUITE 100','PO BOX 13888','27709',NULL,'RTP','USA','','ZENBIO, INC','NC','3200 EAST HWY 54, SUITE 100','PO BOX 13888','27709',1),(857,0,'KALAMAZOO','USA','RESEARCH AND DEVELOPMENT','THERMO FISCHER SCIENTIFIC','MI','4481 CAMPUS DRIVE','','49008',1,'1781',2,NULL,NULL,NULL,'JARED',NULL,'ISAAC',NULL,'KALAMAZOO','USA','RESEARCH AND DEVELOPMENT','THERMO FISCHER SCIENTIFIC','MI','4481 CAMPUS DRIVE','','49008',NULL,'KALAMAZOO','USA','RESEARCH AND DEVELOPMENT','THERMO FISCHER SCIENTIFIC','MI','4481 CAMPUS DRIVE','','49008',1),(858,0,'SOUTH SAN DIEGO','USA','R&D','CYTOMX THERAPEUTICS','CA','343 OYSTER POINT BLVD','SUITE 100','94080',1,'1782',2,NULL,NULL,NULL,'OLGA',NULL,'VASILJEVA',NULL,'SOUTH SAN DIEGO','USA','R&D','CYTOMX THERAPEUTICS','CA','343 OYSTER POINT BLVD','SUITE 100','94080',NULL,'SOUTH SAN DIEGO','USA','R&D','CYTOMX THERAPEUTICS','CA','343 OYSTER POINT BLVD','SUITE 100','94080',1),(859,0,'BRIDGEWATER','USA','ACCOUNTS PAYABLE','DOW PHARMECEUTICAL SCIENCES','NJ','SASHA GREEN','700 ROUTE 202/206','8807',1,'1783',2,NULL,NULL,NULL,'MICHAEL',NULL,'INGRASSIA',NULL,'PETALUMA','USA','SKIN BIOLOGY','DOW PHARMECEUTICAL SCIENCES','CA','1330 REDWOOD WAY','','95954',NULL,'','USA','','','','','','',1),(860,0,'SUMMIT','USA','AP CUSTOMER SERVICE','CELGENE','NJ','86 MORRIS AVE CN1026','','7901',1,'1784',2,NULL,NULL,NULL,'JAMES',NULL,'EDINGER',NULL,'WARREN','USA','R&D','CELGENE','NJ','33 TECHNOLOGY DRIVE','','7059',NULL,'WARREN','USA','R&D','CELGENE','NJ','33 TECHNOLOGY DRIVE','','7059',3),(861,0,'SAN DIEGO','USA','ACCOUNTS PAYABLE','VALA SCIENCES, INC.','CA','11575 SORRENTO VALLEY ROAD','STE 204','92121',1,'1785',2,NULL,NULL,NULL,'PATRICK',NULL,'MCDONOUGH',NULL,'SAN DIEGO','USA','BIOLOGY','VALA SCIENCES, INC.','CA','11575 SORRENTO VALLEY ROAD','STE 204','92121',NULL,'SAN DIEGO','USA','BIOLOGY','VALA SCIENCES, INC.','CA','11575 SORRENTO VALLEY ROAD','STE 204','92121',1),(862,0,'SANTA CLARA','USA','ACCOUNTS PAYABLE','AFFYMETRIX, INC.','CA','3450 CENTRAL EXPRESSWAY','','95051',1,'1786',2,NULL,NULL,NULL,'LARRY',NULL,'GREENFIELD',NULL,'SANTA CLARA','USA','RESEARCH & DEVELOPMENT','AFFYMETRIX, INC.','CA','3450 CENTRAL EXPRESSWAY','','95051',NULL,'SANTA CLARA','USA','RESEARCH & DEVELOPMENT','AFFYMETRIX, INC.','CA','SUMANTHI VENKATAPATHY','3450 CENTRAL EXPRESSWAY','95051',3),(863,0,'SKOKIE','USA','NANO BIODISCOVERY','NANOINK INC.','IL','8025 LAMON AVE','','60077',1,'1787',2,NULL,NULL,NULL,'HARIS',NULL,'JAMIL',NULL,'SKOKIE','USA','NANO BIODISCOVERY','NANOINK INC.','IL','8025 LAMON AVE','','60077',NULL,'SKOKIE','USA','NANO BIODISCOVERY','NANOINK INC.','IL','8025 LAMON AVE','','60077',1),(864,0,'FORDS','USA','','ALFAGENE BIOSCIENCE INC','NJ','20 CORRIELLE STREET','','8863',1,'1788',2,NULL,NULL,NULL,'ASIT',NULL,'PANJA',NULL,'FORDS','USA','','ALFAGENE BIOSCIENCE INC','NJ','20 CORRIELLE STREET','','8863',NULL,'FORDS','USA','','ALFAGENE BIOSCIENCE INC','NJ','20 CORRIELLE STREET','','8863',3),(865,0,'COLLEGEVILLE','USA','AP ACCOUNTS','QUEST DIAGNOSTICS','PA','PO BOX 5001','','19426',1,'1789',2,NULL,NULL,NULL,'BASEL',NULL,'KASHLAN',NULL,'VALENCIA','USA','BIOMARKER-AP','QUEST DIAGNOSTICS','CA','27027 TOURNEY RD','','91355',NULL,'VALENCIA','USA','BIOMARKER-AP','QUEST DIAGNOSTICS','CA','27027 TOURNEY RD','','91355',1),(866,0,'BROWNSBURG','USA','','CRYOPOINT','IN','1533 E. NORTHFIELD DR','SUITE 300','46112',1,'1790',2,NULL,NULL,NULL,'MICHAEL',NULL,'BYERS',NULL,'BROWNSBURG','USA','','CRYOPOINT','IN','1533 E. NORTHFIELD DR','SUITE 300','46112',NULL,'BROWNSBURG','USA','RESEARCH & DEVELOPMENT','CRYOPOINT','IN','1533 E. NORTHFIELD DR','SUITE 300','46112',1),(867,0,'LEXINGTON','USA','RESEARCH','AVAXIA BIOLOGICS, INC.','MA','128 SPRING STREET, SUITE 620','','2421',1,'1791',2,NULL,NULL,NULL,'KAILASH',NULL,'BHOL',NULL,'LEXINGTON','USA','RESEARCH','AVAXIA BIOLOGICS, INC.','MA','128 SPRING STREET, SUITE 620','','2421',NULL,'LEXINGTON','USA','RESEARCH','AVAXIA BIOLOGICS, INC.','MA','128 SPRING STREET, SUITE 620','','2421',1),(868,0,'DANVILLE','USA','ACCOUNTS PAYABLE','COVANCE, INC.','IN','PO BOX 4046','','61834',1,'1792',2,NULL,NULL,NULL,'KELLIE',NULL,'HOWARD',NULL,'SEATTLE','USA','GENOMICS EXPRESSION LABORATORY','COVANCE, INC.','WA','401 TERRY AVE. N','','98109',NULL,'SEATTLE','USA','GENOMICS EXPRESSION LABORATORY','COVANCE, INC.','WA','401 TERRY AVE. N','','98109',1),(869,0,'EL PASO','USA','PROCESSING GENPACT/ACCTS PAYAB','GLAXOSMITHKLINE US','TX','PO BOX 981499','','79998-1499',1,'1793',2,NULL,NULL,NULL,'JEAN-PHILIPPE',NULL,'THERRIEN',NULL,'DURHAM','USA','MEDICINES DEPARTMENT','STIEFEK, GLASCOSMITHKLINE','NC','20 TW ALEXANDER DRIVE','RT 1000, LAB 141','27709',NULL,'DURHAM','USA','CENTER FOR SKIN BIOLOGY','STIEFEK, GLASCO-SMITH-KLINE','NC','20 TW ALEXANDER DRIVE','LAB 147','27709',1),(870,0,'PEARL CITY','USA','CENTER FOR INTEGRATIVE BIOLOGY','PFIZER','NY','401 N. MIDDLETOWN ROAD','BLDG 200, ROOM 4219','10965',1,'1794',2,NULL,NULL,NULL,'ANDREA',NULL,'HOOPER',NULL,'PEARL CITY','USA','CENTER FOR INTEGRATIVE BIOLOGY','PFIZER','NY','401 N. MIDDLETOWN ROAD','BLDG 200, ROOM 4219','10965',NULL,'PEARL CITY','USA','CENTER FOR INTEGRATIVE BIOLOGY','PFIZER','NY','401 N. MIDDLETOWN ROAD','BLDG 200, ROOM 4219','10965',1),(871,0,'NASHVILLE','USA','RESEARCH','DIAGNOVUS','TN','1600 DIVISION STREET','SUITE 580','37203',1,'1795',2,NULL,NULL,NULL,'JAMES',NULL,'STOVER',NULL,'NASHVILLE','USA','RESEARCH','DIAGNOVUS','TN','1600 DIVISION STREET','SUITE 580','37203',NULL,'NASHVILLE','USA','RESEARCH','DIAGNOVUS','TN','1600 DIVISION STREET','SUITE 580','37203',1),(872,0,'GERMANTOWN','USA','','NEXT HEALTHCARE INC.','MD','20271 GOLDENROD LANE','SUITE 2030','20876',1,'1796',2,NULL,NULL,NULL,'WAYNE',NULL,'HARDY',NULL,'GRAND FORKS','USA','','NEXT HEALTHCARE INC.','ND','4201 JAMES RAY DRIVE','SUITE 2100','58202',NULL,'GRAND FORKS','USA','','NEXT HEALTHCARE INC.','ND','MARNI ENGLAND-HILL','4201 JAMES RAY DRIVE, STE 2100','58202',1),(873,0,'GETZVILLE','USA','','RESPITORY & ENVIRONMENTAL EXPOSURE CON','NY','168 SCHIMWOOD COURT','','14068',1,'1797',2,NULL,NULL,NULL,'JAMSON',NULL,'LWEBUGA-MUKASA',NULL,'GETZVILLE','USA','','RESPITORY & ENVIRONMENTAL EXPOSURE CON','NY','168 SCHIMWOOD COURT','','14068',NULL,'GETZVILLE','USA','','RESPITORY & ENVIRONMENTAL EXPOSURE CON','NY','168 SCHIMWOOD COURT','','14068',1),(874,0,'BRIDGEWATER','USA','ACCOUNTS PAYABLE','DOW PHARMACEUTICAL SCIENCES','NJ','700 ROUTE 202/206','','8807',1,'1798',2,NULL,NULL,NULL,'CHRISTIAN',NULL,'RICHARDSON',NULL,'PETALUMA','USA','SKIN BIOLOGY','DOW PHARMACEUTICAL SCIENCES','CA','1330 REDWOOD WAY','','94954',NULL,'PETALUMA','USA','SKIN BIOLOGY','DOW PHARMACEUTICAL SCIENCES','CA','1330 REDWOOD WAY','','94954',1),(875,0,'BROOKLINE','USA','','ENERGESIS PHARMACEUTICALS','MA','3 UPLAND ROAD #2','C/O BRIAN FREEMAN','02445-7733',1,'1799',2,NULL,NULL,NULL,'OLIVIER',NULL,'BOSS',NULL,'BROOKLINE','USA','','ENERGESIS PHARMACEUTICALS','MA','3 UPLAND ROAD #2','C/O BRIAN FREEMAN','02445-7733',NULL,'BOSTON','USA','@ BOSTON UNIVERSITY MEDICAL','ENERGESIS PHARMACEUTICALS','MA','72 EAST CONCORD STREET','5 BLDG 606','2118',1),(876,0,'ROCKVILLE','USA','DRUG DISCOVERY','OTSUKA MARYLAND MEDICINAL LABORATORIES','MD','9900 MEDICAL CENTER DR.','','20850',1,'1800',2,NULL,NULL,NULL,'AMIT',NULL,'CHAUDHARY',NULL,'ROCKVILLE','USA','DRUG DISCOVERY','OTSUKA MARYLAND MEDICINAL LABORATORIES','MD','9900 MEDICAL CENTER DR.','','20850',NULL,'ROCKVILLE','USA','DRUG DISCOVERY','OTSUKA MARYLAND MEDICINAL LABORATORIES','MD','9900 MEDICAL CENTER DR.','','20850',1),(877,0,'CAMBRIDGE','USA','BIOLOGY','RANA THERAPEUTICS','MA','790 MEMORIAL DRIVE','SUITE 203','2139',1,'1801',2,NULL,NULL,NULL,'MARK',NULL,'WYSK',NULL,'CAMBRIDGE','USA','BIOLOGY','RANA THERAPEUTICS','MA','790 MEMORIAL DRIVE','SUITE 203','2139',NULL,'CAMBRIDGE','USA','BIOLOGY','RANA THERAPEUTICS','MA','790 MEMORIAL DRIVE','SUITE 203','2139',1),(878,0,'SOUTH SAN FRANCISCO','USA','CLINICAL','NODALITY, INC.','CA','170 HARBOR WAY, SUITE 200','','94080',1,'1802',2,NULL,NULL,NULL,'BARBARA',NULL,'MITTLEMAN',NULL,'SOUTH SAN FRANCISCO','USA','CLINICAL','NODALITY, INC.','CA','170 HARBOR WAY, SUITE 200','','94080',NULL,'SOUTH SAN FRANCISCO','USA','CLINICAL','NODALITY, INC.','CA','170 HARBOR WAY, SUITE 200','','94080',1),(879,0,'PALO ALTO','USA','PHARMACOLOGY','ROCHE BIOSCIENCE','CA','3401 HILLVIEW AVENUE','MAIL STOP R2-101','94303',4,'290',2,NULL,NULL,NULL,'DOUG',NULL,'BONHAUS',NULL,'PALO ALTO','USA','','ROCHE BIOSCIENCE','CA','3401 HILLVIEW AVENUE','MAIL STOP R2-101','94303',NULL,'PALO ALTO','USA','','ROCHE BIOSCIENCE','CA','3401 HILLVIEW AVENUE','MAIL STOP R2-101','94304-1379',3),(880,0,'SALT LAKE CITY','USA','N/A','NPS PHARMACEUTICALS','UT','420 CHIPETA WAY SUITE 240','','84108',4,'320',2,NULL,NULL,NULL,'EDWARD',NULL,'NEMETH',NULL,'SALT LAKE CITY','USA','N/A','NPS PHARMACEUTICALS','UT','420 CHIPETA WAY SUITE 240','','84108',NULL,'SALT LAKE CITY','USA','N/A','NPS PHARMACEUTICALS','UT','420 CHIPETA WAY','','84108',3),(881,0,'BERKELEY','USA','','BAYER CORP.','CA','800 DWIGHT WAY','','94701',4,'356',2,NULL,NULL,NULL,'MONTE',NULL,'WETZEL',NULL,'BERKELEY','USA','','BAYER CORP.','CA','800 DWIGHT WAY','','94701',NULL,'BERKELEY','USA','','BAYER CORP.','CA','800 DWIGHT WAY','','94701',3),(882,0,'MIAMI','USA','IMMUNOLOGY','COULTER CORPORATION','FL','P.O. BOX 169015','','33116-9015',6,'453',2,NULL,NULL,NULL,'WADE',NULL,'BOLTON',NULL,'MIAMI','USA','IMMUNOLOGY','COULTER CORPORATION','FL','P.O. BOX 169015','','33116-9015',NULL,'MIAMI','USA','IMMUNOLOGY','COULTER CORPORATION','FL','11800 SW 147TH AVE, BLDG. 4','','33196-2500',3),(883,0,'BETHLEHEM','USA','','IMMUNO CARE CORPORATION','PA','115 RESEARCH DRIVE','ROOM 104','18015',3,'504',2,NULL,NULL,NULL,'THOMAS',NULL,'KLUG',NULL,'BETHLEHEM','USA','','IMMUNO CARE CORPORATION','PA','115 RESEARCH DRIVE','ROOM 104','18015',NULL,'BETHLEHEM','USA','','IMMUNO CARE CORPORATION','PA','115 RESEARCH DRIVE','ROOM 104','18015',3),(884,0,'CARPENTARIA','USA','HISTOLOGY','DAKO CORPORATION','CA','6392 VIA REAL','','93013',4,'537',2,NULL,NULL,NULL,'GAYLEE',NULL,'NUTTMAN',NULL,'CARPENTARIA','USA','HISTOLOGY','DAKO CORPORATION','CA','6392 VIA REAL','','93013',NULL,'CARPENTARIA','USA','HISTOLOGY','DAKO CORPORATION','CA','6392 VIA REAL','','93013',1),(885,0,'TUCSON','USA','RESEARCH & DEVELOPMENT','VENTANA MEDICAL SYSTEMS, INC.','AZ','1910 E. INNOVATION PARK DR.','ATT. KATHERINE KASPRZYK','85737',4,'579',2,NULL,NULL,NULL,'ANTHONY',NULL,'HARTMAN',NULL,'TUCSON','USA','RESEARCH & DEVELOPMENT','VENTANA MEDICAL SYSTEMS, INC.','AZ','1910 INNOVATION PARK DRIVE','','85737',NULL,'TUCSON','USA','RESEARCH & DEVELOPMENT','VENTANA MEDICAL SYSTEMS, INC.','AZ','ATTN: SUNEETI MANE','1900 INNOVATION PARK DRIVE','85737',3),(886,0,'OKLAHOMA CITY','USA','MOLECULAR BIOLOGY','UROCOR, INC.','OK','ATTN: KATHY HORN, ACC PAYABLE','840 RESEARCH PARKWAY','73104',6,'580',2,NULL,NULL,NULL,'DAVID',NULL,'RALPH',NULL,'OKLAHOMA CITY','USA','MOLECULAR BIOLOGY','UROCOR, INC.','OK','840 RESEARCH PARKWAY','','73104',NULL,'OKLAHOMA CITY','USA','MOLECULAR BIOLOGY','UROCOR, INC.','OK','840 RESEARCH PARKWAY','','73104',1),(887,0,'SOUTH SAN FRANCISCO','USA','JENNIFER LAZARA','GENENTECH, INC.','CA','#1 DNA WAY MS 241 B','','94083',4,'594',2,NULL,NULL,NULL,'NOEL',NULL,'DYBDAL',NULL,'SOUTH SAN FRANCISCO','USA','SAFETY ASSESSMENT/PATHOLOGY','GENENTECH, INC.','CA','#1 DNA WAY','MS240B BLDG 32','94080',NULL,'SOUTH SAN FRANCISCO','USA','PATHOLBIOLOGY & TOXICOLOGY','GENENTECH, INC.','CA','#1 DNA WAY','MS240B BLDG 32','94080',3),(888,0,'GROTON','USA','MOLECULAR SCIENCES','PFIZER CENTRAL RESEARCH','CT','EASTERN POINT ROAD','BLDG. 118W, ROOM W115','6340',3,'604',2,NULL,NULL,NULL,'JANICE',NULL,'CHIN',NULL,'GROTON','USA','MOLECULAR SCIENCES','PFIZER CENTRAL RESEARCH','CT','EASTERN POINT ROAD','BLDG. 118W, ROOM W115','6340',NULL,'GROTON','USA','','PFIZER CENTRAL RESEARCH','CT','GROTON LABS','EASTERN POINT RD,CODE JCD','6340',3),(889,0,'SOUTH SAN FRANCISCO','USA','','GENENTECH, INC.','CA','P.O. BOX 9030','','94083-9030',4,'609',2,NULL,NULL,NULL,'RANDALL',NULL,'MRSNY',NULL,'SOUTH SAN FRANCISCO','USA','PHARM. R&D','GENENTECH, INC.','CA','460 PT. SAN BRUNO BLVD.','BUILDING 2, MS #6','94080',NULL,'SOUTH SAN FRANCISCO','USA','PHARM. R&D','GENENTECH, INC.','CA','460 PT. SAN BRUNO BLVD.','BUILDING 2, MS #6','94080',3),(890,0,'RAHWAY','USA','INFLAMMATION RESEARCH','MERCK RESEARCH LABS.','NJ','P.O. BOX 2000','ROOM 80N-A38','7065',3,'647',2,NULL,NULL,NULL,'ELLEN',NULL,'BAYNE',NULL,'RAHWAY','USA','INFLAMMATION RESEARCH','MERCK RESEARCH LABS.','NJ','P.O. BOX 2000','','7065',NULL,'RAHWAY','USA','INFLAMMATION RESEARCH','MERCK RESEARCH LABS.','NJ','ROOM 80N-A38','','7065',3),(891,0,'ABBOTT PARK','USA','90M','ABBOTT LABORATORIES','IL','100 ABBOTT PARK ROAD','AP-20, ROOM 409A','60064-3500',1,'656',2,NULL,NULL,NULL,'EDWARD',NULL,'GRANADOS',NULL,'ABBOTT PARK','USA','04MO','ABBOTT LABORATORIES','IL','100 ABBOTT PARK ROAD','AP-8A, ROOM 221','60064-3500',NULL,'ABBOTT PARK','USA','04MO','ABBOTT LABORATORIES','IL','100 ABBOTT PARK ROAD','AP-8A, ROOM 221','60064-6038',3),(892,0,'SOUTH SAN FRANCISCO','USA','PATHOBIOLOGY','GENENTECH, INC.','CA','460 PT. SAN BRUNO BLVD.','MS #6, BLDG. 2, ROOM 2840','94080',4,'666',2,NULL,NULL,NULL,'ANNE',NULL,'RYAN',NULL,'SOUTH SAN FRANCISCO','USA','PATHOBIOLOGY','GENENTECH, INC.','CA','460 PT. SAN BRUNO BLVD.','MS #6, BLDG. 2, ROOM 2840','94080',NULL,'SOUTH SAN FRANCISCO','USA','PATHOBIOLOGY','GENENTECH, INC.','CA','460 PT. SAN BRUNO BLVD.','MS #6, BLDG. 2, ROOM 2840','94080',3),(893,0,'SEATTLE','USA','','PATHOGENESIS','WA','201 ELLIOTT AVE. SUITE 150','','98119',4,'667',2,NULL,NULL,NULL,'SHANNON',NULL,'WESTBROCK',NULL,'SEATTLE','USA','','PATHOGENESIS','WA','201 ELLIOTT AVE. SUITE 150','','98119',NULL,'SEATTLE','USA','','PATHOGENESIS','WA','201 ELLIOTT AVE. SUITE 150','','98119',3),(894,0,'KENILWORTH','USA','ALLERGY, K-15-1 1600','SCHERING-PLOUGH RESEARCH INSTITUTE','NJ','2015 GALLOPING HILL ROAD','','07033-0539',3,'690',2,NULL,NULL,NULL,'JOHN',NULL,'HEY',NULL,'KENILWORTH','USA','ALLERGY, K-15-1 1600','SCHERING-PLOUGH RESEARCH INSTITUTE','NJ','2015 GALLOPING HILL ROAD','','07033-0539',NULL,'KENILWORTH','USA','ALLERGY, K-15-1 1600','SCHERING-PLOUGH RESEARCH INSTITUTE','NJ','2015 GALLOPING HILL ROAD','','07033-0539',1),(895,0,'CAMBRIDGE','USA','ACCOUNTS PAYABLE','MILLENNIUM PHARMACEUTICAL INC.','MA','75 SIDNEY STREET','','2139',3,'710',2,NULL,NULL,NULL,'SUSAN',NULL,'ACTON',NULL,'CAMBRIDGE','USA','BIOLOGY/ATHEROSCLEROSIS','MILLENNIUM PHARMACEUTICAL INC.','MA','640 MEMORIAL DR., 5TH FLOOR','','2139',NULL,'CAMBRIDGE','USA','BIOLOGY/ATHEROSCLEROSIS','MILLENNIUM PHARMACEUTICAL INC.','MA','640 MEMORIAL DR., 5TH FLOOR','','2139',3),(896,0,'SOUTH SAN FRANCISCO','USA','PATHOLOGY','GENENTECH, INC.','CA','460 POINT SAN BRUNO BLVD.','MS #72B','94080',4,'764',2,NULL,NULL,NULL,'DANIEL',NULL,'TUMAS',NULL,'SOUTH SAN FRANCISCO','USA','PATHOLOGY','GENENTECH, INC.','CA','460 POINT SAN BRUNO BLVD.','MS #72B','94080',NULL,'SOUTH SAN FRANCISCO','USA','PATHOLOGY','GENENTECH, INC.','CA','460 POINT SAN BRUNO BLVD.','MS #72B','94080',1),(897,0,'AUSTIN','USA','','AMBION, INC.','TX','2130 WOODWARD STREET','#200','78744-1832',6,'787',2,NULL,NULL,NULL,'BRITTAN',NULL,'PASLOSKE',NULL,'AUSTIN','USA','','AMBION, INC.','TX','2130 WOODWARD STREET','#200','78744-1832',NULL,'AUSTIN','USA','','AMBION, INC.','TX','2130 WOODWARD STREET','#200','78744-1832',3),(898,0,'LITTLETON','USA','RESEARCH & DEVELOPMENT','VITRO DIAGNOSTICS, INC.','CO','8100 SOUTHPARK WAY','B-1','80120',4,'821',2,NULL,NULL,NULL,'JAMES',NULL,'MUSICK',NULL,'LITTLETON','USA','RESEARCH & DEVELOPMENT','VITRO DIAGNOSTICS, INC.','CO','8100 SOUTHPARK WAY','B-1','80120',NULL,'LITTLETON','USA','RESEARCH & DEVELOPMENT','VITRO DIAGNOSTICS, INC.','CO','8100 SOUTHPARK WAY','B-1','80120',3),(899,0,'NUTLEY','USA','','HOFFMAN-LA ROCHE, INC.','NJ','ACCOUNTS PAYABLE','P.O. BOX 333','07110-1199',3,'826',2,NULL,NULL,NULL,'JUERGEN',NULL,'HAMMER',NULL,'NUTLEY','USA','GENOMIC VENTURE','HOFFMAN-LA ROCHE, INC.','NJ','BUILDING 123/4330','340 KINGSLAND STREET','7110',NULL,'NUTLEY','USA','GENOMIC VENTURE','HOFFMAN-LA ROCHE, INC.','NJ','BUILDING 123/4329','340 KINGSLAND STREET','07110-1199',3),(900,0,'BARTLETT','USA','SHARED SERVICE','PFIZER, INC.','TN','P.O. BOX 34600','NORTH AMERICAN SHARED SERVICE','38184-0600',3,'857',2,NULL,NULL,NULL,'VISHWAS',NULL,'PARALKAR',NULL,'GROTON','USA','METABOLIC DISEASES','PFIZER CENTRAL RESEARCH','CT','EASTERN POINT ROAD','BLDG. 118W, ROM W225, BOX845','6340',NULL,'GROTON','USA','METABOLIC DISEASES','PFIZER CENTRAL RESEARCH','CT','EASTERN POINT ROAD','BLDG. 118W, ROOM W225, BOX845','6340',3),(901,0,'WILMINGTON','USA','ACCOUNTS PAYABLE','DUPONT PHARMACEUTICAL','DE','DUPONT PHARM./P.O. 80722','CHESNUT RUN PLAZA WR 2125','19880-0722',3,'878',2,NULL,NULL,NULL,'JEFFERY',NULL,'MILLER',NULL,'GLENOLDEN','USA','','DUPONT MERCK PHARMACEUTICAL COMPANY','PA','GLENOLDEN LAB','500 S. RIDGEWAY AVE','19036',NULL,'WILMINGTON','USA','RECEIVING BLDG 361','DUPONT MERCK EXPERIMENTAL STN','DE','RTE 141 & HENRY CLAY RD.','BETWEEN RTS 202 AND 52','19880-0361',3),(902,0,'REDWOOD CITY','USA','RESEARCH & DEVELOPMENT','ADIANA, INC.','CA','2684 MIDDLEFIELD RD.','SUITE A','94063',5,'880',2,NULL,NULL,NULL,'PAUL',NULL,'INDMAN',NULL,'REDWOOD CITY','USA','RESEARCH & DEVELOPMENT','ADIANA, INC.','CA','2684 MIDDLEFIELD RD.','SUITE A','94063',NULL,'REDWOOD CITY','USA','RESEARCH & DEVELOPMENT','ADIANA, INC.','CA','2684 MIDDLEFIELD RD.','SUITE A','94063',3),(903,0,'GAITHERSBURG','USA','PHARMACOLOGY/TOXICOLOGY','GENETIC THERAPY, INC.','MD','ATTN: ACCOUNTS PAYABLE','9 WEST WATKINS MILL ROAD','20878',3,'887',2,NULL,NULL,NULL,'RUSSETTE',NULL,'LYONS',NULL,'GAITHERSBURG','USA','PHARMACOLOGY/TOXICOLOGY','GENETIC THERAPY, INC.','MD','21 FIRSTFIELD ROAD','','20878',NULL,'GAITHERSBURG','USA','PRECLINICAL SAFETY','GENETIC THERAPY, INC.','MD','ROOM 247','45 WEST WATKINS MILL ROAD','20878',3),(904,0,'ISSAQUAH','USA','TUMOR DIAGNOSTICS','BARTELS PROGNOSTICS, INC.','WA','2005 NW SAMMAMISH RD.','#104','98027',4,'902',2,NULL,NULL,NULL,'FRANK',NULL,'KUZAN',NULL,'ISSAQUAH','USA','TUMOR DIAGNOSTICS','BARTELS PROGNOSTICS, INC.','WA','2005 NW SAMMAMISH RD.','#104','98027',NULL,'ISSAQUAH','USA','TUMOR DIAGNOSTICS','BARTELS PROGNOSTICS, INC.','WA','2005 NW SAMMAMISH RD.','#104','98027',3),(905,0,'ABBOTT PARK','','DR. PAUL KROEGER','ABBOTT LABORATORIES','IL','100 ABBOTT PARK RD','DEPT. R4CT, BLDG. AP10','60064-6100',1,'908',2,NULL,NULL,NULL,'PAUL',NULL,'KROEGER',NULL,'ABBOTT PARK','','R4CT,GENE EXPRESSION ANALYSIS','ABBOTT LABORATORIES','IL','100 ABBOTT PARK RD','BLDG. AP10-2','60064-6100',NULL,'ABBOTT PARK','','R4CT,GENE EXPRESSION ANALYSIS','ABBOTT LABORATORIES','IL','100 ABBOTT PARK RD','BLDG. AP10-2','60064-6100',3),(906,0,'KING OF PRUSSIA','USA','ONCOLOGY','SMITHKLINE BEECHAM','PA','709 SWEDELAND RD. BLDG. 21','LAB 1052 MAIL CODE UW2101','19406',3,'917',2,NULL,NULL,NULL,'STEVE',NULL,'TRULLI',NULL,'KING OF PRUSSIA','USA','ONCOLOGY','SMITHKLINE BEECHAM','PA','709 SWEDELAND ROAD','BLDG.21, LAB 1052-MAIL CODE UW2101','19406',NULL,'KING OF PRUSSIA','USA','ONCOLOGY','SMITHKLINE BEECHAM','PA','709 SWEDELAND ROAD-BLDG. 21','LAB 1052 MAIL CODE UW2101','19406',3),(907,0,'PHILADELPHIA','USA','BONE & CARTILAGE BIOLOGY','SMITHKLINE BEECHAM PHARMACEUTICALS','PA','ACCOUNTS PAYABLE-FP0825','PO BOX 13681','19101-3681',3,'936',2,NULL,NULL,NULL,'ROBERT',NULL,'DODDS',NULL,'KING OF PRUSSIA','USA','BONE & CARTILAGE BIOLOGY','SMITHKLINE BEECHAM PHARMACEUTICALS','PA','709 SWEDELAND ROAD','UW2109, LAB 21-2038','19406',NULL,'KING OF PRUSSIA','USA','BONE & CARTILAGE BIOLOGY','SMITHKLINE BEECHAM PHARMACEUTICALS','PA','709 SWEDELAND ROAD','UW2109, LAB 21-2038','19406',3),(908,0,'ISELIN','USA','INVOICE PROCESSING','MERCK & CO., INC.','NJ','485D RT. 1 SOUTH','','8830',3,'946',2,NULL,NULL,NULL,'CHRISTOPHER',NULL,'AUSTIN',NULL,'WEST POINT','USA','DEPARTMENT OF HUMAN GENETICS','MERCK & CO., INC.','PA','WP26A-3000','P.O. BOX 4','19486',NULL,'WEST POINT','USA','DEPT. OF PHARMACOLOGY','MERCK & CO., INC.','PA','SUMNEY TOWN PIKE AND BROAD STR','WP26A-4022','19486',3),(909,0,'ROCKVILLE','USA','PHARMACOLOGY','HUMAN GENOME SCIENCES','MD','9410 KEY WEST AVE.','','20850',3,'949',2,NULL,NULL,NULL,'JAMES',NULL,'FIKES',NULL,'ROCKVILLE','USA','PHARMACOLOGY','HUMAN GENOME SCIENCES','MD','9410 KEY WEST AVENUE','','20850',NULL,'ROCKVILLE','USA','PRE-CLINICAL DEVELOPMENT','HUMAN GENOME SCIENCES','MD','9410 KEY WEST AVENUE','','20850',1),(910,0,'ROCKVILLE','USA','PHARMACOLOGY','HUMAN GENOME SCIENCES','MD','9410 KEY WEST AVE.','','20850',3,'949',2,NULL,NULL,NULL,'JAMES',NULL,'FIKES',NULL,'ROCKVILLE','USA','PHARMACOLOGY','HUMAN GENOME SCIENCES','MD','9410 KEY WEST AVENUE','','20850',NULL,'ROCKVILLE','USA','PRE-CLINICAL DEVELOPMENT','HUMAN GENOME SCIENCES','MD','9410 KEY WEST AVENUE','','20850',1),(911,0,'SOUTH SAN FRANCISCO','USA','LE','HOFFMAN-LA ROCHE','CA','ATN: J. DOUGLAS LARIGAN','PO BOX 2947','94083-2947',3,'961',2,NULL,NULL,NULL,'J. DOUGLAS',NULL,'LARIGAN',NULL,'NUTLEY','USA','BIOINFORMATICS','HOFFMAN-LA ROCHE','NJ','340 KINGSLAND STREET','BLDG. 123/ 4545','7110',NULL,'NUTLEY','USA','','HOFFMAN-LA ROCHE','NJ','340 KINGSLAND STREET','BLDG. 123/ 1421','7110',3),(912,0,'KING OF PRUSSIA','USA','PULMONARY PHARMACOLOGY','SMITHKLINE BEECHAM PHARMACEUTICALS','PA','UW2532','709 SWEDELAND ROAD','19406',3,'966',2,NULL,NULL,NULL,'DOUGLAS',NULL,'HAY',NULL,'KING OF PRUSSIA','USA','PULMONARY PHARMACOLOGY','SMITHKLINE BEECHAM PHAMACEUTICALS','PA','UW2532','709 SWEDELAND ROAD','19406',NULL,'KING OF PRUSSIA','USA','PULMONARY PHARMACOLOGY','SMITHKLINE BEECHAM PHARMACEUTICALS','PA','UW2532','709 SWEDELAND ROAD','19406',3),(913,0,'BALTIMORE','USA','','GUILFORD PHARMACEUTICAL','MD','6611 TRIBUTARY STREET','','21224',2,'977',2,NULL,NULL,NULL,'RENA',NULL,'LAPIDUS',NULL,'BALTIMORE','USA','','GUILFORD PHARMACEUTICAL','MD','6611 TRIBUTARY STREET','','21224',NULL,'BALTIMORE','USA','','GUILFORD PHARMACEUTICAL','MD','6611 TRIBUTARY STREET','','21224',3),(914,0,'SEATTLE','USA','','LIFESPAN BIOSCIENCES, INC.','WA','2401 4TH AVE. STE 900','','98121',4,'983',2,NULL,NULL,NULL,'GLENNA',NULL,'BURMER',NULL,'SEATTLE','USA','','LIFESPAN BIOSCIENCES, INC.','WA','2401 4TH AVE. STE 900','','98121',NULL,'SEATTLE','USA','','LIFESPAN BIOSCIENCES, INC.','WA','2401 4TH AVE. STE 900','','98121',1),(915,0,'PRINCETON','USA','ACCOUNTS PAYABLE','BRISTOL-MYERS SQUIBB CO.','NJ','SAP# 140140','PO BOX CN5303','8543',3,'984',2,NULL,NULL,NULL,'SUSAN',NULL,'QUINN',NULL,'EAST SYRACUSE','USA','PATHOLOGY','BRISTOL-MYERS SQUIBB CO.','NY','6000 THOMPSON ROAD','BUILDING 32, ROOM 119','13057',NULL,'EAST SYRACUSE','USA','PATHOLOGY','BRISTOL-MYERS SQUIBB CO.','NY','6000 THOMPSON ROAD','BUILDING 28, ROOM 119','13057',1),(916,0,'HUNTSVILLE','USA','ACCOUNTS PAYABLE','RESEARCH GENETICS INC.','AL','2130 SOUTH MEMORIAL PARKWAY','','35801',6,'987',2,NULL,NULL,NULL,'ROBERT',NULL,'ZAHORCHAK',NULL,'HUNTSVILLE','USA','RESEARCH & DEVELOPMENT','RESEARCH GENETICS INC.','AL','2700 SOUTH MEMORIAL PARKWAY','','35801',NULL,'HUNTSVILLE','USA','RESEARCH & DEVELOPMENT','RESEARCH GENETICS INC.','AL','2700 SOUTH MEMORIAL PARKWAY','','35801',3),(917,0,'SOUTH SAN FRANCISCO','USA','BIOCHEMISTRY','ADVANCED MEDICINE, INC.','CA','901 GATEWAY BLVD.','','94080',4,'991',2,NULL,NULL,NULL,'DEBORAH',NULL,'HIGGINS',NULL,'SOUTH SAN FRANCISCO','USA','BIOCHEMISTRY','THERAVANCE, INC.','CA','901 GATEWAY BLVD.','','94080',NULL,'SOUTH SAN FRANCISCO','USA','BIOCHEMISTRY','ADVANCED MEDICINE, INC.','CA','901 GATEWAY BLVD.','ATTN: RECEIVING DEPARTMENT','94080',3),(918,0,'WEST LAFAYETTE','USA','','ENDOCYTE, INC.','IN','1205 KENT AVENUE','','47906',1,'998',2,NULL,NULL,NULL,'CHRISTOPHER',NULL,'LEAMON',NULL,'WEST LAFAYETTE','USA','','ENDOCYTE, INC.','IN','1205 KENT AVENUE','','47906',NULL,'WEST LAFAYETTE','USA','','ENDOCYTE, INC.','IN','1205 KENT AVENUE','','47906',3),(919,0,'COLUMBUS','USA','NEUROLOGY','THE OHIO STATE UNIVERSITY','OH','ROOM 740','395 WEST 12TH AVENUE','43210',1,'104',3,NULL,NULL,NULL,'DOUGLAS',NULL,'SCHARRE',NULL,'COLUMBUS','USA','NEUROLOGY','THE OHIO STATE UNIVERSITY','OH','1654 UPHAM DRIVE','471 MEANS HALL','43210',NULL,'COLUMBUS','USA','NEUROLOGY','THE OHIO STATE UNIVERSITY','OH','1654 UPHAM DRIVE','471 MEANS HALL','43210',1),(920,0,'COLUMBUS','USA','EMERGENCY MEDICINE','OHIO STATE UNIVERSITY','OH','016 PRIOR HSL','376 W TENTH AVE','43210',1,'1158',3,NULL,NULL,NULL,'DAVID',NULL,'BAHNER',NULL,'COLUMBUS','USA','EMERGENCY MEDICINE','OHIO STATE UNIVERSITY','OH','016 PRIOR HSL','376 W TENTH AVE','43210',NULL,'COLUMBUS','USA','EMERGENCY MEDICINE','OHIO STATE UNIVERSITY','OH','016 PRIOR HSL','376 W TENTH AVE','43210',3),(921,0,'COLUMBUS','USA','','','OH','400 OSURF 1960 KENNY RD','','43210',1,'1173',3,NULL,NULL,NULL,'JAY',NULL,'IAMS',NULL,'COLUMBUS','USA','OBSTETRICS AND GYNECOLOGY','THE OHIO STATE UNIVERSITY','OH','561 MEANS HALL','1654 UPHAM DRIVE','43210',NULL,'COLUMBUS','USA','OBSTETRICS AND GYNECOLOGY','THE OHIO STATE UNIVERSITY','OH','561 MEANS HALL','1654 UPHAM DRIVE','43210',3),(922,0,'COLUMBUS','USA','OG/GYN MATERNAL FETAL','OHIO STATE UNIVERSITY','OH','1654 UPHAM DRIVE','5TH FLOOR MEANS HALL','43210',1,'1180',3,NULL,NULL,NULL,'DOUGLAS',NULL,'KNISS',NULL,'COLUMBUS','USA','OG/GYN MATERNAL FETAL','THE OHIO STATE UNIVERSITY','OH','1654 UPHAM DRIVE','5TH FLOOR MEANS HALL','43210',NULL,'COLUMBUS','USA','PERINATAL RESEARCH LAB','OHIO STATE UNIVERSITY','OH','420 WEST TENTH AVE','N522 DOAN HALL','43210',3),(923,0,'COLUMBUS','USA','PULMONARY/CRITICAL CARE','THE OHIO STATE UNIVERSITY','OH','RM 201 DHLRI','473 WEST 12TH AVENUE','43210',1,'1528',3,NULL,NULL,NULL,'PHILIP',NULL,'DIAZ',NULL,'COLUMBUS','USA','PULMONARY AND CRITICAL CARE','THE OHIO STATE UNIVERSITY','OH','ROOM 201','THE DAVIS HEART AND LUNG RESEARCH','43210',NULL,'COLUMBUS','USA','PULMONARY AND CRITICAL CARE','THE OHIO STATE UNIVERSITY','OH','ROOM 201','THE DAVIS HEART AND LUNG RESE','43210',3),(924,0,'COLUMBUS','USA','INTERNAL MEDICINE','THE OHIO STATE UNIVERSITY','OH','N210 MEANS HALL','1654 UPHAM DRIVE','43210',1,'1535',3,NULL,NULL,NULL,'DANIEL',NULL,'BIRMINGHAM',NULL,'COLUMBUS','USA','INTERNAL MEDICINE','THE OHIO STATE UNIVERSITY','OH','N210 MEANS HALL','1654 UPHAM DRIVE','43210',NULL,'COLUMBUS','USA','INTERNAL MEDICINE','THE OHIO STATE UNIVERSITY','OH','N210 MEANS HALL','1654 UPHAM DRIVE','43210',3),(925,0,'C0LUMBUS','USA','RADIATION MEDICINE','THE OHIO STATE UNIVERSITY','OH','080 JAMES CANCER HOSPITAL','300 W 10TH AVE','43210',1,'1539',3,NULL,NULL,NULL,'JOHN',NULL,'GRECULA',NULL,'C0LUMBUS','USA','RADIATION MEDICINE','THE OHIO STATE UNIVERSITY','OH','080 JAMES CANCER HOSPITAL','300 W 10TH AVE','43210',NULL,'SALT LAKE CITY','USA','PATHOLOGY','JAMES CANCER HOPITAL','UT','LDS HOSPITAL- EM LABORATORY','8TH AVENUE & C STREET','84143',3),(926,0,'COLUMBUS','USA','CTRS FOR CANCER SYSTEM BIOLOGY','THE OHIO STATE UNIVERSITY','OH','BRT 805','460 WEST 12TH AVENUE','43210-1063',1,'1639',3,NULL,NULL,NULL,'TIM',NULL,'HUANG',NULL,'COLUMBUS','USA','MOLECULAR VIROLOGY...','THE OHIO STATE UNIVERSITY','OH','RM 814 BIOMEDICAL RES TOWER','460 W 12TH AVE','43210',NULL,'COLUMBUS','USA','HUMAN CANCER GENETICS','THE OHIO STATE UNIVERSITY','OH','RM 514 B TZAGOURNIS MED. RES.','420 W 12TH AVE','43210',3),(927,0,'COLUMBUS','USA','OPHTHALMOLOGY','OHIO STATE UNIVERSITY','OH','456 W. 10TH AVENUE','5A CRAMBLETT HALL','43210',1,'1643',3,NULL,NULL,NULL,'DEBORAH',NULL,'GRZYBOWSKI',NULL,'COLUMBUS','USA','OPHTHALMOLOGY','OHIO STATE UNIVERSITY','OH','390 BEVIS HALL','1080 CARMACK ROAD','43210',NULL,'COLUMBUS','USA','OPHTHALMOLOGY','OHIO STATE UNIVERSITY','OH','534 TZGOURNIS MEDICAL RESEARCH','420 WEST 12TH AVE.','43210',3),(928,0,'COLUMBUS','USA','INTERNAL MEDICINE','THE OHIO STATE UNIVERSITY','OH','201 F DHLRI','473 WEST 12TH AVENUE','43210',1,'1644',3,NULL,NULL,NULL,'ELLIOTT',NULL,'CROUSER',NULL,'COLUMBUS','USA','INTERNAL MEDICINE','OHIO STATE UNIVERSITY','OH','201 F DHLRI','473 WEST 12TH AVENUE','43210',NULL,'COLUMBUS','USA','INTERNAL MEDICINE','OHIO STATE UNIVERSITY','OH','201 F DHLRI','473 WEST 12TH AVENUE','43210',1),(929,0,'COLUMBUS','USA','COMPREHENSIVE CANCER CTR','THE OHIO STATE UNIVERSITY','OH','RM #320 WISEMAN HALL','410 W. 12TH AVENUE','43210',1,'1646',3,NULL,NULL,NULL,'LIANHUI',NULL,'TAO',NULL,'COLUMBUS','USA','COMPREHENSIVE CANCER CTR','THE OHIO STATE UNIVERSITY','OH','RM #320 WISEMAN HALL','410 WEST 12TH AVENUE','43210',NULL,'COLUMBUS','USA','INTERNAL MEDICINE','OSU','OH','1148 CHRI','300 W. 10TH AVENUE','43210',3),(930,0,'COLUMBUS','USA','INTERNAL MEDICINE','THE OHIO STATE UNIVERSITY','OH','473 WEST 12TH AVENUE, RM 201','HEART & LUNG RESEARCH INSTITUT','43210',1,'1647',3,NULL,NULL,NULL,'CLAY',NULL,'MARSH',NULL,'COLUMBUS','USA','INTERNAL MEDICINE','THE OHIO STATE UNIVERSITY','OH','473 WEST 12TH AVENUE, RM 201','HEART & LUNG RESEARCH INSTITUTE','43210',NULL,'COLUMBUS','USA','INTERNAL MEDICINE','THE OHIO STATE UNIVERSITY','OH','473 WEST 12TH AVENUE, RM 430','HEART & LUNG RESEARCH INSTITUT','43210',3),(931,0,'COLUMBUS','USA','','THE OHIO STATE UNIVERSITY','OH','410 12TH AVENUE','CCC-363, RM 301','43210',1,'1648',3,NULL,NULL,NULL,'YIQING',NULL,'XU',NULL,'COLUMBUS','USA','INTERNAL MEDICINE','THE OHIO STATE UNIVERSITY','OH','','','43210',NULL,'','USA','','','','WILL PICK UP','PLEASE CALL 247-6435','',3),(932,0,'COLUMBUS','USA','PATHOLOGY','OHIO STATE UNIVERSITY','OH','401E DOAN HALL','410 WEST 10TH AVE.','43210',1,'1649',3,NULL,NULL,NULL,'WENDY',NULL,'FRANKEL',NULL,'COLUMBUS','USA','PATHOLOGY','THE OHIO STATE UNIVERSITY','OH','401E DOAN HALL','410 WEST 10TH AVE.','43210',NULL,'COLUMBUS','USA','PATHOLOGY','OHIO STATE UNIVERSITY','OH','TISSUE PROCUREMENT SERVICES','320 WEST 10TH AVE.','43210',3),(933,0,'','USA','','','','','','',1,'1650',3,NULL,NULL,NULL,'MARTIN',NULL,'LUBOW',NULL,'COLUMBUS','USA','OPTHALMOLOGY','THE OHIO STATE UNIVERSITY','OH','','','43210',NULL,'','USA','','','','','','',1),(934,0,'COLUMBUS','USA','INTERNAL MEDICINE','THE OHIO STATE UNIVERSITY','OH','473 WEST 12TH AVENUE','ROOM 110R HEART/LUNG BLDG','43210',1,'1652',3,NULL,NULL,NULL,'PHILIP',NULL,'BINKLEY',NULL,'COLUMBUS','USA','INTERNAL MEDICINE','THE OHIO STATE UNIVERSITY','OH','221 MEANS HALL','R1654 UPHAM DRIVE','43210',NULL,'COLUMBUS','USA','INTERNAL MEDICINE','OHIO STATE UNIVERSITY','OH','473 WEST 12TH AVE','ROOM 534 HEART/LUNG BLDG','43210',3),(935,0,'COLUMBUS','USA','OPTHALMOLGY','THE OHIO STATE UNIVERSITY','OH','N252 WISEMAN HALL','400 W. 12TH AVENUE','43210',1,'1653',3,NULL,NULL,NULL,'FREDERICK',NULL,'DAVIDORF',NULL,'COLUMBUS','USA','OPTHALMOLGY','THE OHIO STATE UNIVERSITY','OH','N252 WISEMAN HALL','400 W. 12TH AVENUE','43210',NULL,'COLUMBUS','USA','OPTHALMOLGY','THE OHIO STATE UNIVERSITY','OH','456 W. 10TH AVENUE','ROOM 4724','43210',1),(936,0,'COLUMBUS','USA','OTOLARYNGOLOGY','THE OHIO STATE UNIVERSITY','OH','4114 HOSPITAL CLINIC','456 WEST 10TH AVENUE','43210',1,'1666',3,NULL,NULL,NULL,'BRADLEY',NULL,'WELLING',NULL,'COLUMBUS','USA','OTOLARYNGOLOGY','THE OHIO STATE UNIVERSITY','OH','4100 UNIV. HOSP. CLINIC','456 WEST 10TH AVENUE','43210',NULL,'COLUMBUS','USA','OTOLARYNGOLOGY','THE OHIO STATE UNIVERSITY','OH','ROOM 110 WISEMAN HALL','400 W. 12TH AVENUE','43210',1),(937,0,'COLUMBUS','USA','OFFICE OF CONTRACT DEV & COORD','OSUCCC','OH','ROOM 368','650 ACKERMAN ROAD','43202',1,'1669',3,NULL,NULL,NULL,'KARI',NULL,'KENDRA',NULL,'COLUMBUS','USA','HEMATOLOGY/ONCOLOGY','THE OHIO STATE UNIVERSITY','OH','B415 STARLING LOVING HALL','','43210',NULL,'','USA','','','','STORED IN TP UNTIL MONTHLY','SHIPPING TO SPONSOR','',1),(938,0,'COLUMBUS','USA','MEDICINE','OHIO STATE UNIVERSITY','OH','101 WISEMAN HALL','400 W. 12TH AVE. ROOM 1024','43210',1,'1672',3,NULL,NULL,NULL,'QIQI',NULL,'ZHOU',NULL,'COLUMBUS','USA','MEDICINE','THE OHIO STATE UNIVERSITY','OH','395 WEST 12TH AVE','','43210',NULL,'COLUMBUS','USA','MEDICINE','OHIO STATE UNIVERSITY','OH','101 WISEMAN HALL','400 W. 12TH AVE. ROOM 1024','43210',3),(939,0,'COLUMBUS','USA','BMES','THE OHIO STATE UNIVERSITY','OH','473 W 12TH AVE','DHKRI-535','43210',1,'1673',3,NULL,NULL,NULL,'KEITH',NULL,'GOOCH',NULL,'COLUMBUS','USA','BMES','THE OHIO STATE UNIVERSITY','OH','473 W 12TH AVE','DHKRI-535','43210',NULL,'COLUMBUS','USA','BMES','THE OHIO STATE UNIVERSITY','OH','473 W 12TH AVE','DHKRI-535','43210',1),(940,0,'COLUMBUS','USA','RADIATION ONCOLOGY','THE OHIO STATE UNIVERSITY','OH','410 W 12TH AVE','WISEMAN HALL, ROOM 351','43210',1,'1676',3,NULL,NULL,NULL,'KAMALAKANNAN',NULL,'PALANICHAMY',NULL,'COLUMBUS','USA','RADIATION ONCOLOGY','THE OHIO STATE UNIVERSITY','OH','410 W 12TH AVE','WISEMAN HALL 385E','43210',NULL,'COLUMBUS','USA','RADIATION ONCOLOGY','THE OHIO STATE UNIVERSITY','OH','410 W 12TH AVE','WISEMAN HALL, ROOM 351','43210',1),(941,0,'COLUMBUS','USA','MATERIALS SCIENCE & ENGINEERIN','THE OHIO STATE UNIVERSITY','OH','116 W 19TH AVE','243C FONTANA LABS','43210',1,'1977',3,NULL,NULL,NULL,'HEATHER',NULL,'POWELL',NULL,'COLUMBUS','USA','MATERIALS SCIENCE & ENGINEERIN','THE OHIO STATE UNIVERSITY','OH','116 W 19TH AVE','243C FONTANA LABS','43210',NULL,'COLUMBUS','USA','MATERIALS SCIENCE & ENGINEERIN','THE OHIO STATE UNIVERSITY','OH','116 W 19TH AVE','243C FONTANA LABS','43210',3),(942,0,'COLUMBUS','USA','DHLRI','THE OHIO STATE UNIVERSITY','OH','473 W 12TH AVE','DHLRI 100B','43210',1,'1978',3,NULL,NULL,NULL,'SUBHA',NULL,'RAMAN',NULL,'COLUMBUS','USA','CARDIVASCULAR MEDICINE','THE OHIO STATE UNIVERSITY','OH','473 W 12TH AVE','HLRI 200','43210',NULL,'COLUMBUS','USA','SUBHA RAMAN LAB','THE OHIO STATE UNIVERSITY','OH','460 W 12TH AVE','RM 360','43210',3),(943,0,'COLUMBUS','USA','ANESTHESIOLOGY','THE OHIO STATE UNIVERSITY','OH','N416 DOAN HALL','410 W 19TH AVE','43210',1,'1979',3,NULL,NULL,NULL,'HAMDY',NULL,'HASSANAIN',NULL,'COLUMBUS','USA','ANESTHESIOLOGY','THE OHIO STATE UNIVERSITY','OH','316 BIOMEDICAL RESEARCH TOWER','460 W 12TH AVE','43210',NULL,'COLUMBUS','USA','ANESTHESIOLOGY','THE OHIO STATE UNIVERSITY','OH','316 BIOMEDICAL RESEARCH TOWER','460 W 12TH AVE','43210',3),(944,0,'COLUMBUS','USA','RESEARCH BILLING','DIRECTOR OFFICE OF SPONSORED PROGRAM','OH','1960 KENNY OAD','','43210',1,'1980',3,NULL,NULL,NULL,'BENJAMIN',NULL,'SUN',NULL,'COLUMBUS','USA','CARDIOTHORACIC SURGERY','THE OHIO STATE UNIVERSITY','OH','410 W 10TH AVE','','43210',NULL,'NEW YORK','USA','CENTER FOR ADVANCED LAB MED','NEW YORK PRESBYTARIAN HOSPITAL','NY','3959 BROADWAY, BHN-801C','','10032-3784',3),(945,0,'COLUMBUS','USA','NEUROLOGY','THE OHIO STATE UNIVERSITY MEDICAL CTR','OH','395 W. 12TH AVE','7TH FLOOR','43210',1,'1981',3,NULL,NULL,NULL,'STEPHEN',NULL,'KOLB',NULL,'COLUMBUS','USA','NEUROLOGY','THE OHIO STATE UNIVERSITY','OH','395 W. 12TH AVE','7TH FLOOR','43210',NULL,'','USA','','','','','','',3),(946,0,'COLUMBUS','USA','DEPT OF CHEMISTRY AND BIOCHEM','THE OHIO STATE UNIVERSITY','OH','100 WEST 18TH AVE','','43210',1,'1982',3,NULL,NULL,NULL,'HEATHER',NULL,'ALLEN',NULL,'COLUMBUS','USA','DEPT OF CHEMISTRY AND BIOCHEM','THE OHIO STATE UNIVERSITY','OH','100 WEST 18TH AVE','','43210',NULL,'','USA','','','','','','',1),(947,0,'COLUMBUS','USA','PATHOLOGY','THE OHIO STATE UNIVEISTY','OH','1645 NEIL AVE','RM 129 HAMILTON HALL','43210',1,'1983',3,NULL,NULL,NULL,'DANIEL',NULL,'SEDMAK',NULL,'COLUMBUS','USA','PATHOLOGY','THE OHIO STATE UNIVEISTY','OH','1645 NEIL AVE','RM 129 HAMILTON HALL','43210',NULL,'COLUMBUS','USA','PATHOLOGY','THE OHIO STATE UNIVEISTY','OH','1645 NEIL AVE','RM 129 HAMILTON HALL','43210',1),(948,0,'COLUMBUS','USA','SURGERY','THE OHIO STATE UNVERSITY','OH','473 WEST 12TH AVE','SUITE 511','43210',1,'1984',3,NULL,NULL,NULL,'SASHWATI',NULL,'ROY',NULL,'COLUMBUS','USA','SURGERY','THE OHIO STATE UNVERSITY','OH','473 WEST 12TH AVE','SUITE 511','43210',NULL,'COLUMBUS','USA','SURGERY','THE OHIO STATE UNVERSITY','OH','460 WEST 12TH AVE','BRT- 345','43210',1),(949,0,'COLUMBUS','USA','OFFICE OF CONTRACT DEVELOPMENT','THE OHIO STATE UNIVERSITY','OH','650 ACKERMAN RD','BLDG 1 ROOM 368','43202',1,'1985',3,NULL,NULL,NULL,'EVAN',NULL,'WUTHRICK',NULL,'COLUMBUS','USA','','THE OHIO STATE UNIVERSITY','OH','300 W 10TH AVE','','43210',NULL,'','USA','','','','','','',1),(950,0,'COLUMBUS','USA','','OFFICE OF CONTRACT DEVELOPMENT & COORD','OH','650 ACKERMAN RD','BLDG 1 ROOM 368','43202',1,'1986',3,NULL,NULL,NULL,'ALICIA',NULL,'TERANDO',NULL,'COLUMBUS','USA','','THE OHIO STATE UNIVERSITY WEXNER MEDIC','OH','410 W DOAN HALL','N924 DOAN HALL','43210',NULL,'COLUMBUS','USA','STAGE IV SURGERY STUDY - SPECI','TJOHN WAYNE CANCER INSTITUTE','OH','2200 SANTA MONICA BLVD','ESTELA FAMATIGA','43210',1),(951,0,'COLUMBUS','USA','OFFICE OF CONTRACT DEVELOPMENT','THE OHIO STATE UNIVERSITY','OH','650 ACKERMAN RD','BLDG 1, ROOM 368','43202',1,'1988',3,NULL,NULL,NULL,'RACHEL',NULL,'LAYMAN',NULL,'COLUMBUS','USA','COMPREHENSIVE CANCER CENTER','THE OHIO STATE UNIVERISTY','OH','A440 STARLING LOVING HALL','320 W 10TH AVE','43210',NULL,'LAKE SUCCESS','USA','','BARC, USA','NY','ATTN: DOUG GABEL, LOG. MGR.','5 DELAWARE AVE','11042',1),(952,0,'COLUMBUS','USA','OFFICE OF CD&C','THE OHIO STATE UNIVERSITY','OH','650 ACKERMAN RD','BLDG1, RM 368','43202',1,'1989',3,NULL,NULL,NULL,'ERIN',NULL,'BERTINO',NULL,'COLUMBUS','USA','MEDICAL ONCOLOGY','THE OHIO STATE UNIVERSITY','OH','320 W. 10TH AVE','B450A STARLING LOVING HALL','43210',NULL,'COLUMBUS','USA','MEDICAL ONCOLOGY','THE OHIO STATE UNIVERSITY','OH','320 W. 10TH AVE','B450A STARLING LOVING HALL','43210',1),(953,0,'COLUMBUS','USA','DEPT OF MECHANICAL & AREOSPACE','THE OHIO STATE UNIVERSITY','OH','E503 SCOTT LABORATORY','201 WEST 19TH AVENUE','43210',1,'1990',3,NULL,NULL,NULL,'VISH',NULL,'SUBRAMANIAM',NULL,'COLUMBUS','USA','DEPT OF MECHANICAL & AREOSPACE','THE OHIO STATE UNIVERSITY','OH','E503 SCOTT LABORATORY','201 WEST 19TH AVENUE','43210',NULL,'','USA','','','','','','',1),(954,0,'COLUMBUS','USA','OFFICE OF CONTRACT DEVELOPMENT','THE OHIO STATE UNIVERSITY','OH','650 ACKERMAN RD','BUILDING 1','43202',1,'1991',3,NULL,NULL,NULL,'BO',NULL,'CHAO',NULL,'COLUMBUS','USA','','THE OHIO STATE UNIVERSITY','OH','A440 STARLING LOVING HALL','320 WEST 10TH AVE','43210',NULL,'','USA','','','','','','',1),(955,0,'COLUMBUS','USA','','THE OHIO STATE UNIVERSITY','OH','M410 STARLING LOVING HALL','320 WEST 10TH AVE','43210',1,'1992',3,NULL,NULL,NULL,'DANIEL',NULL,'PREVEDELLO',NULL,'COLUMBUS','USA','NEUROLOGICAL SURGERY','THE OHIO STATE UNIVERSITY','OH','N1047 DOAN HALL','410 WEST 10TH AVE','43210',NULL,'COLUMBUS','USA','OTOLARYNGOLOGY','THE OHIO STATE UNIVERSITY','OH','442 TZAGOURNIS','420 WEST 12THE AVE','43210',1),(956,0,'COLUMBUS','USA','INTERNAL MEDICINE/RHEUMATOLOGY','THE OHIO STATE UNIVERSITY','OH','480 MEDICAL CENTER DR','SUITE 2056','43210',1,'1993',3,NULL,NULL,NULL,'WARL',NULL,'JARJOUR',NULL,'COLUMBUS','USA','INTERNAL MEDICINE/RHEUMATOLOGY','THE OHIO STATE UNIVERSITY','OH','480 MEDICAL CENTER DR','SUITE 2056','43210',NULL,'COLUMBUS','USA','INTERNAL MEDICINE/RHEUMATOLOGY','THE OHIO STATE UNIVERSITY','OH','480 MEDICAL CENTER DR','SUITE 2056','43210',1),(957,0,'COLUMBUS','USA','','THE OHIO STATE UNIVERSITY','OH','M410 STARLING LOVING HALL','320 W 10TH AVE','43210',1,'1994',3,NULL,NULL,NULL,'RUSSELL',NULL,'LONSER',NULL,'COLUMBUS','USA','NEUROLOGICAL SURGERY','THE OHIO STATE UNIVERSITY','OH','N1047 DOAN HALL','410 WEST 10TH AVE','43210',NULL,'COLUMBUS','USA','DEPT OF NEUROLOGICAL SURGERY','THE OHIO STATE UNIVERSITY','OH','385D WISEMAN HALL','400 WEST 12TH AVE','43210',1),(958,0,'COLUMBUS','USA','NEUROLOGY','THE OHIO STATE UNIVERSITY','OH','4TH FLOOR MEANS HALL','','43210',1,'240',3,NULL,NULL,NULL,'JERRY',NULL,'MENDELL',NULL,'COLUMBUS','USA','NEUROLOGY','THE OHIO STATE UNIVERSITY','OH','4TH FLOOR MEANS HALL','','43210',NULL,'COLUMBUS','USA','NEUROMUSCULAR LAB','THE OHIO STATE UNIVERSITY','OH','125 UPHAM HALL','473 WEST 12TH AVENUE','43210',3),(959,0,'COLUMBUS','USA','MEDICAL BIOCHEMISTRY','THE OHIO STATE UNIVERSITY','OH','366 HAMILTON HALL','1645 NEIL AVENUE','43210',1,'600',3,NULL,NULL,NULL,'RUTH',NULL,'ALTSCHULD',NULL,'COLUMBUS','USA','MEDICAL BIOCHEMISTRY','THE OHIO STATE UNIVERSITY','OH','366 HAMILTON HALL','1645 NEIL AVENUE','43210',NULL,'COLUMBUS','USA','MEDICAL BIOCHEMISTRY','THE OHIO STATE UNIVERSITY','OH','366 HAMILTON HALL','1645 NEIL AVENUE','43210',3),(960,0,'COLUMBUS','USA','ANESTHESIOLOGY','THE OHIO STATE UNIVERSITY','OH','TZAGOURNIS MED. RESEARCH FACIL','RM 226, 420 WEST 12TH AVENUE','43210',1,'603',3,NULL,NULL,NULL,'FEDIAS',NULL,'CHRISTOFI',NULL,'COLUMBUS','USA','ANESTHESIOLOGY','THE OHIO STATE UNIVERSITY','OH','TZAGOURNIS MED. RESEARCH FACILITY','RM 226, 420 WEST 12TH AVENUE','43210',NULL,'COLUMBUS','USA','ANESTHESIOLOGY','THE OHIO STATE UNIVERSITY','OH','TZAGOURNIS MED. RESEARCH FACIL','RM 226, 420 WEST 12TH AVENUE','43210',1),(961,0,'COLUMBUS','USA','ORAL BIOLOGY','THE OHIO STATE UNIVERSITY','OH','4195 & 4205 POSTLE HALL','305 WEST 12TH AVENUE','43210',1,'623',3,NULL,NULL,NULL,'PETER',NULL,'REISER',NULL,'COLUMBUS','USA','ORAL BIOLOGY','THE OHIO STATE UNIVERSITY','OH','4195 & 4205 POSTLE HALL','305 WEST 12TH AVENUE','43210',NULL,'COLUMBUS','USA','ORAL BIOLOGY','THE OHIO STATE UNIVERSITY','OH','4195 & 4205 POSTLE HALL','305 WEST 12TH AVENUE','43210',3),(962,0,'COLUMBUS','USA','','THE OHIO STATE UNIVERSITY','OH','N908 DOAN HALL','410 WEST 10TH AVENUE','43210',1,'675',3,NULL,NULL,NULL,'MARK',NULL,'ARNOLD',NULL,'COLUMBUS','USA','SCH. OF PUBLIC HEALTH, SURGERY','THE OHIO STATE UNIVERSITY','OH','N911 DOAN HALL','410 WEST 10TH AVENUE','43210',NULL,'COLUMBUS','USA','SCH. OF PUBLIC HEALTH, SURGERY','THE OHIO STATE UNIVERSITY','OH','N911 DOAN HALL','410 WEST 10TH AVENUE','43210',1),(963,0,'COLUMBUS','USA','DIV. OF SURGICAL ONCOLOGY','OHIO STATE UNIVERSITY','OH','N908 DOAN HALL','410 W.10 TH AVE.','43210',1,'759',3,NULL,NULL,NULL,'MICHAEL',NULL,'WALKER',NULL,'COLUMBUS','USA','DIVISION OF SURGICAL ONCOLOGY','THE OHIO STATE UNIVERSITY','OH','N908 DOAN HALL','410 WEST 10TH AVENUE','43210',NULL,'','USA','','','','','','',3),(964,0,'COLUMBUS','','DIVISION OF PHARMACY PRACTICE','THE OHIO STATE UNIVERSITY','OH','500 W. 12TH AVENUE','','43210-1291',1,'951',3,NULL,NULL,NULL,'PATTY',NULL,'HAVARD',NULL,'COLUMBUS','','DIVISION OF PHARMACY PRACTICE','THE OHIO STATE UNIVERSITY','OH','500 W. 12TH AVENUE','','43210-1291',NULL,'COLUMBUS','','DIVISION OF PHARMACY PRACTICE','THE OHIO STATE UNIVERSITY','OH','500 W. 12TH AVENUE','','43210-1291',3),(965,0,'COLUMBUS','USA','DIVISION OF HEME/ONC','OHIO STATE UNIVERSITY','OH','B406 STARLING LOVING HALL','320 WEST TENTH AVENUE','43210',1,'1070',4,NULL,NULL,NULL,'MIGUEL',NULL,'VILLALONA',NULL,'COLUMBUS','USA','DIVISION OF HEME/ONC','THE OHIO STATE UNIVERSITY','OH','B406 STARLING LOVING HALL','320 WEST TENTH AVENUE','43210',NULL,'COLUMBUS','USA','','OHIO STATE UNIVERSITY','OH','1225 JAMES CANCER CENTER','310 WEST TENTH AVE','43210',1),(966,0,'COLUMBUS','USA','SURGICAL ONCOLOGY','OHIO STATE UNIVERSITY','OH','N924 DOAN HALL','410 WEST 10TH AVE','43210',1,'1113',4,NULL,NULL,NULL,'LISA',NULL,'YEE',NULL,'COLUMBUS','USA','SURGICAL ONCOLOGY','THE OHIO STATE UNIVERSITY','OH','N924 DOAN HALL','410 WEST 10TH AVENUE','43210',NULL,'COLUMBUS','USA','SURGERY','OHIO STATE UNIVERSITY','OH','WISEMAN HALL ROOM 330','400 WEST 12TH AVE','43210',1),(967,0,'COLUMBUS','USA','HEMATOLOGY/ONCOLOGY','THE OHIO STATE UNIVERSITY','OH','320 WEST 10TH AVENUE','RM A434 STARLING LOVING HALL','43210',1,'1526',4,NULL,NULL,NULL,'STEVEN',NULL,'CLINTON',NULL,'COLUMBUS','USA','HEMATOLOGY ONCOLOGY','THE OHIO STATE UNIVERSITY','OH','320 WEST 10TH AVENUE','STARLING LOVING HALL, RM A434','43210',NULL,'','USA','','','','','','',1),(968,0,'COLUMBUS','USA','PHARMACOLOGY','OHIO STATE UNIVERSITY','OH','333 W. 10TH AVENUE','5160 GRAVES HALL','43210',1,'1576',4,NULL,NULL,NULL,'WOLFGANG',NULL,'SADEE',NULL,'COLUMBUS','USA','PHARMACOLOGY','THE OHIO STATE UNIVERSITY','OH','333 WEST 10TH AVENUE','5078 GRAVES HALL','43210',NULL,'COLUMBUS','USA','PHARMACOLOGY','OHIO STATE UNIVERSITY','OH','333 W. 10TH AVENUE','5160 GRAVES HALL','43210',1),(969,0,'COLUMBUS','USA','INTERNAL MEDICINE','OHIO STATE UNIVERSITY','OH','1226 JAMES CANCER HOSPITAL','300 WEST 10TH AVE.','43210',1,'1642',4,NULL,NULL,NULL,'GREG',NULL,'OTTERSON',NULL,'COLUMBUS','USA','INTERNAL MEDICINE','THE OHIO STATE UNIVERSITY','OH','B415 STARLING LOVING HALL','320 WEST 10TH AVE.','43210',NULL,'COLUMBUS','USA','INTERNAL MEDICINE','OHIO STATE UNIVERSITY','OH','1226 JAMES CANCER HOSPITAL','300 WEST 10TH AVENUE','43210',1),(970,0,'COLUMBUS','USA','MOLECULAR AND CELLULAR BIOCHEM','THE OHIO STATE UNIVERSITY','OH','319 HAMILTON HALL','1645 NEIL AVENUE','43221',1,'1643',4,NULL,NULL,NULL,'SAMSON',NULL,'JACOB',NULL,'COLUMBUS','USA','MOLECULAR AND CELLULAR BIOCHEM','THE OHIO STATE UNIVERSITY','OH','420 W. 12TH AVE','660 MRF','43210',NULL,'COLUMBUS','USA','MOLECULAR AND CELLULAR BIOCHEM','THE OHIO STATE UNIVERSITY','OH','420 W. 12TH AVE','660 MRF','43210',3),(971,0,'COLUMBUS','USA','HEMATOLOGY ONCOLOGY','THE OHIO STATE UNIVERSITY','OH','320 W.10TH AVE. RM#B324','STARLING LOVING HALL','43210',1,'1644',4,NULL,NULL,NULL,'KRISTIE',NULL,'BLUM',NULL,'COLUMBUS','USA','HEMATOLOGY ONCOLOGY','THE OHIO STATE UNIVERSITY','OH','320 W.10TH AVE. B324','STARLING LOVING HALL','43210',NULL,'COLUMBUS','USA','HEMATOLOGY ONCOLOGY','OHIO STATE UNIVERSITY','OH','320 W.10TH AVE. RM# B350','(CLINICAL TRIAL)','43210',1),(972,0,'COLUMBUS','USA','PATHOLOGY','THE OHIO STATE UNIVERSITY','OH','AIDS & CANCER SPECIMEN RESOURC','320 W. 10TH AVE. RM#352SL','43210',1,'1645',4,NULL,NULL,NULL,'LEONA',2,'AYERS',NULL,'COLUMBUS','USA','PATHOLOGY','THE OHIO STATE UNIVERSITY','OH','AIDS & CANCER SPECIMEN RESOURCE','2001 POLARIS PARKWAY, ROOM 2046','43240',NULL,'COLUMBUS','USA','PATHOLOGY','THE OHIO STATE UNIVERSITY','OH','AIDS & CANCER SPECIMEN RESOURC','2001 POLARIS PARKWAY, ROOM 130','43240',1),(973,0,'COLUMBUS','USA','','THE OHIO STATE UNIVERSITY','OH','1960 KENNY ROAD','OSU RESEARCH FOUNDATION','43210',1,'1646',4,NULL,NULL,NULL,'THOMAS',NULL,'SCHMITTGEN',NULL,'COLUMBUS','USA','PHARMACEUTICS','THE OHIO STATE UNIVERSITY','OH','500 W. 12TH AVENUE','L.M. PARKS HALL, RM 536','43210',NULL,'COLUMBUS','USA','PHARMACEUTICS','THE OHIO STATE UNIVERSITY','OH','500 W. 12TH AVENUE','L.M. PARKS HALL, RM 545','43210',3),(974,0,'COLUMBUS','USA','MEDICINE','THE OHIO STATE UNIVERSITY','OH','1082 BIOMEDICAL RESEARCH TOWER','460 WEST 12TH AVENUE','43210',1,'1649',4,NULL,NULL,NULL,'CARLO',NULL,'CROCE',NULL,'COLUMBUS','USA','MEDICINE','THE OHIO STATE UNIVERSITY','OH','1082 BIOMEDICAL RESEARCH TOWER','460 WEST 12TH AVENUE','43210',NULL,'COLUMBUS','USA','MEDICINE','THE OHIO STATE UNIVERSITY','OH','1086 BIOLOGICAL RESEARCH TOWER','460 WEST 12TH AVENUE','43210',1),(975,0,'COLUMBUS','USA','COMPREHENSIVE CANCER CENTER','OHIO STATE UNIVERSITY','OH','650 ACKERMAN RD','BLDG#1 ROOM 335','43202',1,'1653',4,NULL,NULL,NULL,'PAUL',NULL,'MONK III',NULL,'COLUMBUS','USA','','THE OHIO STATE UNIVERSITY','OH','A-433B STARLING LOVING HALL','320 WEST 10TH AVENUE','43210',NULL,'COLUMBUS','USA','','OHIO STATE UNIVERSITY','OH','A-433B STARLING LOVING HALL','320 WEST 10TH AVENUE','43210',1),(976,0,'COLUMBUS','USA','CCC OFFICE OF CONTRACT DEVELOP','OSU','OH','650 ACKERMAN RD','ROOM 368','43202',1,'1654',4,NULL,NULL,NULL,'BHUVANESWARI',NULL,'RAMASWAMY',NULL,'COLUMBUS','USA','INTERNAL MEDICINE: HEMATOLOGY/','OSU','OH','B401 STARLING LOVING HALL','320 W 10TH AVE','43210',NULL,'COLUMBUS','USA','INTERNAL MEDICINE: HEMATOLOGY/','OSU','OH','B401 STARLING LOVING HALL','320 W 10TH AVE','43210',1),(977,0,'COLUMBUS','USA','OFFICE OF CONTRACT DEVELOPMENT','OHIO STATE UNIVERSITY','OH','650 ACKERMAN RD','BLDG 1, ROOM 368','43202',1,'1655',4,NULL,NULL,NULL,'DAVID',NULL,'COHN',NULL,'COLUMBUS','USA','GYN ONCOLOGY','THE OHIO STATE UNIVERSITY','OH','M210 STARLING LOVING HALL','320 WEST 10TH AVE','43210',NULL,'COLUMBUS','USA','PHARMACOANALYTICAL SHARED RESO','OHIO STATE UNIVERSITY','OH','M210 STARLING LOVING HALL','320 WEST 10TH AVE','43210',1),(978,0,'COLUMBUS','USA','OFFICE OF CONTRACT & COORDINAT','OHIO STATE UNIVERSITY','OH','650 ACKERMAN RD','BLDG 1, ROOM 368','43202',1,'1656',4,NULL,NULL,NULL,'PIERLUIGUI',NULL,'PORCU',NULL,'COLUMBUS','USA','','THE OHIO STATE UNIVERSITY','OH','B320 STARLING LOVEING HALL','320 WEST 10TH AVE','43210',NULL,'COLUMBUS','USA','','OHIO STATE UNIVERSITY','OH','B320 STARLING-LOVING HALL','320 WEST 10TH AVE','43210',1),(979,0,'COLUMBUS','USA','COMPREHENSIVE CANCER CENTER','THE OHIO STATE UNIVERSITY','OH','1230 JAMES CHRI','300 W. 10TH AVE.','43210',1,'1658',4,NULL,NULL,NULL,'WENRUI',NULL,'DUAN',NULL,'COLUMBUS','USA','COMPREHENSIVE CANCER CENTER','THE OHIO STATE UNIVERSITY','OH','1230 JAMES CHRI','300 W. 10TH AVE.','43210',NULL,'COLUMBUS','USA','COMPREHENSIVE CANCER CENTER','THE OHIO STATE UNIVERSITY','OH','1230 JAMES CHRI','300 W. 10TH AVE.','43210',1),(980,0,'COLUMBUS','USA','OTOLARYNGOLOGY','JAMES CANCER HOSPITAL AND RESERCH INST','OH','1248 JAMES CANCER CENTER','300 WEST 10TH AVE.','43210',1,'1662',4,NULL,NULL,NULL,'JAS',NULL,'LANG',NULL,'COLUMBUS','USA','OTOLARYNGOLOGY','THE OHIO STATE UNIVERISTY','OH','1248 JAMES CANCER CENTER','300 WEST 10TH AVE.','43210',NULL,'COLUMBUS','USA','OTOLARYNGOLOGY','JAMES CANCER HOSPITAL AND RESERCH INST','OH','1248 JAMES CANCER CENTER','300 WEST 10TH AVE.','43210',1),(981,0,'COLUMBUS','USA','SURGICAL ONCOLOGY','THE OHIO STATE UNIVERSITY','OH','N924 DOAN HALL','410 W 10TH AVE','43210',1,'1665',4,NULL,NULL,NULL,'MARK',NULL,'BLOOMSTON',NULL,'COLUMBUS','USA','SURGICAL ONCOLOGY','THE OHIO STATE UNIVERSITY','OH','N924 DOAN HALL','410 W 10TH AVE','43210',NULL,'COLUMBUS','USA','SURGICAL ONCOLOGY','THE OHIO STATE UNIVERSITY','OH','936 BRT','460 W 12TH AVE','43210',1),(982,0,'COLUMBUS','USA','CCC ADMINISTRATION','THE OHIO STATE UNIVERSITY','OH','2050 KENNY ROAD','MARTHA MOREHOUSE BLDG. 5TH FLO','43210',1,'1667',4,NULL,NULL,NULL,'AMANDA',NULL,'TOLAND',NULL,'COLUMBUS','USA','MVIMG/INTERNAL MEDICINE','THE OHIO STATE UNIVERSITY','OH','440 TMRF','420 WEST 12TH AVENUE','43210',NULL,'COLUMBUS','USA','MVIMG/INTERNAL MEDICINE','THE OHIO STATE UNIVERSITY','OH','440 TMRF','420 WEST 12TH AVENUE','43210',1),(983,0,'COLUMBUS','USA','COMPREHENSIVE CANCER CENTER','THE OHIO STATE UNIVERSITY','OH','2001 POLARIS PARKWAY','','43240',1,'1668',4,NULL,NULL,NULL,'LI-SHU',NULL,'WANG',NULL,'COLUMBUS','USA','COMPREHENSIVE CANCER CENTER','THE OHIO STATE UNIVERSITY','OH','2001 POLARIS PARKWAY','','43240',NULL,'COLUMBUS','USA','COMPREHENSIVE CANCER CENTER','THE OHIO STATE UNIVERSITY','OH','2001 POLARIS PARKWAY','','43240',3),(984,0,'COLUMBUS','USA','RADIATION ONCOLOGY','THE OHIO STATE UNIVERSITY','OH','410 W 12TH AVE','WISEMAN HALL 385G','43210',1,'1669',4,NULL,NULL,NULL,'TIM',NULL,'LAUTENSCHLAEGER',NULL,'COLUMBUS','USA','RADIATION ONCOLOGY','THE OHIO STATE UNIVERSITY','OH','410 W 12TH AVE','WISEMAN HALL 385G','43210',NULL,'COLUMBUS','USA','RADIATION ONCOLOGY','THE OHIO STATE UNIVERSITY','OH','410 W 12TH AVE','WISEMAN HALL 385G','43210',1),(985,0,'COLUMBUS','USA','','OFFICE OF CONTRACT DEVELOPMENT & COORD','OH','650 ACKERMAN RD','BLDG 1, ROOM 368','',1,'1670',4,NULL,NULL,NULL,'ARNAB',NULL,'CHAKRAVARTI',NULL,'COLUMBUS','USA','','THE OHIO STATE UNIVERSITY','OH','080 JAMES HOSPITAL','300 W 10TH AVE','43210',NULL,'COLUMBUS','USA','','THE OHIO STATE UNIVERSITY','OH','080 JAMES HOSPITAL','300 W 10TH AVE','43210',1),(986,0,'COLUMBUS','USA','SURGICAL ONCOLOGY','OHIO STATE UNIVERSITY','OH','N924 DOAN HALL','410 WEST 10 TH AVE','43210',1,'1671',4,NULL,NULL,NULL,'WILLIAM',NULL,'CARSON, III',NULL,'COLUMBUS','USA','SURGICAL ONCOLOGY','THE OHIO STATE UNIVERSITY','OH','N924 DOAN HALL','410 WEST 10TH AVE','43210',NULL,'COLUMBUS','USA','SURGICAL ONC- CARSON LAB','OHIO STATE UNIVERSITY','OH','324A MEDICAL RESEARCH FACILITY','420 WEST 12TH AVE','43210',1),(987,0,'COLUMBUS','USA','NEUROLOGICAL SURGERY','THE OHIO STATE UNIVERSITY','OH','W 12TH ST','WISEMAN 377','43210',1,'1672',4,NULL,NULL,NULL,'ICHIRO',NULL,'NAKANO',NULL,'COLUMBUS','USA','NEUROLOGICAL SURGERY','THE OHIO STATE UNIVERSITY','OH','W 12TH ST','WISEMAN 385A','43210',NULL,'COLUMBUS','USA','NEUROLOGICAL SURGERY','THE OHIO STATE UNIVERSITY','OH','W 12TH ST','WISEMAN 377','43210',1),(988,0,'COLUMBUS','USA','RADIATION ONCOLOGY','THE OHIO STATE UNIVERSITY','OH','WISEMAN 385','410 W 12TH AVE','43210',1,'1673',4,NULL,NULL,NULL,'CHRISTOPHER',NULL,'PELLOSKI',NULL,'COLUMBUS','USA','RADIATION ONCOLOGY','THE OHIO STATE UNIVERSITY','OH','300 W 10TH AVE','','43210',NULL,'COLUMBUS','USA','RADIATION ONCOLOGY','THE OHIO STATE UNIVERSITY','OH','WISEMAN 351/480','410 W 12TH AVE','43210',3),(989,0,'COLUMBUS','USA','OFFICE OF CONTRACT DEVELOPMENT','THE OHIO STATE UNIVERSITY','OH','650 ACKERMAN RD','BLDG 1, ROOM 368','43202',1,'1674',4,NULL,NULL,NULL,'MAURA',NULL,'GILLISON',NULL,'COLUMBUS','USA','','THE OHIO STATE UNIVERSITY','OH','690 TZAGOURNIS RESEARCH FACILITY','420 WEST 12TH AVE','43210',NULL,'','USA','','','','','','',1),(990,0,'COLUMBUS','USA','ACCOUNTS PAYABLE','THEOHIO STATE UNIVERISTY','OH','1960 KENNY ROAD','','43210',1,'1675',4,NULL,NULL,NULL,'SAID',NULL,'SIF',NULL,'COLUMBUS','USA','MOLECULAR & CELLULAR BIOCHEMIS','THEOHIO STATE UNIVERISTY','OH','1645 NIEL AVENUE','468 HAMILTON HALL','43210',NULL,'COLUMBUS','USA','MOLECULAR & CELLULAR BIOCHEMIS','THEOHIO STATE UNIVERISTY','OH','1645 NIEL AVENUE','468 HAMILTON HALL','43210',1),(991,0,'COLUMBUS','USA','INTERNAL MEDICINE','THE OHIO STATE UNIVERSITY','OH','B405 STARLING LOVING HALL','320 W. 10TH AVENUE','43210',1,'1676',4,NULL,NULL,NULL,'CHARLES',NULL,'SHAPIRO',NULL,'COLUMBUS','USA','INTERNAL MEDICINE','THE OHIO STATE UNIVERSITY','OH','B405 STARLING LOVING HALL','320 W. 10TH AVENUE','43210',NULL,'COLUMBUS','USA','INTERNAL MEDICINE','OHIO STATE UNIVERSITY','OH','B405 STARLING-LOVING HALL','320 W. 10TH AVE.','43210',3),(992,0,'COLUMBUS','USA','ACCOUNTS PAYABLE','CHILDRENS HOSPITAL','OH','','700 CHILDRENS DRIVE','43205',5,'252',4,NULL,NULL,NULL,'LONG-SHENG',NULL,'CHANG',NULL,'COLUMBUS','USA','PEDIATRICS','CHILDRENS HOSPITAL AND OHIO STATE U.','OH','W230','700 CHILDRENS DRIVE','43205',NULL,'COLUMBUS','USA','HEMATOLOGY/ONCOLOGY, PEDIATRIC','WEXNER INSTITUTE','OH','W230/5104, WEXNER INST.','700 CHILDRENS DRIVE','43205',3),(993,0,'COLUMBUS','USA','COMPREHENSIVE CANCER CENTER','THE OHIO STATE UNIVERSITY MEDICAL CENT','OH','BIOMEDICAL RESEARCH TOWER','460 W. 12TH AVE. RM 850','43210',1,'832',4,NULL,NULL,NULL,'ALBERT',NULL,'DE LA CHAPELLE',NULL,'COLUMBUS','USA','COMPREHENSIVE CANCER CENTER','THE OHIO STATE UNIVERSITY','OH','BIOMEDICAL RESEARCH TOWER, RM 850','460 W. 10TH AVE.','43210',NULL,'COLUMBUS','USA','HUMAN CANCER GENETICS','THE OHIO STATE UNIVERSITY MEDICAL CENT','OH','TMRF ROOM 660','420 WEST 12TH AVENUE','43210',1),(994,0,'COLUMBUS','','INTERNAL MEDICINE/HEM/ONC','THE OHIO STATE UNIVERSITY','OH','458A STARLING LOVING HALL','320 W. 10TH AVE.','43210',1,'854',4,NULL,NULL,NULL,'MICHAEL',NULL,'CALIGIURI',NULL,'COLUMBUS','','INTERNAL MEDICINE/HEM/ONC','THE OHIO STATE UNIVERSITY','OH','458A STARLING LOVING HALL','320 W. 10TH AVE.','43210',NULL,'COLUMBUS','','INTERNAL MEDICINE/CCC','THE OHIO STATE UNIVERSITY','OH','ATTN: RONNIE FREUD','2001 POLARIS PARKWAY RM 117','43240',1),(995,0,'COLUMBUS','USA','CCC OFFICE OF CONTRACT DEV.&CO','','OH','512 CAMERA CENTER','2050 KENNY ROAD','43221',1,'1555',5,NULL,NULL,NULL,'TANIOS',NULL,'BEKAII-SAAB',NULL,'COLUMBUS','USA','MEDICINE/ HEMATOLOGY ONCOLOGY','THE OHIO STATE UNIVERSITY','OH','B421 STARLING LOVING HALL','','43210',NULL,'COLUMBUS','USA','MEDICINE/ HEMATOLOGY ONCOLOGY','THE OHIO STATE UNIVERSITY','OH','B421 STARLING LOVING HALL','','43210',1),(996,0,'COLUMBUS','USA','SURGERY','THE OHIO STATE UNIVERSITY','OH','473 WEST 12TH AVENUE','512 DAVIS HEART&LUNG INSTITUTE','43210',1,'1560',5,NULL,NULL,NULL,'CHANDAN',NULL,'SEN',NULL,'COLUMBUS','USA','SURGERY','THE OHIO STATE UNIVERSITY','OH','473 WEST 12TH AVENUE','512 DAVIS HEART&LUNG INSTITUTE','43210',NULL,'COLUMBUS','USA','SURGERY','THE OHIO STATE UNIVERSITY','OH','473 WEST 12TH AVENUE','564 DAVIS HEART&LUNG INSTITUTE','43210',1),(997,0,'COLUMBUS','USA','CONTRACT DEVELOPMENT & COORDIN','THE OHIO STATE UNIVERSITY','OH','650 ACKERMAN RD.','BLDG 1, ROOM 368','43202',1,'1565',5,NULL,NULL,NULL,'REBECCA',NULL,'KLISOVIC',NULL,'COLUMBUS','USA','DEPARTMENT OF MEDICINE','THE OHIO STATE UNIVERSITY','OH','B420 STARLING LOVING HALL','320 WEST 10TH AVENUE','43210',NULL,'COLUMBUS','USA','DEPARTMENT OF MEDICINE','THE OHIO STATE UNIVERSITY','OH','B420 STARLING LOVING HALL','320 WEST 10TH AVENUE','43210',1),(998,0,'COLUMBUS','USA','COMPREHENSIVE CANCER CENTER','THE OHIO STATE UNIVERSITY','OH','650 ACKERMAN RD','BLDG 1 ROOM 335','43202',1,'1567',5,NULL,NULL,NULL,'WILLIAM',NULL,'BLUM',NULL,'COLUMBUS','USA','','THE OHIO STATE UNIVERSITY','OH','B310 STARLING LOVING HALL','320 WEST 10TH AVENUE','43210',NULL,'COLUMBUS','USA','','THE OHIO STATE UNIVERSITY','OH','B310 STARLING LOVING HALL','320 WEST 10TH AVENUE','43210',1),(999,0,'COLUMBUS','USA','OFFICE OF CD & C','OHIO STATE UNIVERSITY','OH','650 ACKERMAN RD','BLDG 1, ROOM 368','43202',1,'1569',5,NULL,NULL,NULL,'JOHN',NULL,'GRECULA',NULL,'COLUMBUS','USA','080 JAMES CANCER HOSPITAL','OHIO STATE UNIVERSITY','OH','300 WEST 10TH AVE','','43210',NULL,'COLUMBUS','USA','080 JAMES CANCER HOSPITAL','OHIO STATE UNIVERSITY','OH','300 WEST 10TH AVE','','43210',1),(1000,0,'COLUMBUS','USA','OFFICE OF CD&C','OSU','OH','650 ACKERMAN RD','BLDG 1, ROOM 368','43202',1,'1570',5,NULL,NULL,NULL,'EWA',NULL,'MROZEK',NULL,'COLUMBUS','USA','','OHIO STATE UNIVERSITY','OH','B424 STARLING LOVING','320 W 10TH AVE','43210',NULL,'COLUMBUS','USA','','OHIO STATE UNIVERSITY','OH','B424 STARLING LOVING','320 W 10TH AVE','43210',3),(1001,0,'COLUMBUS','USA','OFFICE OF CONTRACT DEVELOPMENT','THE OHIO STATE UNIVERSITY','OH','650 ACKERMAN RD','BLDG 1, ROOM 368','43202',1,'1571',5,NULL,NULL,NULL,'SUSAN',NULL,'MOFFATT-BRUCE',NULL,'COLUMBUS','USA','','THE OHIO STATE UNIVERSITY','OH','N839 DOAN HALL','410 W 10TH AVE','43210',NULL,'COLUMBUS','USA','DR. MOFFATT-BRUCES LAB','THE OHIO STATE UNIVERSITY','OH','WISEMAN HALL','ROOM 1023','43210',1),(1002,0,'COLUMBUS','USA','OFFICE OF CD&C','THE OHIO STATE UNIVERSITY','OH','650 ACKERMAN RD','BLDG 1, ROOM 368','43202',1,'1573',5,NULL,NULL,NULL,'THOMAS',NULL,'OLENCKI',NULL,'COLUMBUS','USA','','THE OHIO STATE UNIVERSITY','OH','A433A STARLING LOVING HALL','320 W 10TH AVE','43210',NULL,'LOS ANGELES','USA','ATTN LARA FLORES','GENZYME GENETICS','CA','5300 MCCONNELL AVE','','90066',3),(1003,0,'COLUMBUS','USA','OOCD&C','THE OHIO STATE UNIVERSITY','OH','650 AKERMAN RD','BLDG 1 ROOM 368','43202',1,'1575',5,NULL,NULL,NULL,'CRAIG',NULL,'HOFMEISTER',NULL,'COLUMBUS','USA','','THE OHIO STATE UNIVERSITY','OH','B321 STARLING LOVING HALL','320 W 10TH AVE','43210',NULL,'COLUMBUS','USA','','THE OHIO STATE UNIVERSITY','OH','B321 STARLING LOVING HALL','320 W 10TH AVE','43210',1),(1004,0,'COLUMBUS','USA','OFFICE OF CONTRACT COORDINATIO','','OH','650 ACKERMAN RD','BLDG 1 ROOM 368','43202',1,'1581',5,NULL,NULL,NULL,'ROBERT',NULL,'BAIOCCHI',NULL,'COLUMBUS','USA','','THE OHIO STATE UNIVERISTY','OH','B420 STARLING LOVING HALL','320 WEST 10TH AVE','43210',NULL,'LA JOLLA','USA','DEPT OF PATHOLOGY/BUI LAB','UNIVERSITY OF CALIFORNIA, SAN DIEGO','CA','9500 GILLMAN DRIVE','BSB ROOM 1025','92093',1),(1005,0,'COLUMBUS','USA','ORTHOPAEDICS','THE OHIO STATE UNIVERISTY','OH','456 WEST 10TH AVE','4114 CRAMBLETT HALL','43210',1,'1583',5,NULL,NULL,NULL,'THOMAS',NULL,'SCHARSCHMIDT',NULL,'COLUMBUS','USA','ORTHOPAEDICS','THE OHIO STATE UNIVERISTY','OH','456 WEST 10TH AVE','4114 CRAMBLETT HALL','43210',NULL,'COLUMBUS','USA','ORTHOPAEDICS','THE OHIO STATE UNIVERISTY','OH','456 WEST 10TH AVE','4114 CRAMBLETT HALL','43210',1),(1006,0,'COLUMBUS','USA','OOCD&C','THE OHIO STATE UNIVERSITY','OH','650 ACKERMAN RD','BLDG 1 RM 368','43202',1,'1584',5,NULL,NULL,NULL,'ALISON',NULL,'WALKER',NULL,'COLUMBUS','USA','INTERNAL MEDICINE','THE OHIO STATE UNIVERSITY','OH','B324 STARLING LOVING HALL','320 W 10TH AVE','43210',NULL,'','USA','','','','','','',1),(1007,0,'COLUMBUS','USA','OCDC','THE OHIO STATE UNIVERSITY','OH','650 ACKERMAN RD','ROOM 368','43202',1,'1585',5,NULL,NULL,NULL,'ROBERT',NULL,'WESOLOWSKI',NULL,'','USA','MEDICAL ONCOLOGY','THE OHIO STATE UNIVERSITY','','B401 STARLING LOVING HALL','320 W 10TH AVE','',NULL,'','USA','','','','','','',1),(1008,0,'HILLIARD','USA','GYN ONCOLOGY @ MILL RUN','','OH','3651 RIDGE MILL DR','','43026',1,'1588',5,NULL,NULL,NULL,'RITU',NULL,'SALANI',NULL,'COLUMBUS','USA','GYN ONCOLOGY','THE OHIO STATE UNIVERISTY','OH','M210 STARLING LOVING HALL','','43210',NULL,'HILLIARD','USA','GYN ONCOLOGY @ MILL RUN','','OH','3651 RIDGE MILL DR','','43026',1),(1009,0,'CLEVELAND','USA','CCCC TISSUE PROCUREMENT HISTOL','UNIVERSITY HOSPITAL CASE MEDICAL CENTE','OH','WEARN BUILDING, RM 333 MAILSTO','11100 EUCLID AVE','44106',1,'1589',5,NULL,NULL,NULL,'JAMES',NULL,'ELDER',NULL,'COLUMBUS','USA','NEUROLOGICAL SURGERY','THE OHIO STATE UNIVERSITY','OH','410 W 10TH AVE','N1021 DOAN HALL','43210',NULL,'CLEVELAND','USA','CCCC TISSUE PROCUREMENT HISTOL','UNIVERSITY HOSPITAL CASE MEDICAL CENTE','OH','WEARN BUILDING, RM 333 MAILSTO','11100 EUCLID AVE','44106',1),(1010,0,'COLUMBUS','USA','OFFICE OF CONTRACT DEVELOPMENT','THE OHIO STATE UNIVERSITY','OH','650 ACKERMAN RD','BLDG 1, ROOM 368','43202',1,'1590',5,NULL,NULL,NULL,'RICHARD',NULL,'GOLDBERG',NULL,'COLUMBUS','USA','MEDICAL ONCOLOGY','THE OHIO STATE UNIVERSITY','OH','300 W 10TH AVE','STE 519C','43210',NULL,'','USA','','','','','','',1),(1011,0,'COLUMBUS','USA','MEDICAL ONCOLOGY','THE OHIO STATE UNIVERSITY','OH','320 W 10TH AVE','','43235',1,'1591',5,NULL,NULL,NULL,'ERIN',NULL,'MACRAE',NULL,'COLUMBUS','USA','MEDICAL ONCOLOGY','THE OHIO STATE UNIVERSITY','OH','320 W 10TH AVE','','43235',NULL,'COLUMBUS','USA','MEDICAL ONCOLOGY','THE OHIO STATE UNIVERSITY','OH','320 W 10TH AVE','','43235',1),(1012,0,'COLUMBUS','USA','RADIOLOGY','THE OHIO STATE UNIVERSITY','OH','ROOM 1014, BRT','460 W 12TH AVE','43210',1,'1592',5,NULL,NULL,NULL,'QI-EN',NULL,'WANG',NULL,'COLUMBUS','USA','RADIOLOGY','THE OHIO STATE UNIVERSITY','OH','ROOM 1014, BRT','460 W 12TH AVE','43210',NULL,'COLUMBUS','USA','RADIOLOGY','THE OHIO STATE UNIVERSITY','OH','ROOM 1036, BRT','460 W 12TH AVE','43210',3),(1013,0,'COLUMBUS','USA','ATTN: NANCI EDGINGTON','OSU WMC','OH','420 WEST 12TH AVE','570','43210',1,'1593',5,NULL,NULL,NULL,'JOHN',NULL,'PHAY',NULL,'COLUMBUS','USA','SURGICAL ONCOLOGY','THE OHIO STATE UNIVERSITY','OH','410 W 10TH AVE','N942 DOAN HALL','43210',NULL,'COLUMBUS','USA','ATTN: WEI LI','OSUMC','OH','46 WEST 12TH AVE','8TH FLOOR BIOMEDICAL RESEARCH','43210',1),(1014,0,'COLUMBUS','USA','OOCD&C','THE OHIO STATE UNIVERISTY','OH','650 ACKERMAN RD','BLDG 1 ROOM 368','43202',1,'1594',5,NULL,NULL,NULL,'RAMIRO',NULL,'GARZON',NULL,'COLUMBUS','USA','','THE OHIO STATE UNIVERSITY','OH','1084 BRT','460 WEST 12TH AVENUE','43210',NULL,'','USA','','','','','','',1),(1015,0,'COLUMBUS','USA','SURGERY','THE OHIO STATE UNIVERSITY','OH','473 12TH AVE','DAVIS HEART AND LUNG RM 509','43210',1,'1595',5,NULL,NULL,NULL,'GAYLE',NULL,'GORDILLO',NULL,'COLUMBUS','USA','SURGERY','THE OHIO STATE UNIVERSITY','OH','473 12TH AVE','','43210',NULL,'COLUMBUS','USA','SURGERY','THE OHIO STATE UNIVERSITY','OH','473 12TH AVE','DAVIS HEART AND LUNG RM 545','43210',1),(1016,0,'HILLIARD','USA','GYNECOLOGIC ONCOLOGY','THE OHIO STATE UNIVERSITY','OH','3651 RIDGE MILL DR','','43026',1,'1596',5,NULL,NULL,NULL,'DAVID',NULL,'OMALLEY',NULL,'COLUMBUS','USA','GYNECOLOGIC ONCOLOGY','THE OHIO STATE UNIVERSITY','OH','320 W 10TH AVE','M210 STARLING LOVING','43210',NULL,'CAMBRIDGE','USA','','FOUNDATION MEDICINE','MA','150 2ND STREET','2ND FLOOR','2141',1),(1017,0,'NEW YORK','USA','','','NY','521 W 57TH STREET','SIXTH FLOOR','10019',1,'1606',6,NULL,NULL,NULL,'G1606',NULL,'IMPATH LABS',NULL,'NEW YORK','USA','','IMPATH LABORATORIES','NY','521 W 57TH STREET','SIXTH FLOOR','10019',NULL,'NEW YORK','USA','ACCESSIONING','','NY','521 W 57TH STREET','SIXTH FLOOR','10019',1),(1018,0,'','USA','','','','','','',1,'700',6,NULL,NULL,NULL,'G700',NULL,'BBR',NULL,'COLUMBUS','USA','PATHOLOGY','OSU','OH','POLARIS INNOVATION CENTRE','2001 POLARIS PKWY, 1625','43240',NULL,'','USA','','','','','','',3),(1019,0,'','USA','','','','','','',1,'825',6,NULL,NULL,NULL,'G825',NULL,'BANK(CHTN/CCC)',NULL,'','USA','','THE OHIO STATE UNIVERSITY','','','','',NULL,'','USA','','','','','','',1),(1020,0,'','USA','','','','','','',1,'826',6,NULL,NULL,NULL,'G826',NULL,'BANK(CHTN/CCC)-OLD',NULL,'','USA','','THE OHIO STATE UNIVERSITY','','','','',NULL,'','USA','','','','','','',1),(1021,0,'','USA','','','','','','',1,'998',6,NULL,NULL,NULL,'G998',NULL,'BANK(OSUGYN)',NULL,'COLUMBUS','USA','PATHOLOGY','THE OHIO STATE UNIVERSITY','OH','','','43210',NULL,'','USA','','','','','','',1),(1022,0,'','USA','','','','','','',1,'999',6,NULL,NULL,NULL,'G999',NULL,'BANK(OSUSURGPATH)',NULL,'COLUMBUS','USA','PATHOLOGY','THE OHIO STATE UNIVERSITY','OH','','','43210',NULL,'','USA','','','','','','',1),(1023,0,'','USA','','','','','','',1,'102',7,NULL,NULL,NULL,'WENDY',NULL,'FRANKEL',NULL,'COLUMBUS','USA','PATHOLOGY','THE OHIO STATE UNIVERSITY','OH','401E DOAN HALL','410 WEST 10TH AVE.','43210',NULL,'','USA','','','','','','',1),(1024,0,'COLUMBUS','USA','PATHOLOGY','THE OHIO STATE UNIVERSITY','OH','1645 NEIL AVE.','129 HAMILTON HALL','43210',1,'104',7,NULL,NULL,NULL,'SANFORD',NULL,'BARSKY',NULL,'COLUMBUS','USA','PATHOLOGY','THE OHIO STATE UNIVERSITY','OH','1645 NEIL AVE.','129 HAMILTON HALL','43210',NULL,'COLUMBUS','USA','PATHOLOGY','THE OHIO STATE UNIVERSITY','OH','1645 NEIL AVE.','129 HAMILTON HALL','43210',1),(1025,0,'','USA','','','','','','',1,'105',7,NULL,NULL,NULL,'JOHN',NULL,'ZHAO',NULL,'COLUMBUS','USA','PATHOLOGY','OSU','OH','2001 POLARIS PARKWAY','','43240',NULL,'','USA','','','','','','',1),(1026,0,'','USA','','','','','','',1,'106',7,NULL,NULL,NULL,'WILLIAM',NULL,'MARSH',NULL,'COLUMBUS','USA','PATHOLOGY','OHIO STATE UNIVERSITY','OH','410 W 10TH AVE','E405 DOAN HALL','43210',NULL,'','USA','','','','','','',1),(1027,0,'','USA','','','','','','',1,'107',7,NULL,NULL,NULL,'JIAN-XIN',NULL,'GAO',NULL,'COLUMBUS','USA','PATHOLOGY','THE OHIO STATE UNIVERSITY','OH','129 HAMILTON HALL','1645 NEIL AVENUE','43210',NULL,'','USA','','','','','','',1),(1028,0,'COLUMBUS','USA','PATHOLOGY','OHIO STATE UNIVERSITY','OH','BRT, ROOM 896','460 WEST 12TH AVE','43210',1,'108',7,NULL,NULL,NULL,'GANG',NULL,'HE',NULL,'COLUMBUS','USA','PATHOLOGY','OHIO STATE UNIVERSITY','OH','E401 DOAN HALL','410 WEST 10TH AVE','43210',NULL,'COLUMBUS','USA','PATHOLOGY','OHIO STATE UNIVERSITY','OH','BRT, ROOM 850','460 WEST 12TH AVE','43210',1),(1029,0,'COLUMBUS','USA','PATHOLOGY','THE OHIO STATE UNIVERSITY','OH','1645 NEIL AVE #129','','43210',1,'109',7,NULL,NULL,NULL,'DANIEL',NULL,'SEDMAK',NULL,'COLUMBUS','USA','PATHOLOGY','THE OHIO STATE UNIVERSITY','OH','1645 NEIL AVE #129','','43210',NULL,'COLUMBUS','USA','PATHOLOGY','THE OHIO STATE UNIVERSITY','OH','1645 NEIL AVE #129','','43210',1),(1030,0,'COLUMBUS','USA','PATHOLOGY','THE OHIO STATE UNIVERSITY','OH','473 W 12TH AVE','81','43210',1,'110',7,NULL,NULL,NULL,'CHARLES',NULL,'HITCHCOCK',NULL,'COLUMBUS','USA','PATHOLOGY','THE OHIO STATE UNIVERSITY','OH','473 W 12TH AVE','81','43210',NULL,'COLUMBUS','USA','PATHOLOGY','THE OHIO STATE UNIVERSITY','OH','473 W 12TH AVE','81','43210',1),(1031,0,'','USA','','','','','','',1,'111',7,NULL,NULL,NULL,'GERARD',NULL,'NUOVO',NULL,'COLUMBUS','USA','PATHOLOGY','THE OHIO STATE UNIVERSITY','OH','HEART & LUNG RESEARCH INSTITUTE','473 W 12TH AVE','43210',NULL,'','USA','','','','','','',1),(1032,0,'COLUMBUS','USA','PATHOLOGY','THE OHIO STATE UNIVERSITY','OH','450 W. 10TH AVE','S305E RHOADES HALL','43210',1,'112',7,NULL,NULL,NULL,'ADRIAN',NULL,'SUAREZ',NULL,'COLUMBUS','USA','PATHOLOGY','THE OHIO STATE UNIVERSITY','OH','450 W. 10TH AVE','S305E RHOADES HALL','43210',NULL,'COLUMBUS','USA','PATHOLOGY','THE OHIO STATE UNIVERSITY','OH','450 W. 10TH AVE','S305E RHOADES HALL','43210',1),(1033,0,'COLUMBUS','USA','DEPARTMENT OF PATHOLOGY','THE OHIO STATE UNIVERSITY','OH','410 W 10TH AVE','DOAN HALL RM. E-418B','43210',1,'113',7,NULL,NULL,NULL,'OBIAJULU',NULL,'IWENOFU',NULL,'COLUMBUS','USA','DEPARTMENT OF PATHOLOGY','THE OHIO STATE UNIVERSITY','OH','410 W 10TH AVE','DOAN HALL RM. E-418B','43210',NULL,'COLUMBUS','USA','DEPARTMENT OF PATHOLOGY','THE OHIO STATE UNIVERSITY','OH','410 W 10TH AVE','DOAN HALL RM. E-418B','43210',1),(1035,0,NULL,NULL,NULL,NULL,NULL,NULL,NULL,NULL,NULL,'123457',3,NULL,NULL,2,'TestBType',1,'Lastname',NULL,NULL,NULL,NULL,NULL,NULL,NULL,NULL,NULL,1,NULL,NULL,NULL,NULL,NULL,NULL,NULL,NULL,1),(1036,0,NULL,NULL,NULL,NULL,NULL,NULL,NULL,NULL,NULL,'123458',1,NULL,NULL,1,'Dave',1,'Test',NULL,NULL,NULL,NULL,NULL,NULL,NULL,NULL,NULL,1,NULL,NULL,NULL,NULL,NULL,NULL,NULL,NULL,1);
/*!40000 ALTER TABLE `investigator` ENABLE KEYS */;
UNLOCK TABLES;

--
-- Table structure for table `investigator_chtn_id_prefix`
--

DROP TABLE IF EXISTS `investigator_chtn_id_prefix`;
/*!40101 SET @saved_cs_client     = @@character_set_client */;
/*!40101 SET character_set_client = utf8 */;
CREATE TABLE `investigator_chtn_id_prefix` (
  `id` bigint(20) NOT NULL AUTO_INCREMENT,
  `version` bigint(20) NOT NULL,
  `prefix` varchar(255) NOT NULL,
  PRIMARY KEY (`id`)
) ENGINE=InnoDB AUTO_INCREMENT=8 DEFAULT CHARSET=latin1;
/*!40101 SET character_set_client = @saved_cs_client */;

--
-- Dumping data for table `investigator_chtn_id_prefix`
--

LOCK TABLES `investigator_chtn_id_prefix` WRITE;
/*!40000 ALTER TABLE `investigator_chtn_id_prefix` DISABLE KEYS */;
INSERT INTO `investigator_chtn_id_prefix` VALUES (1,0,'A'),(2,0,'AC'),(3,0,'B'),(4,0,'C'),(5,0,'E'),(6,0,'G'),(7,0,'SP');
/*!40000 ALTER TABLE `investigator_chtn_id_prefix` ENABLE KEYS */;
UNLOCK TABLES;

--
-- Table structure for table `investigator_status`
--

DROP TABLE IF EXISTS `investigator_status`;
/*!40101 SET @saved_cs_client     = @@character_set_client */;
/*!40101 SET character_set_client = utf8 */;
CREATE TABLE `investigator_status` (
  `id` bigint(20) NOT NULL AUTO_INCREMENT,
  `version` bigint(20) NOT NULL,
  `description` varchar(255) NOT NULL,
  PRIMARY KEY (`id`)
) ENGINE=InnoDB AUTO_INCREMENT=6 DEFAULT CHARSET=latin1;
/*!40101 SET character_set_client = @saved_cs_client */;

--
-- Dumping data for table `investigator_status`
--

LOCK TABLES `investigator_status` WRITE;
/*!40000 ALTER TABLE `investigator_status` DISABLE KEYS */;
INSERT INTO `investigator_status` VALUES (1,0,'Active'),(2,0,'Inactive'),(3,0,'On Hold'),(4,0,'Pending'),(5,0,'Withdrawn');
/*!40000 ALTER TABLE `investigator_status` ENABLE KEYS */;
UNLOCK TABLES;

--
-- Table structure for table `invoice`
--

DROP TABLE IF EXISTS `invoice`;
/*!40101 SET @saved_cs_client     = @@character_set_client */;
/*!40101 SET character_set_client = utf8 */;
CREATE TABLE `invoice` (
  `id` bigint(20) NOT NULL AUTO_INCREMENT,
  `version` bigint(20) NOT NULL,
  `amount_paid` decimal(19,2) DEFAULT NULL,
  `attention_to` varchar(255) DEFAULT NULL,
  `billing_status_id` bigint(20) DEFAULT NULL,
  `city` varchar(255) DEFAULT NULL,
  `country` varchar(255) DEFAULT NULL,
  `department` varchar(255) DEFAULT NULL,
  `institution` varchar(255) DEFAULT NULL,
  `investigator_id` bigint(20) NOT NULL,
  `invoice_date` datetime DEFAULT NULL,
  `last_invoice_sent_date` datetime DEFAULT NULL,
  `payment_method_id` bigint(20) DEFAULT NULL,
  `payment_received_by` varchar(255) DEFAULT NULL,
  `payment_received_date` datetime DEFAULT NULL,
  `payment_status_id` bigint(20) DEFAULT NULL,
  `state` varchar(255) DEFAULT NULL,
  `street_address1` varchar(255) DEFAULT NULL,
  `street_address2` varchar(255) DEFAULT NULL,
  `zip_code` varchar(255) DEFAULT NULL,
  PRIMARY KEY (`id`),
  KEY `FK74D6432DD5402B44` (`investigator_id`),
  KEY `FK74D6432DA5B32D24` (`payment_status_id`),
  KEY `FK74D6432D691A97DD` (`payment_method_id`),
  KEY `FK74D6432D5141D40E` (`billing_status_id`),
  CONSTRAINT `FK74D6432D5141D40E` FOREIGN KEY (`billing_status_id`) REFERENCES `invoice_billing_status` (`id`) ON DELETE NO ACTION ON UPDATE NO ACTION,
  CONSTRAINT `FK74D6432D691A97DD` FOREIGN KEY (`payment_method_id`) REFERENCES `payment_method` (`id`) ON DELETE NO ACTION ON UPDATE NO ACTION,
  CONSTRAINT `FK74D6432DA5B32D24` FOREIGN KEY (`payment_status_id`) REFERENCES `invoice_payment_status` (`id`) ON DELETE NO ACTION ON UPDATE NO ACTION,
  CONSTRAINT `FK74D6432DD5402B44` FOREIGN KEY (`investigator_id`) REFERENCES `investigator` (`id`) ON DELETE NO ACTION ON UPDATE NO ACTION
) ENGINE=InnoDB AUTO_INCREMENT=19 DEFAULT CHARSET=latin1;
/*!40101 SET character_set_client = @saved_cs_client */;

--
-- Dumping data for table `invoice`
--

LOCK TABLES `invoice` WRITE;
/*!40000 ALTER TABLE `invoice` DISABLE KEYS */;
INSERT INTO `invoice` VALUES (1,0,NULL,NULL,1,NULL,NULL,NULL,NULL,972,NULL,NULL,NULL,NULL,NULL,NULL,NULL,NULL,NULL,NULL),(2,8,NULL,'LEONA AYERS',2,'COLUMBUS','USA','PATHOLOGY','THE OHIO STATE UNIVERSITY',972,'2014-02-02 00:00:00','2015-03-31 11:45:37',NULL,NULL,NULL,3,'OH','AIDS & CANCER SPECIMEN RESOURC','320 W. 10TH AVE. RM#352SL','43210'),(3,0,NULL,NULL,1,NULL,NULL,NULL,NULL,351,NULL,NULL,NULL,NULL,NULL,NULL,NULL,NULL,NULL,NULL),(4,5,4.00,'STUART AARONSON',2,'NEW YORK','USA','ONCOLOGICAL SCIENCES','MOUNT SINAI SCHOOL OF MEDICINE',351,'2014-02-01 00:00:00','2015-03-09 15:45:54',1,'DGN','2015-03-30 00:00:00',1,'NY','ONE GUSTAV L. LEVY PLACE','BOX 1662','10029'),(5,3,NULL,'STUART AARONSON',2,'NEW YORK','USA','ONCOLOGICAL SCIENCES','MOUNT SINAI SCHOOL OF MEDICINE',351,'2015-12-02 00:00:00','2015-12-02 00:00:00',NULL,NULL,NULL,3,'NY','ONE GUSTAV L. LEVY PLACE','BOX 1662','10029'),(6,2,NULL,'DANIEL BIRMINGHAM',2,'COLUMBUS','USA','INTERNAL MEDICINE','THE OHIO STATE UNIVERSITY',924,'2014-01-31 00:00:00','2014-01-14 00:00:00',NULL,NULL,NULL,3,'OH','N210 MEANS HALL','1654 UPHAM DRIVE','43210'),(7,0,NULL,NULL,1,NULL,NULL,NULL,NULL,351,NULL,NULL,NULL,NULL,NULL,NULL,NULL,NULL,NULL,NULL),(8,0,NULL,NULL,1,NULL,NULL,NULL,NULL,351,NULL,NULL,NULL,NULL,NULL,NULL,NULL,NULL,NULL,NULL),(9,0,NULL,NULL,1,NULL,NULL,NULL,NULL,351,NULL,NULL,NULL,NULL,NULL,NULL,NULL,NULL,NULL,NULL),(10,1,NULL,NULL,1,NULL,NULL,NULL,NULL,351,NULL,NULL,NULL,NULL,NULL,NULL,NULL,NULL,NULL,NULL),(11,5,NULL,NULL,1,NULL,NULL,NULL,NULL,301,NULL,NULL,NULL,NULL,NULL,NULL,NULL,NULL,NULL,NULL),(12,3,32.00,'STUART AARONSON',2,'NEW YORK','USA','ONCOLOGICAL SCIENCES','MOUNT SINAI SCHOOL OF MEDICINE',351,'2014-02-28 00:00:00','2015-03-09 00:00:00',1,'DGN: partial payment test','2015-03-30 00:00:00',2,'NY','ONE GUSTAV L. LEVY PLACE','BOX 1662','10029'),(13,4,NULL,'STUART AARONSON',2,'NEW YORK','USA','ONCOLOGICAL SCIENCES','MOUNT SINAI SCHOOL OF MEDICINE',351,'2014-03-01 00:00:00','2015-03-30 16:32:25',NULL,NULL,NULL,3,'NY','ONE GUSTAV L. LEVY PLACE','BOX 1662','10029'),(14,1,NULL,NULL,1,NULL,NULL,NULL,NULL,351,NULL,NULL,NULL,NULL,NULL,NULL,NULL,NULL,NULL,NULL),(15,2,NULL,'ADEL MIKHAIL',2,'POWELL','USA',NULL,'PHYLOGENY, INC.',766,'2014-02-14 00:00:00','2015-05-12 00:00:00',NULL,NULL,NULL,3,'OH','1476 MANNING PARKWAY',NULL,'43065'),(16,2,NULL,'STUART AARONSON',2,'NEW YORK','USA','ONCOLOGICAL SCIENCES','MOUNT SINAI SCHOOL OF MEDICINE',351,'2015-10-26 00:00:00','2015-10-26 00:00:00',NULL,NULL,NULL,3,'NY','ONE GUSTAV L. LEVY PLACE','BOX 1662','10029'),(17,2,NULL,'STUART AARONSON',2,'NEW YORK','USA','ONCOLOGICAL SCIENCES','MOUNT SINAI SCHOOL OF MEDICINE',351,'2015-11-09 00:00:00','2015-11-09 00:00:00',NULL,NULL,NULL,3,'NY','ONE GUSTAV L. LEVY PLACE','BOX 1662','10029'),(18,0,NULL,NULL,1,NULL,NULL,NULL,NULL,351,NULL,NULL,NULL,NULL,NULL,NULL,NULL,NULL,NULL,NULL);
/*!40000 ALTER TABLE `invoice` ENABLE KEYS */;
UNLOCK TABLES;

--
-- Table structure for table `invoice_billing_status`
--

DROP TABLE IF EXISTS `invoice_billing_status`;
/*!40101 SET @saved_cs_client     = @@character_set_client */;
/*!40101 SET character_set_client = utf8 */;
CREATE TABLE `invoice_billing_status` (
  `id` bigint(20) NOT NULL AUTO_INCREMENT,
  `version` bigint(20) NOT NULL,
  `description` varchar(255) NOT NULL,
  PRIMARY KEY (`id`)
) ENGINE=InnoDB AUTO_INCREMENT=3 DEFAULT CHARSET=latin1;
/*!40101 SET character_set_client = @saved_cs_client */;

--
-- Dumping data for table `invoice_billing_status`
--

LOCK TABLES `invoice_billing_status` WRITE;
/*!40000 ALTER TABLE `invoice_billing_status` DISABLE KEYS */;
INSERT INTO `invoice_billing_status` VALUES (1,0,'Invoice Not Sent'),(2,0,'Invoice Sent');
/*!40000 ALTER TABLE `invoice_billing_status` ENABLE KEYS */;
UNLOCK TABLES;

--
-- Table structure for table `invoice_payment_status`
--

DROP TABLE IF EXISTS `invoice_payment_status`;
/*!40101 SET @saved_cs_client     = @@character_set_client */;
/*!40101 SET character_set_client = utf8 */;
CREATE TABLE `invoice_payment_status` (
  `id` bigint(20) NOT NULL AUTO_INCREMENT,
  `version` bigint(20) NOT NULL,
  `description` varchar(255) NOT NULL,
  PRIMARY KEY (`id`)
) ENGINE=InnoDB AUTO_INCREMENT=4 DEFAULT CHARSET=latin1;
/*!40101 SET character_set_client = @saved_cs_client */;

--
-- Dumping data for table `invoice_payment_status`
--

LOCK TABLES `invoice_payment_status` WRITE;
/*!40000 ALTER TABLE `invoice_payment_status` DISABLE KEYS */;
INSERT INTO `invoice_payment_status` VALUES (1,0,'Full Payment Received'),(2,0,'Partial Payment Received'),(3,0,'Not Received');
/*!40000 ALTER TABLE `invoice_payment_status` ENABLE KEYS */;
UNLOCK TABLES;

--
-- Table structure for table `measurement`
--

DROP TABLE IF EXISTS `measurement`;
/*!40101 SET @saved_cs_client     = @@character_set_client */;
/*!40101 SET character_set_client = utf8 */;
CREATE TABLE `measurement` (
  `id` bigint(20) NOT NULL AUTO_INCREMENT,
  `version` bigint(20) NOT NULL,
  `description` varchar(255) NOT NULL,
  PRIMARY KEY (`id`)
) ENGINE=InnoDB DEFAULT CHARSET=latin1;
/*!40101 SET character_set_client = @saved_cs_client */;

--
-- Dumping data for table `measurement`
--

LOCK TABLES `measurement` WRITE;
/*!40000 ALTER TABLE `measurement` DISABLE KEYS */;
/*!40000 ALTER TABLE `measurement` ENABLE KEYS */;
UNLOCK TABLES;

--
-- Table structure for table `medical_history`
--

DROP TABLE IF EXISTS `medical_history`;
/*!40101 SET @saved_cs_client     = @@character_set_client */;
/*!40101 SET character_set_client = utf8 */;
CREATE TABLE `medical_history` (
  `id` bigint(20) NOT NULL AUTO_INCREMENT,
  `version` bigint(20) NOT NULL,
  `cancer_id` bigint(20) NOT NULL,
  `chart_review_id` bigint(20) NOT NULL,
  `diagnosis_id` bigint(20) NOT NULL,
  `stage` varchar(255) NOT NULL,
  `status_id` bigint(20) NOT NULL,
  PRIMARY KEY (`id`),
  KEY `FK26EB84E66636BA30` (`diagnosis_id`),
  KEY `FK26EB84E6EEE5D9AD` (`chart_review_id`),
  KEY `FK26EB84E673362981` (`status_id`),
  KEY `FK26EB84E6801B4709` (`cancer_id`),
  CONSTRAINT `FK26EB84E66636BA30` FOREIGN KEY (`diagnosis_id`) REFERENCES `diagnosis` (`id`) ON DELETE NO ACTION ON UPDATE NO ACTION,
  CONSTRAINT `FK26EB84E673362981` FOREIGN KEY (`status_id`) REFERENCES `medical_status` (`id`) ON DELETE NO ACTION ON UPDATE NO ACTION,
  CONSTRAINT `FK26EB84E6801B4709` FOREIGN KEY (`cancer_id`) REFERENCES `primary_mets` (`id`) ON DELETE NO ACTION ON UPDATE NO ACTION,
  CONSTRAINT `FK26EB84E6EEE5D9AD` FOREIGN KEY (`chart_review_id`) REFERENCES `chart_review` (`id`) ON DELETE NO ACTION ON UPDATE NO ACTION
) ENGINE=InnoDB DEFAULT CHARSET=latin1;
/*!40101 SET character_set_client = @saved_cs_client */;

--
-- Dumping data for table `medical_history`
--

LOCK TABLES `medical_history` WRITE;
/*!40000 ALTER TABLE `medical_history` DISABLE KEYS */;
/*!40000 ALTER TABLE `medical_history` ENABLE KEYS */;
UNLOCK TABLES;

--
-- Table structure for table `medical_status`
--

DROP TABLE IF EXISTS `medical_status`;
/*!40101 SET @saved_cs_client     = @@character_set_client */;
/*!40101 SET character_set_client = utf8 */;
CREATE TABLE `medical_status` (
  `id` bigint(20) NOT NULL,
  `version` bigint(20) NOT NULL,
  `description` varchar(255) NOT NULL,
  PRIMARY KEY (`id`)
) ENGINE=InnoDB DEFAULT CHARSET=latin1;
/*!40101 SET character_set_client = @saved_cs_client */;

--
-- Dumping data for table `medical_status`
--

LOCK TABLES `medical_status` WRITE;
/*!40000 ALTER TABLE `medical_status` DISABLE KEYS */;
INSERT INTO `medical_status` VALUES (1,0,'New'),(2,0,'Ongoing'),(3,0,'Past'),(4,0,'Unknown');
/*!40000 ALTER TABLE `medical_status` ENABLE KEYS */;
UNLOCK TABLES;

--
-- Table structure for table `medication`
--

DROP TABLE IF EXISTS `medication`;
/*!40101 SET @saved_cs_client     = @@character_set_client */;
/*!40101 SET character_set_client = utf8 */;
CREATE TABLE `medication` (
  `id` bigint(20) NOT NULL AUTO_INCREMENT,
  `version` bigint(20) NOT NULL,
  `chart_review_id` bigint(20) NOT NULL,
  `dose_mg` int(11) NOT NULL,
  `dose_other` varchar(255) NOT NULL,
  `frequency` varchar(255) NOT NULL,
  `medication_name` varchar(255) NOT NULL,
  `status_id` bigint(20) NOT NULL,
  PRIMARY KEY (`id`),
  KEY `FK7725CACFEEE5D9AD` (`chart_review_id`),
  KEY `FK7725CACF73362981` (`status_id`),
  CONSTRAINT `FK7725CACF73362981` FOREIGN KEY (`status_id`) REFERENCES `medical_status` (`id`) ON DELETE NO ACTION ON UPDATE NO ACTION,
  CONSTRAINT `FK7725CACFEEE5D9AD` FOREIGN KEY (`chart_review_id`) REFERENCES `chart_review` (`id`) ON DELETE NO ACTION ON UPDATE NO ACTION
) ENGINE=InnoDB DEFAULT CHARSET=latin1;
/*!40101 SET character_set_client = @saved_cs_client */;

--
-- Dumping data for table `medication`
--

LOCK TABLES `medication` WRITE;
/*!40000 ALTER TABLE `medication` DISABLE KEYS */;
/*!40000 ALTER TABLE `medication` ENABLE KEYS */;
UNLOCK TABLES;

--
-- Table structure for table `mets_to_anatomic_site`
--

DROP TABLE IF EXISTS `mets_to_anatomic_site`;
/*!40101 SET @saved_cs_client     = @@character_set_client */;
/*!40101 SET character_set_client = utf8 */;
CREATE TABLE `mets_to_anatomic_site` (
  `id` bigint(20) NOT NULL AUTO_INCREMENT,
  `version` bigint(20) NOT NULL,
  `description` varchar(255) NOT NULL,
  PRIMARY KEY (`id`)
) ENGINE=InnoDB AUTO_INCREMENT=122 DEFAULT CHARSET=latin1;
/*!40101 SET character_set_client = @saved_cs_client */;

--
-- Dumping data for table `mets_to_anatomic_site`
--

LOCK TABLES `mets_to_anatomic_site` WRITE;
/*!40000 ALTER TABLE `mets_to_anatomic_site` DISABLE KEYS */;
INSERT INTO `mets_to_anatomic_site` VALUES (1,0,'ADIPOSE'),(2,0,'ADRENAL GLAND'),(3,0,'ANUS'),(4,0,'AORTA'),(5,0,'APPENDIX'),(6,0,'ARACHNOIDS'),(7,0,'ARTERY'),(8,0,'ATRIUM (HEART)'),(9,0,'AXILLA'),(10,0,'BASAL GANGLIA'),(11,0,'BILE DUCTS'),(12,0,'BLADDER'),(13,0,'BLOOD'),(14,0,'BONE'),(15,0,'BONE MARROW'),(16,0,'Brain'),(17,0,'BREAST'),(18,0,'BRONCHUS'),(19,0,'CARTILAGE'),(20,0,'CECUM'),(21,0,'CEREBELLUM'),(22,0,'CERVIX UTERI'),(23,0,'CHEST (THORAX)'),(24,0,'CHOROID PLEXUS'),(25,0,'COLON/RECTUM'),(26,0,'Common bile duct'),(27,0,'CONJUNCTIVA'),(28,0,'CORTEX (BRAIN)'),(29,0,'DIAPHRAGM'),(30,0,'DUODENUM'),(31,0,'ENDOMETRIUM'),(32,0,'ESOPHAGUS'),(33,0,'EYEBALL'),(34,0,'FALLOPIAN TUBE'),(35,0,'FORESKIN'),(36,0,'GALLBLADDER'),(37,0,'GINGIVA'),(38,0,'GROIN'),(39,0,'HEAD & NECK/CERVICAL'),(40,0,'HEART'),(41,0,'HEART VALVE'),(42,0,'HYPOTHALAMUS'),(43,0,'ILEUM'),(44,0,'INGUINAL AREA'),(45,0,'JEJUNUM'),(46,0,'JOINT'),(47,0,'KIDNEY'),(48,0,'LACRIMAL GLAND'),(49,0,'LARYNX'),(50,0,'LIP'),(51,0,'LIVER'),(52,0,'LUNG & BRONCHUS'),(53,0,'LYMPH NODE'),(54,0,'MEDIASTINUM'),(55,0,'MEDULLA (BRAIN)'),(56,0,'MENINGES'),(57,0,'MESENTERY'),(58,0,'MUSCLE, SKELETAL'),(59,0,'MUSCLE, SMOOTH'),(60,0,'NASOPHARYNX'),(61,0,'NERVE'),(62,0,'NOSE'),(63,0,'OMENTUM*'),(64,0,'ORAL CAVITY'),(65,0,'ORAL MUCOSA'),(66,0,'ORBIT (EYE)'),(67,0,'OROPHARYNX'),(68,0,'OVARY'),(69,0,'PANCREAS'),(70,0,'PARATHYROID'),(71,0,'PAROTID GLAND'),(72,0,'PATELLA'),(73,0,'PELVIS'),(74,0,'PENIS & SCROTUM'),(75,0,'PERICARDIUM'),(76,0,'PERITONEUM'),(77,0,'PHARYNX'),(78,0,'PINEAL GLAND'),(79,0,'PITUITARY GLAND'),(80,0,'PLACENTA'),(81,0,'PLEURA'),(82,0,'PROSTATE'),(83,0,'RETINA'),(84,0,'RETROPERITONEUM'),(85,0,'RIB'),(86,0,'SACRUM'),(87,0,'SALIVARY GLAND'),(88,0,'SALPINYX (TUBE)'),(89,0,'SEPTUM (NOSE)'),(90,0,'SEROSAL SURFACE'),(91,0,'SINUS'),(92,0,'SKIN'),(93,0,'SMALL BOWEL'),(94,0,'SOFT TISSUE'),(95,0,'SPINAL CORD & P. NERVES'),(96,0,'SPLEEN'),(97,0,'STOMACH'),(98,0,'SYNOVIUM'),(99,0,'TEMPORAL-HIPPOCAMPUS'),(100,0,'TENDON'),(101,0,'TESTIS & EPIDIDYMIS'),(102,0,'THALAMUS'),(103,0,'THYMUS'),(104,0,'THYROID GLAND'),(105,0,'TONGUE'),(106,0,'Tonsil'),(107,0,'TRACHEA'),(108,0,'UMBILICAL CORD'),(109,0,'UNKNOWN'),(110,0,'URETER'),(111,0,'UTERUS CORPUS'),(112,0,'Vagina'),(113,0,'VEIN'),(114,0,'VENA CAVA'),(115,0,'VENTRICLE (BRAIN)'),(116,0,'VULVA'),(117,0,'Labia'),(118,0,'Adenoid'),(119,0,'Face'),(120,0,'CPA'),(121,0,'Cranial Nerves');
/*!40000 ALTER TABLE `mets_to_anatomic_site` ENABLE KEYS */;
UNLOCK TABLES;

--
-- Table structure for table `mod_diagnosis`
--

DROP TABLE IF EXISTS `mod_diagnosis`;
/*!40101 SET @saved_cs_client     = @@character_set_client */;
/*!40101 SET character_set_client = utf8 */;
CREATE TABLE `mod_diagnosis` (
  `id` bigint(20) NOT NULL AUTO_INCREMENT,
  `version` bigint(20) NOT NULL,
  `description` varchar(255) NOT NULL,
  PRIMARY KEY (`id`)
) ENGINE=InnoDB AUTO_INCREMENT=83 DEFAULT CHARSET=latin1;
/*!40101 SET character_set_client = @saved_cs_client */;

--
-- Dumping data for table `mod_diagnosis`
--

LOCK TABLES `mod_diagnosis` WRITE;
/*!40000 ALTER TABLE `mod_diagnosis` DISABLE KEYS */;
INSERT INTO `mod_diagnosis` VALUES (1,0,'ANTERIOR'),(2,0,'ARISING IN POLYP'),(3,0,'arising KSHV MCD'),(4,0,'arising pleomorphic adenoma'),(5,0,'ATROPHY'),(6,0,'ATYPICAL TYPE'),(7,0,'AUTOLYSIS, SIG'),(8,0,'BACTERIAL'),(9,0,'BIPHASIC'),(10,0,'CANDIDA'),(11,0,'COMPOSITE TYPE'),(12,0,'CONGESTED'),(13,0,'DEDIFFERENTIATED TYPE'),(14,0,'DIFFERENTIATED'),(15,0,'DIFFUSE'),(16,0,'EBV T-cell lymphoproliferative disease of childhood'),(17,0,'EMBRYONAL TYPE'),(18,0,'END STAGE DZ'),(19,0,'EPITHELOID'),(20,0,'EPITHELOID CELL TYPE'),(21,0,'EXTRAMAMMARY'),(22,0,'FUNGAL'),(23,0,'GIANT CELL TYPE'),(24,0,'GLANDULAR DIFFERENTIATION'),(25,0,'Grade I (low)'),(26,0,'Grade II (intermediate)'),(27,0,'Grade III (high)'),(28,0,'HIGH GRADE'),(29,0,'HIV'),(30,0,'HYALINE'),(31,0,'IMMATURE'),(32,0,'IN SITU'),(33,0,'in situ in tubulovillous adenoma'),(34,0,'in situ with microinvasion'),(35,0,'INTERSTITIAL'),(36,0,'INVASIVE'),(37,0,'LATERAL'),(38,0,'LEFT'),(39,0,'LOCALIZED'),(40,0,'LOW GRADE'),(41,0,'MAMMARY'),(42,0,'MATURE'),(43,0,'MEDIUM GRADE'),(44,0,'MIXED TYPE'),(45,0,'MOD DIFFERENTIATED'),(46,0,'MONOPHASIC'),(47,0,'MYXOID TYPE'),(48,0,'NECROSIS, SIGNIFICANT'),(49,0,'NOS'),(50,0,'PanIN, high grade'),(51,0,'PanIN, low grade'),(52,0,'PARASITIC'),(53,0,'PATCH'),(54,0,'PLAQUE'),(55,0,'PLEOMORPHIC TYPE'),(56,0,'POORLY DIFFERENTIATED'),(57,0,'POSTERIOR'),(58,0,'REJECTION'),(59,0,'RIGHT'),(60,0,'ROUND CELL TYPE'),(61,0,'Sezary syndrome'),(62,0,'SOLITARY OF BONE'),(63,0,'SPINDLE CELL'),(64,0,'squamous differentiation'),(65,0,'SQUAMOUS METAPLASIA'),(66,0,'SUPERFICIAL SPREADING'),(67,0,'TELANGIECTATIC TYPE'),(68,0,'TUMOR'),(69,0,'UNDIFFERENTIATED'),(70,0,'UNKNOWN PRIMARY'),(71,0,'VIRUS'),(72,0,'WELL DIFFERENTIATED'),(73,0,'WHO grade I'),(74,0,'WHO grade II'),(75,0,'WHO grade III'),(76,0,'WHO grade IV'),(77,0,'Anaplastic TYPE'),(78,0,'GOBLET CELL TYPE'),(79,0,'BRAC+'),(80,0,'Total'),(81,0,'Hemi'),(82,0,'Partial');
/*!40000 ALTER TABLE `mod_diagnosis` ENABLE KEYS */;
UNLOCK TABLES;

--
-- Table structure for table `molecular_status_er`
--

DROP TABLE IF EXISTS `molecular_status_er`;
/*!40101 SET @saved_cs_client     = @@character_set_client */;
/*!40101 SET character_set_client = utf8 */;
CREATE TABLE `molecular_status_er` (
  `id` bigint(20) NOT NULL AUTO_INCREMENT,
  `version` bigint(20) NOT NULL,
  `description` varchar(255) NOT NULL,
  PRIMARY KEY (`id`)
) ENGINE=InnoDB AUTO_INCREMENT=3 DEFAULT CHARSET=latin1;
/*!40101 SET character_set_client = @saved_cs_client */;

--
-- Dumping data for table `molecular_status_er`
--

LOCK TABLES `molecular_status_er` WRITE;
/*!40000 ALTER TABLE `molecular_status_er` DISABLE KEYS */;
INSERT INTO `molecular_status_er` VALUES (1,0,'ER Positive'),(2,0,'ER Negative');
/*!40000 ALTER TABLE `molecular_status_er` ENABLE KEYS */;
UNLOCK TABLES;

--
-- Table structure for table `molecular_status_her2`
--

DROP TABLE IF EXISTS `molecular_status_her2`;
/*!40101 SET @saved_cs_client     = @@character_set_client */;
/*!40101 SET character_set_client = utf8 */;
CREATE TABLE `molecular_status_her2` (
  `id` bigint(20) NOT NULL AUTO_INCREMENT,
  `version` bigint(20) NOT NULL,
  `description` varchar(255) NOT NULL,
  PRIMARY KEY (`id`)
) ENGINE=InnoDB AUTO_INCREMENT=3 DEFAULT CHARSET=latin1;
/*!40101 SET character_set_client = @saved_cs_client */;

--
-- Dumping data for table `molecular_status_her2`
--

LOCK TABLES `molecular_status_her2` WRITE;
/*!40000 ALTER TABLE `molecular_status_her2` DISABLE KEYS */;
INSERT INTO `molecular_status_her2` VALUES (1,0,'Her2 Positive'),(2,0,'Her2 Negative');
/*!40000 ALTER TABLE `molecular_status_her2` ENABLE KEYS */;
UNLOCK TABLES;

--
-- Table structure for table `molecular_status_pr`
--

DROP TABLE IF EXISTS `molecular_status_pr`;
/*!40101 SET @saved_cs_client     = @@character_set_client */;
/*!40101 SET character_set_client = utf8 */;
CREATE TABLE `molecular_status_pr` (
  `id` bigint(20) NOT NULL AUTO_INCREMENT,
  `version` bigint(20) NOT NULL,
  `description` varchar(255) NOT NULL,
  PRIMARY KEY (`id`)
) ENGINE=InnoDB AUTO_INCREMENT=3 DEFAULT CHARSET=latin1;
/*!40101 SET character_set_client = @saved_cs_client */;

--
-- Dumping data for table `molecular_status_pr`
--

LOCK TABLES `molecular_status_pr` WRITE;
/*!40000 ALTER TABLE `molecular_status_pr` DISABLE KEYS */;
INSERT INTO `molecular_status_pr` VALUES (1,0,'PR Positive'),(2,0,'PR Negative');
/*!40000 ALTER TABLE `molecular_status_pr` ENABLE KEYS */;
UNLOCK TABLES;

--
-- Table structure for table `origin`
--

DROP TABLE IF EXISTS `origin`;
/*!40101 SET @saved_cs_client     = @@character_set_client */;
/*!40101 SET character_set_client = utf8 */;
CREATE TABLE `origin` (
  `id` bigint(20) NOT NULL AUTO_INCREMENT,
  `version` bigint(20) NOT NULL,
  `description` varchar(255) NOT NULL,
  PRIMARY KEY (`id`)
) ENGINE=InnoDB AUTO_INCREMENT=7 DEFAULT CHARSET=latin1;
/*!40101 SET character_set_client = @saved_cs_client */;

--
-- Dumping data for table `origin`
--

LOCK TABLES `origin` WRITE;
/*!40000 ALTER TABLE `origin` DISABLE KEYS */;
INSERT INTO `origin` VALUES (1,0,'Tissue Procurement'),(2,0,'Pathologist Assistant'),(3,0,'Frozen Section'),(4,0,'TP + PA'),(5,0,'PA - No Tissue Taken'),(6,0,'Not Applicable');
/*!40000 ALTER TABLE `origin` ENABLE KEYS */;
UNLOCK TABLES;

--
-- Table structure for table `patient`
--

DROP TABLE IF EXISTS `patient`;
/*!40101 SET @saved_cs_client     = @@character_set_client */;
/*!40101 SET character_set_client = utf8 */;
CREATE TABLE `patient` (
  `id` bigint(20) NOT NULL AUTO_INCREMENT,
  `version` bigint(20) NOT NULL,
  `date_of_birth` datetime DEFAULT NULL,
  `first_name` varchar(255) DEFAULT NULL,
  `gender_id` bigint(20) DEFAULT NULL,
  `last_name` varchar(255) NOT NULL,
  `middle_initial` varchar(255) DEFAULT NULL,
  `mrn` varchar(255) NOT NULL,
  `origin_institution_id` bigint(20) DEFAULT NULL,
  `race_id` bigint(20) DEFAULT NULL,
  PRIMARY KEY (`id`),
  UNIQUE KEY `UQ__patient__DF50E79210356FFF` (`mrn`),
  KEY `FKD0D3EB058A3E1BC4` (`gender_id`),
  KEY `FKD0D3EB05CEDE9189` (`origin_institution_id`),
  KEY `FKD0D3EB05B309C444` (`race_id`),
  CONSTRAINT `FKD0D3EB058A3E1BC4` FOREIGN KEY (`gender_id`) REFERENCES `gender` (`id`) ON DELETE NO ACTION ON UPDATE NO ACTION,
  CONSTRAINT `FKD0D3EB05B309C444` FOREIGN KEY (`race_id`) REFERENCES `race` (`id`) ON DELETE NO ACTION ON UPDATE NO ACTION,
  CONSTRAINT `FKD0D3EB05CEDE9189` FOREIGN KEY (`origin_institution_id`) REFERENCES `institution` (`id`) ON DELETE NO ACTION ON UPDATE NO ACTION
) ENGINE=InnoDB AUTO_INCREMENT=39 DEFAULT CHARSET=latin1;
/*!40101 SET character_set_client = @saved_cs_client */;

--
-- Dumping data for table `patient`
--

LOCK TABLES `patient` WRITE;
/*!40000 ALTER TABLE `patient` DISABLE KEYS */;
INSERT INTO `patient` VALUES (1,0,NULL,NULL,2,'123456789',NULL,'123456789',1,5),(2,0,NULL,'testFName',2,'TestLName',NULL,'111111111',1,5),(3,0,NULL,NULL,3,'DGNtest',NULL,'555555555',1,7),(4,0,NULL,NULL,3,'DGNTest2',NULL,'123456788',1,7),(5,0,NULL,NULL,NULL,'Doe',NULL,'222222222',2,NULL),(6,0,NULL,NULL,NULL,'Doe',NULL,'333333333',1,NULL),(7,0,NULL,'Donald',1,'Henry','F','980294538',1,5),(8,0,NULL,NULL,NULL,'Jones',NULL,'900112233',1,NULL),(9,0,NULL,NULL,NULL,'Jones',NULL,'900112234',1,NULL),(10,0,NULL,NULL,NULL,'lastname',NULL,'015900320',1,NULL),(11,0,NULL,'jane',2,'doe',NULL,'411003300',3,5),(12,0,NULL,'Debbie',2,'Smith',NULL,'900011233',1,5),(13,0,NULL,'Mike',NULL,'Jones',NULL,'900112244',1,NULL),(14,0,NULL,'DEBBIE',2,'SMITH','L','900121212',1,5),(15,0,NULL,NULL,NULL,'JONES',NULL,'900121414',1,NULL),(16,0,NULL,'Jane',2,'Doe',NULL,'414046700',3,5),(18,0,'1950-06-19 00:00:00','John',1,'Doe',NULL,'123456778',1,7),(19,0,'1950-06-19 00:00:00','John',1,'Doe',NULL,'123456779',1,7),(20,0,NULL,NULL,NULL,'last',NULL,'888779988',1,NULL),(21,0,NULL,NULL,NULL,'Doe',NULL,'987654333',1,NULL),(22,0,NULL,NULL,NULL,'Doe',NULL,'112223456',1,NULL),(23,0,NULL,NULL,NULL,'Doe',NULL,'987654321',1,NULL),(24,0,NULL,NULL,NULL,'doe',NULL,'999999999',1,NULL),(25,0,NULL,NULL,NULL,'',NULL,'789485692',1,NULL),(26,0,NULL,NULL,NULL,'smith',NULL,'666666666',1,NULL),(27,0,NULL,NULL,NULL,'jones',NULL,'555555554',1,NULL),(28,0,NULL,NULL,NULL,'doe',NULL,'444444444',1,NULL),(29,0,NULL,'Dave',1,'Nohle',NULL,'123456666',1,6),(30,0,NULL,'FirstForReassign',1,'LastForReassign',NULL,'111111100',1,1),(31,0,NULL,NULL,NULL,'TesLast',NULL,'455555555',1,NULL),(33,0,'2015-04-16 00:00:00','TestCWRUfirst',1,'TestCWRUlast',NULL,'111111112',3,1),(34,0,NULL,NULL,2,'Doe',NULL,'183060098',2,NULL),(35,0,NULL,NULL,NULL,'Doe',NULL,'314100100',2,NULL),(36,1,NULL,'nowOSU',NULL,'Doe',NULL,'111111113',1,NULL),(37,0,NULL,NULL,NULL,'DOE',NULL,'111111114',1,NULL),(38,0,NULL,NULL,NULL,'Doe',NULL,'111111115',2,NULL);
/*!40000 ALTER TABLE `patient` ENABLE KEYS */;
UNLOCK TABLES;

--
-- Table structure for table `payment_method`
--

DROP TABLE IF EXISTS `payment_method`;
/*!40101 SET @saved_cs_client     = @@character_set_client */;
/*!40101 SET character_set_client = utf8 */;
CREATE TABLE `payment_method` (
  `id` bigint(20) NOT NULL AUTO_INCREMENT,
  `version` bigint(20) NOT NULL,
  `description` varchar(255) NOT NULL,
  PRIMARY KEY (`id`)
) ENGINE=InnoDB AUTO_INCREMENT=3 DEFAULT CHARSET=latin1;
/*!40101 SET character_set_client = @saved_cs_client */;

--
-- Dumping data for table `payment_method`
--

LOCK TABLES `payment_method` WRITE;
/*!40000 ALTER TABLE `payment_method` DISABLE KEYS */;
INSERT INTO `payment_method` VALUES (1,0,'Check'),(2,0,'Credit Card');
/*!40000 ALTER TABLE `payment_method` ENABLE KEYS */;
UNLOCK TABLES;

--
-- Table structure for table `preparation_media`
--

DROP TABLE IF EXISTS `preparation_media`;
/*!40101 SET @saved_cs_client     = @@character_set_client */;
/*!40101 SET character_set_client = utf8 */;
CREATE TABLE `preparation_media` (
  `id` bigint(20) NOT NULL AUTO_INCREMENT,
  `version` bigint(20) NOT NULL,
  `description` varchar(255) NOT NULL,
  PRIMARY KEY (`id`)
) ENGINE=InnoDB AUTO_INCREMENT=26 DEFAULT CHARSET=latin1;
/*!40101 SET character_set_client = @saved_cs_client */;

--
-- Dumping data for table `preparation_media`
--

LOCK TABLES `preparation_media` WRITE;
/*!40000 ALTER TABLE `preparation_media` DISABLE KEYS */;
INSERT INTO `preparation_media` VALUES (1,0,'-20'),(2,0,'-80'),(3,0,'DMEM'),(4,0,'H&E Slide(s)'),(5,0,'Isopentane'),(6,0,'LN2 Immersed'),(7,0,'LN2 Vapor Phase'),(8,0,'OCT'),(9,0,'Floating in Neutral Buffered Formalin'),(10,0,'Other'),(11,0,'RPMI 1640'),(12,0,'Saline'),(13,0,'Touch Imprint Slide(s)'),(14,0,'Unstained Slide(s)'),(15,0,'Investigator Supplied'),(16,0,'RNA Later'),(17,0,'Dry Ice'),(18,0,'Dry on Wet Ice'),(19,0,'PBS'),(20,0,'Scrolls'),(21,0,'Paraffin Block (NBF)'),(22,0,'RPMI with All'),(23,0,'RPMI with Supps'),(24,0,'MEM with All'),(25,0,'MEM with Supps');
/*!40000 ALTER TABLE `preparation_media` ENABLE KEYS */;
UNLOCK TABLES;

--
-- Table structure for table `preparation_type`
--

DROP TABLE IF EXISTS `preparation_type`;
/*!40101 SET @saved_cs_client     = @@character_set_client */;
/*!40101 SET character_set_client = utf8 */;
CREATE TABLE `preparation_type` (
  `id` bigint(20) NOT NULL AUTO_INCREMENT,
  `version` bigint(20) NOT NULL,
  `description` varchar(255) NOT NULL,
  PRIMARY KEY (`id`)
) ENGINE=InnoDB AUTO_INCREMENT=4 DEFAULT CHARSET=latin1;
/*!40101 SET character_set_client = @saved_cs_client */;

--
-- Dumping data for table `preparation_type`
--

LOCK TABLES `preparation_type` WRITE;
/*!40000 ALTER TABLE `preparation_type` DISABLE KEYS */;
INSERT INTO `preparation_type` VALUES (1,0,'Fixed'),(2,0,'Fresh'),(3,0,'Frozen');
/*!40000 ALTER TABLE `preparation_type` ENABLE KEYS */;
UNLOCK TABLES;

--
-- Table structure for table `price`
--

DROP TABLE IF EXISTS `price`;
/*!40101 SET @saved_cs_client     = @@character_set_client */;
/*!40101 SET character_set_client = utf8 */;
CREATE TABLE `price` (
  `id` bigint(20) NOT NULL AUTO_INCREMENT,
  `version` bigint(20) NOT NULL,
  `date_created` datetime NOT NULL,
  `display` bit(1) NOT NULL,
  `last_updated` datetime NOT NULL,
  `name` varchar(255) DEFAULT NULL,
  `price` decimal(19,2) NOT NULL,
  PRIMARY KEY (`id`)
) ENGINE=InnoDB AUTO_INCREMENT=24 DEFAULT CHARSET=latin1;
/*!40101 SET character_set_client = @saved_cs_client */;

--
-- Dumping data for table `price`
--

LOCK TABLES `price` WRITE;
/*!40000 ALTER TABLE `price` DISABLE KEYS */;
INSERT INTO `price` VALUES (1,0,'2015-08-10 15:37:54','','2015-08-10 15:37:54','CHTN',0.00),(2,1,'2015-08-10 15:37:54','\0','2015-08-10 15:41:50','CHTN',4.00),(3,0,'2015-08-10 15:37:54','','2015-08-10 15:37:54','CHTN',4.50),(4,0,'2015-08-10 15:37:54','','2015-08-10 15:37:54','CHTN',5.00),(5,0,'2015-08-10 15:37:54','','2015-08-10 15:37:54','CHTN',6.00),(6,0,'2015-08-10 15:37:54','','2015-08-10 15:37:54','CHTN',7.00),(7,0,'2015-08-10 15:37:54','','2015-08-10 15:37:54','CHTN',8.00),(8,0,'2015-08-10 15:37:54','','2015-08-10 15:37:54','CHTN',8.50),(9,0,'2015-08-10 15:37:54','','2015-08-10 15:37:54','CHTN',12.00),(10,0,'2015-08-10 15:37:54','','2015-08-10 15:37:54','CHTN',14.00),(11,0,'2015-08-10 15:37:54','','2015-08-10 15:37:54','CHTN',16.00),(12,0,'2015-08-10 15:37:54','','2015-08-10 15:37:54','CHTN',18.00),(13,0,'2015-08-10 15:37:54','','2015-08-10 15:37:54','CHTN',20.00),(14,0,'2015-08-10 15:37:54','','2015-08-10 15:37:54','CHTN',25.00),(15,0,'2015-08-10 15:37:55','','2015-08-10 15:37:55','CHTN',27.10),(16,0,'2015-08-10 15:37:55','','2015-08-10 15:37:55','CHTN',33.14),(17,0,'2015-08-10 15:37:55','','2015-08-10 15:37:55','CHTN',40.00),(18,0,'2015-08-10 15:37:55','','2015-08-10 15:37:55','CHTN',50.00),(19,0,'2015-08-10 15:37:55','','2015-08-10 15:37:55','CHTN',75.00),(20,0,'2015-08-10 15:37:55','','2015-08-10 15:37:55','CHTN',98.52),(21,0,'2015-08-10 15:37:55','','2015-08-10 15:37:55','CHTN',100.00),(22,0,'2015-08-10 15:37:55','','2015-08-10 15:37:55','CHTN',150.00),(23,0,'2015-08-10 15:42:20','','2015-08-10 15:42:20','Mark\'s Price',125.00);
/*!40000 ALTER TABLE `price` ENABLE KEYS */;
UNLOCK TABLES;

--
-- Table structure for table `primary_mets`
--

DROP TABLE IF EXISTS `primary_mets`;
/*!40101 SET @saved_cs_client     = @@character_set_client */;
/*!40101 SET character_set_client = utf8 */;
CREATE TABLE `primary_mets` (
  `id` bigint(20) NOT NULL AUTO_INCREMENT,
  `version` bigint(20) NOT NULL,
  `description` varchar(255) NOT NULL,
  PRIMARY KEY (`id`)
) ENGINE=InnoDB AUTO_INCREMENT=3 DEFAULT CHARSET=latin1;
/*!40101 SET character_set_client = @saved_cs_client */;

--
-- Dumping data for table `primary_mets`
--

LOCK TABLES `primary_mets` WRITE;
/*!40000 ALTER TABLE `primary_mets` DISABLE KEYS */;
INSERT INTO `primary_mets` VALUES (1,0,'Primary'),(2,0,'Metastatic');
/*!40000 ALTER TABLE `primary_mets` ENABLE KEYS */;
UNLOCK TABLES;

--
-- Table structure for table `procedure_name`
--

DROP TABLE IF EXISTS `procedure_name`;
/*!40101 SET @saved_cs_client     = @@character_set_client */;
/*!40101 SET character_set_client = utf8 */;
CREATE TABLE `procedure_name` (
  `id` bigint(20) NOT NULL AUTO_INCREMENT,
  `version` bigint(20) NOT NULL,
  `description` varchar(255) NOT NULL,
  PRIMARY KEY (`id`)
) ENGINE=InnoDB AUTO_INCREMENT=119 DEFAULT CHARSET=latin1;
/*!40101 SET character_set_client = @saved_cs_client */;

--
-- Dumping data for table `procedure_name`
--

LOCK TABLES `procedure_name` WRITE;
/*!40000 ALTER TABLE `procedure_name` DISABLE KEYS */;
INSERT INTO `procedure_name` VALUES (1,0,'Adrenalectomy'),(2,0,'AKA'),(3,0,'Amputation'),(4,0,'Apheresis'),(5,0,'Appendectomy'),(6,0,'Arm Disarticulation'),(7,0,'Auriculectomy'),(8,0,'Autopsy'),(9,0,'Biopsy'),(10,0,'Birth'),(11,0,'BKA'),(12,0,'Bone Marrow Bx'),(13,0,'Bowel Resection'),(14,0,'Brachioplasty'),(15,0,'Breast Exc Bx'),(16,0,'Breast Reduction'),(17,0,'Bronchoscopy'),(18,0,'BSO'),(19,0,'Buccal Excision'),(20,0,'CEA'),(21,0,'Chest Wall Resection'),(22,0,'Cholecystectomy'),(23,0,'Colectomy'),(24,0,'Colon Bx'),(25,0,'Colonoscopy'),(26,0,'CPA Exc'),(27,0,'Craniotomy'),(28,0,'C-Section'),(29,0,'CT Guided Bx'),(30,0,'Cystectomy'),(31,0,'Cystoprostatectomy'),(32,0,'Cytoreduction'),(33,0,'EGD'),(34,0,'Endarterectomy'),(35,0,'Esophageal Biopsy'),(36,0,'Esophagectomy'),(37,0,'Esophagogastrectomy'),(38,0,'Exc of Mass'),(39,0,'Exp Lap'),(40,0,'Facial Resection'),(41,0,'Gastrectomy'),(42,0,'Glossectomy'),(43,0,'Groin Dissection'),(44,0,'Heart TX'),(45,0,'Hemipelvectomy'),(46,0,'Hepatic Resection'),(47,0,'Hip Disarticulation'),(48,0,'L.N. Excision'),(49,0,'LAR'),(50,0,'Laryngectomy'),(51,0,'Lipoma Exc'),(52,0,'Liver Resection'),(53,0,'Liver Tx'),(54,0,'Lobectomy (Lung)'),(55,0,'Lumpectomy'),(56,0,'Lung TX'),(57,0,'LVR'),(58,0,'Mandibulectomy'),(59,0,'Mastectomy'),(60,0,'Mastectomy - DCIS'),(61,0,'Maxillectomy'),(62,0,'Mediastinoscopy'),(63,0,'Muscle Group Exc'),(64,0,'Myomectomy'),(65,0,'Neck Dissection'),(66,0,'Nephrectomy'),(67,0,'Nephroureterectomy'),(68,0,'Oral Cavity Bx'),(69,0,'Orchiectomy'),(70,0,'Organ Procurement'),(71,0,'Palatectomy'),(72,0,'Pancreatectomy'),(73,0,'Panniculectomy'),(74,0,'Paracentesis'),(75,0,'Parathyroidectomy'),(76,0,'Parotidectomy'),(77,0,'Pelvic Exenteration'),(78,0,'Penectomy'),(79,0,'Pharyngectomy'),(80,0,'Phlebotomy'),(81,0,'Pleuralysis'),(82,0,'Pneumonectomy'),(83,0,'Prostatectomy'),(84,0,'Resection of Mass'),(85,0,'Retroperitoneal Resection'),(86,0,'Rhinectomy'),(87,0,'Roux en y'),(88,0,'RSO'),(89,0,'Sarcoma Bx'),(90,0,'Sarcoma Exc'),(91,0,'Small Bowel Resection'),(92,0,'Soft Tissue Biopsy'),(93,0,'Soft Tissue Mass Exc'),(94,0,'Splenectomy'),(95,0,'TAH'),(96,0,'Thoracotomy'),(97,0,'Thymectomy'),(98,0,'Thyroidectomy'),(99,0,'Tonsilectomy'),(100,0,'Transanal Exc'),(101,0,'Translabyrinthine Exc'),(102,0,'Triple Endo'),(103,0,'TRS'),(104,0,'Tumor Debulking'),(105,0,'TURBT'),(106,0,'USO'),(107,0,'Vats'),(108,0,'Vulvectomy'),(109,0,'Wedge Resection'),(110,0,'Whipple'),(111,0,'Wide Exc'),(112,0,'Hysterectomy'),(113,0,'Excision NOS'),(114,0,'Resection NOS'),(115,0,'Clean catch Urine '),(116,0,'Bladder CATH'),(117,0,'Enterectomy'),(118,0,'Ureterectomy');
/*!40000 ALTER TABLE `procedure_name` ENABLE KEYS */;
UNLOCK TABLES;

--
-- Table structure for table `procedure_type`
--

DROP TABLE IF EXISTS `procedure_type`;
/*!40101 SET @saved_cs_client     = @@character_set_client */;
/*!40101 SET character_set_client = utf8 */;
CREATE TABLE `procedure_type` (
  `id` bigint(20) NOT NULL AUTO_INCREMENT,
  `version` bigint(20) NOT NULL,
  `description` varchar(255) NOT NULL,
  PRIMARY KEY (`id`)
) ENGINE=InnoDB AUTO_INCREMENT=7 DEFAULT CHARSET=latin1;
/*!40101 SET character_set_client = @saved_cs_client */;

--
-- Dumping data for table `procedure_type`
--

LOCK TABLES `procedure_type` WRITE;
/*!40000 ALTER TABLE `procedure_type` DISABLE KEYS */;
INSERT INTO `procedure_type` VALUES (1,0,'Surgery'),(2,0,'Autopsy'),(3,0,'Phlebotomy'),(4,0,'Transplant'),(5,0,'Urine Collection'),(6,0,'Other');
/*!40000 ALTER TABLE `procedure_type` ENABLE KEYS */;
UNLOCK TABLES;

--
-- Table structure for table `procurement_result`
--

DROP TABLE IF EXISTS `procurement_result`;
/*!40101 SET @saved_cs_client     = @@character_set_client */;
/*!40101 SET character_set_client = utf8 */;
CREATE TABLE `procurement_result` (
  `id` bigint(20) NOT NULL AUTO_INCREMENT,
  `version` bigint(20) NOT NULL,
  `description` varchar(255) NOT NULL,
  PRIMARY KEY (`id`)
) ENGINE=InnoDB AUTO_INCREMENT=14 DEFAULT CHARSET=latin1;
/*!40101 SET character_set_client = @saved_cs_client */;

--
-- Dumping data for table `procurement_result`
--

LOCK TABLES `procurement_result` WRITE;
/*!40000 ALTER TABLE `procurement_result` DISABLE KEYS */;
INSERT INTO `procurement_result` VALUES (1,0,'Denied By Pathologist'),(2,0,'Cancelled'),(3,0,'No Gross Tumor'),(4,0,'Fixed By SurgPath/FS'),(5,0,'No Request'),(6,0,'Quality Issues'),(7,0,'Too Small/Inaccessible'),(8,0,'Procured'),(9,0,'Necrotic'),(10,0,'No Specimen'),(11,0,'Late - Case Went After Hours'),(12,0,'Breast Spec Picked Up'),(13,0,'Procured for TCCP');
/*!40000 ALTER TABLE `procurement_result` ENABLE KEYS */;
UNLOCK TABLES;

--
-- Table structure for table `procurement_tech_initials`
--

DROP TABLE IF EXISTS `procurement_tech_initials`;
/*!40101 SET @saved_cs_client     = @@character_set_client */;
/*!40101 SET character_set_client = utf8 */;
CREATE TABLE `procurement_tech_initials` (
  `id` bigint(20) NOT NULL AUTO_INCREMENT,
  `version` bigint(20) NOT NULL,
  `description` varchar(255) NOT NULL,
  PRIMARY KEY (`id`)
) ENGINE=InnoDB AUTO_INCREMENT=6 DEFAULT CHARSET=latin1;
/*!40101 SET character_set_client = @saved_cs_client */;

--
-- Dumping data for table `procurement_tech_initials`
--

LOCK TABLES `procurement_tech_initials` WRITE;
/*!40000 ALTER TABLE `procurement_tech_initials` DISABLE KEYS */;
INSERT INTO `procurement_tech_initials` VALUES (1,0,'AD'),(2,0,'JH'),(3,0,'KS'),(4,0,'TJ'),(5,0,'RM');
/*!40000 ALTER TABLE `procurement_tech_initials` ENABLE KEYS */;
UNLOCK TABLES;

--
-- Table structure for table `project`
--

DROP TABLE IF EXISTS `project`;
/*!40101 SET @saved_cs_client     = @@character_set_client */;
/*!40101 SET character_set_client = utf8 */;
CREATE TABLE `project` (
  `id` bigint(20) NOT NULL AUTO_INCREMENT,
  `version` bigint(20) NOT NULL,
  `name` varchar(255) NOT NULL,
  `project_id` varchar(255) NOT NULL,
  `status_id` bigint(20) NOT NULL,
  PRIMARY KEY (`id`),
  KEY `FKED904B199C5ED409` (`status_id`),
  CONSTRAINT `FKED904B199C5ED409` FOREIGN KEY (`status_id`) REFERENCES `project_status` (`id`) ON DELETE NO ACTION ON UPDATE NO ACTION
) ENGINE=InnoDB DEFAULT CHARSET=latin1;
/*!40101 SET character_set_client = @saved_cs_client */;

--
-- Dumping data for table `project`
--

LOCK TABLES `project` WRITE;
/*!40000 ALTER TABLE `project` DISABLE KEYS */;
/*!40000 ALTER TABLE `project` ENABLE KEYS */;
UNLOCK TABLES;

--
-- Table structure for table `project_status`
--

DROP TABLE IF EXISTS `project_status`;
/*!40101 SET @saved_cs_client     = @@character_set_client */;
/*!40101 SET character_set_client = utf8 */;
CREATE TABLE `project_status` (
  `id` bigint(20) NOT NULL AUTO_INCREMENT,
  `version` bigint(20) NOT NULL,
  `description` varchar(255) NOT NULL,
  PRIMARY KEY (`id`)
) ENGINE=InnoDB AUTO_INCREMENT=6 DEFAULT CHARSET=latin1;
/*!40101 SET character_set_client = @saved_cs_client */;

--
-- Dumping data for table `project_status`
--

LOCK TABLES `project_status` WRITE;
/*!40000 ALTER TABLE `project_status` DISABLE KEYS */;
INSERT INTO `project_status` VALUES (1,0,'Active'),(2,0,'Inactive'),(3,0,'On Hold'),(4,0,'Pending'),(5,0,'Withdrawn');
/*!40000 ALTER TABLE `project_status` ENABLE KEYS */;
UNLOCK TABLES;

--
-- Table structure for table `protocol`
--

DROP TABLE IF EXISTS `protocol`;
/*!40101 SET @saved_cs_client     = @@character_set_client */;
/*!40101 SET character_set_client = utf8 */;
CREATE TABLE `protocol` (
  `id` bigint(20) NOT NULL AUTO_INCREMENT,
  `version` bigint(20) NOT NULL,
  `description` varchar(255) NOT NULL,
  `principal_investigator_name` varchar(255) DEFAULT NULL,
  PRIMARY KEY (`id`)
) ENGINE=InnoDB AUTO_INCREMENT=20 DEFAULT CHARSET=latin1;
/*!40101 SET character_set_client = @saved_cs_client */;

--
-- Dumping data for table `protocol`
--

LOCK TABLES `protocol` WRITE;
/*!40000 ALTER TABLE `protocol` DISABLE KEYS */;
INSERT INTO `protocol` VALUES (1,1,'1994H0241','XYZ'),(2,0,'1999C0348',NULL),(3,0,'2006C0047',NULL),(4,0,'2010C0122',NULL),(5,0,'2011C0003',NULL),(6,0,'2011C0085',NULL),(7,1,'2012H0231','Fedias Christofi'),(8,0,'2013C0009',NULL),(9,0,'2013C0075',NULL),(10,0,'CALGB 0803',NULL),(11,0,'OSU 06036',NULL),(12,0,'OSU 09100',NULL),(13,0,'OSU 09142',NULL),(14,0,'OSU 13095',NULL),(15,0,'OSU 9952',NULL),(16,0,'OSU10015',NULL),(17,0,'Protocol XYZ','John Doe'),(18,0,'Protocol XYZ2','John Doe'),(19,0,'Protocol XYZ2','John Doe');
/*!40000 ALTER TABLE `protocol` ENABLE KEYS */;
UNLOCK TABLES;

--
-- Table structure for table `qc_batch`
--

DROP TABLE IF EXISTS `qc_batch`;
/*!40101 SET @saved_cs_client     = @@character_set_client */;
/*!40101 SET character_set_client = utf8 */;
CREATE TABLE `qc_batch` (
  `id` bigint(20) NOT NULL AUTO_INCREMENT,
  `version` bigint(20) NOT NULL,
  `date_complete` datetime DEFAULT NULL,
  `date_created` datetime NOT NULL,
  `date_image_analysis_complete` datetime DEFAULT NULL,
  `date_pathologist_confirmation_complete` datetime DEFAULT NULL,
  `date_scanning_complete` datetime DEFAULT NULL,
  `description` varchar(255) DEFAULT NULL,
  `last_updated` datetime NOT NULL,
  `status_id` bigint(20) DEFAULT NULL,
  PRIMARY KEY (`id`),
  KEY `FKF71CF2CD89E87DF8` (`status_id`),
  CONSTRAINT `FKF71CF2CD89E87DF8` FOREIGN KEY (`status_id`) REFERENCES `qc_batch_status` (`id`) ON DELETE NO ACTION ON UPDATE NO ACTION
) ENGINE=InnoDB AUTO_INCREMENT=21 DEFAULT CHARSET=latin1;
/*!40101 SET character_set_client = @saved_cs_client */;

--
-- Dumping data for table `qc_batch`
--

LOCK TABLES `qc_batch` WRITE;
/*!40000 ALTER TABLE `qc_batch` DISABLE KEYS */;
INSERT INTO `qc_batch` VALUES (1,5,NULL,'2014-05-01 13:25:48','2014-07-16 00:00:00','2014-07-16 00:00:00','2014-05-09 00:00:00','05/01/2014','2014-07-16 23:40:05',6),(2,9,NULL,'2014-05-04 23:07:56','2014-07-08 00:00:00','2014-07-08 00:00:00','2014-06-08 00:00:00','test1','2014-07-08 14:30:00',6),(3,5,NULL,'2014-05-07 12:06:13','2014-05-07 00:00:00','2014-05-07 00:00:00','2014-05-07 00:00:00','test by DGN 5-7-2014','2014-05-07 12:22:55',6),(4,5,NULL,'2014-05-17 12:58:40','2014-05-07 00:00:00','2014-07-08 00:00:00','2014-05-07 00:00:00','DGN test 5-7-2013','2014-07-08 12:04:00',6),(5,6,NULL,'2014-04-30 15:18:27','2014-07-01 00:00:00','2014-07-01 00:00:00','2014-07-01 00:00:00',NULL,'2014-07-01 12:01:41',6),(6,7,NULL,'2014-05-31 15:19:03','2014-06-17 00:00:00','2014-06-19 00:00:00','2014-06-17 00:00:00',NULL,'2014-06-19 10:35:31',6),(7,5,NULL,'2014-06-01 12:45:01','2014-07-16 00:00:00',NULL,'2014-07-16 00:00:00','Testing','2014-07-16 12:47:53',4),(8,9,NULL,'2014-07-16 23:26:57','2014-07-16 00:00:00','2014-07-16 00:00:00','2014-07-16 00:00:00',NULL,'2014-07-16 23:39:14',6),(9,5,NULL,'2014-07-21 16:39:57','2014-07-21 00:00:00','2014-07-21 00:00:00','2014-07-21 00:00:00',NULL,'2014-07-21 16:40:48',6),(10,12,NULL,'2014-07-22 11:26:32','2014-07-22 00:00:00','2014-07-22 00:00:00','2014-07-22 00:00:00','Test 1','2014-07-22 11:29:17',6),(11,7,NULL,'2014-07-22 11:26:56','2014-07-22 00:00:00',NULL,'2014-07-22 00:00:00','test2','2014-07-22 11:28:00',4),(12,8,NULL,'2014-07-22 11:27:11','2014-07-22 00:00:00',NULL,'2014-07-22 00:00:00',NULL,'2014-07-22 11:28:05',4),(13,7,NULL,'2015-03-09 14:24:50','2015-03-09 00:00:00','2015-03-30 00:00:00','2015-03-09 00:00:00','test','2015-03-30 17:57:36',6),(14,5,NULL,'2015-03-16 12:28:04','2015-03-16 00:00:00','2015-03-16 00:00:00','2015-03-16 00:00:00',NULL,'2015-03-16 12:40:25',6),(15,5,NULL,'2015-03-16 12:45:46','2015-03-16 00:00:00','2015-03-16 00:00:00','2015-03-16 00:00:00',NULL,'2015-03-16 12:47:29',6),(16,3,NULL,'2015-03-16 14:08:58',NULL,NULL,NULL,NULL,'2015-03-25 13:04:51',6),(17,5,NULL,'2015-03-20 13:25:00','2015-03-20 00:00:00','2015-03-20 00:00:00','2015-03-20 00:00:00',NULL,'2015-03-20 13:32:48',6),(18,5,NULL,'2015-03-20 14:21:46','2015-03-20 00:00:00','2015-03-20 00:00:00','2015-03-20 00:00:00',NULL,'2015-03-20 14:26:23',6),(19,3,NULL,'2015-03-31 15:42:48',NULL,NULL,'2015-03-31 00:00:00',NULL,'2015-03-31 15:49:14',3),(20,0,NULL,'2015-12-04 12:17:11',NULL,NULL,NULL,NULL,'2015-12-04 12:17:11',1);
/*!40000 ALTER TABLE `qc_batch` ENABLE KEYS */;
UNLOCK TABLES;

--
-- Table structure for table `qc_batch_status`
--

DROP TABLE IF EXISTS `qc_batch_status`;
/*!40101 SET @saved_cs_client     = @@character_set_client */;
/*!40101 SET character_set_client = utf8 */;
CREATE TABLE `qc_batch_status` (
  `id` bigint(20) NOT NULL AUTO_INCREMENT,
  `version` bigint(20) NOT NULL,
  `description` varchar(255) NOT NULL,
  PRIMARY KEY (`id`)
) ENGINE=InnoDB AUTO_INCREMENT=7 DEFAULT CHARSET=latin1;
/*!40101 SET character_set_client = @saved_cs_client */;

--
-- Dumping data for table `qc_batch_status`
--

LOCK TABLES `qc_batch_status` WRITE;
/*!40000 ALTER TABLE `qc_batch_status` DISABLE KEYS */;
INSERT INTO `qc_batch_status` VALUES (1,0,'Preparing to Send to Scan'),(2,0,'Sent to Scan'),(3,0,'Scanning Complete'),(4,0,'Image Analysis Complete'),(5,0,'Pathologist Confirmation Complete'),(6,0,'Complete');
/*!40000 ALTER TABLE `qc_batch_status` ENABLE KEYS */;
UNLOCK TABLES;

--
-- Table structure for table `qc_follow_up_action`
--

DROP TABLE IF EXISTS `qc_follow_up_action`;
/*!40101 SET @saved_cs_client     = @@character_set_client */;
/*!40101 SET character_set_client = utf8 */;
CREATE TABLE `qc_follow_up_action` (
  `id` bigint(20) NOT NULL AUTO_INCREMENT,
  `version` bigint(20) NOT NULL,
  `description` varchar(255) NOT NULL,
  PRIMARY KEY (`id`)
) ENGINE=InnoDB AUTO_INCREMENT=3 DEFAULT CHARSET=latin1;
/*!40101 SET character_set_client = @saved_cs_client */;

--
-- Dumping data for table `qc_follow_up_action`
--

LOCK TABLES `qc_follow_up_action` WRITE;
/*!40000 ALTER TABLE `qc_follow_up_action` DISABLE KEYS */;
INSERT INTO `qc_follow_up_action` VALUES (1,0,'Failed - To Reassign'),(2,0,'Failed - To Destroy');
/*!40000 ALTER TABLE `qc_follow_up_action` ENABLE KEYS */;
UNLOCK TABLES;

--
-- Table structure for table `qc_method`
--

DROP TABLE IF EXISTS `qc_method`;
/*!40101 SET @saved_cs_client     = @@character_set_client */;
/*!40101 SET character_set_client = utf8 */;
CREATE TABLE `qc_method` (
  `id` bigint(20) NOT NULL AUTO_INCREMENT,
  `version` bigint(20) NOT NULL,
  `description` varchar(255) NOT NULL,
  PRIMARY KEY (`id`)
) ENGINE=InnoDB AUTO_INCREMENT=5 DEFAULT CHARSET=latin1;
/*!40101 SET character_set_client = @saved_cs_client */;

--
-- Dumping data for table `qc_method`
--

LOCK TABLES `qc_method` WRITE;
/*!40000 ALTER TABLE `qc_method` DISABLE KEYS */;
INSERT INTO `qc_method` VALUES (1,0,'Pathologist Review'),(2,0,'Frozen Section'),(3,0,'No QC - NTT'),(4,0,'No QC - NTA');
/*!40000 ALTER TABLE `qc_method` ENABLE KEYS */;
UNLOCK TABLES;

--
-- Table structure for table `qc_result`
--

DROP TABLE IF EXISTS `qc_result`;
/*!40101 SET @saved_cs_client     = @@character_set_client */;
/*!40101 SET character_set_client = utf8 */;
CREATE TABLE `qc_result` (
  `id` bigint(20) NOT NULL AUTO_INCREMENT,
  `version` bigint(20) NOT NULL,
  `date_created` datetime NOT NULL,
  `final_diagnosis_id` bigint(20) DEFAULT NULL,
  `final_grade_id` bigint(20) DEFAULT NULL,
  `final_mod_diagnosis_id` bigint(20) DEFAULT NULL,
  `final_molecular_status_er_id` bigint(20) DEFAULT NULL,
  `final_molecular_status_her2_id` bigint(20) DEFAULT NULL,
  `final_molecular_status_pr_id` bigint(20) DEFAULT NULL,
  `final_primary_anatomic_site_id` bigint(20) DEFAULT NULL,
  `final_stage_id` bigint(20) DEFAULT NULL,
  `final_sub_diagnosis_id` bigint(20) DEFAULT NULL,
  `final_tissue_type_id` bigint(20) DEFAULT NULL,
  `good_for_tma` tinyint(3) unsigned NOT NULL,
  `link_overlay_image` varchar(255) DEFAULT NULL,
  `link_path_report` varchar(255) DEFAULT NULL,
  `link_svs_image` varchar(255) DEFAULT NULL,
  `pathologist_comments` varchar(255) DEFAULT NULL,
  `percent_necrosis` int(11) DEFAULT NULL,
  `qc_code` varchar(255) DEFAULT NULL,
  `qc_follow_up_action_id` bigint(20) DEFAULT NULL,
  `qc_pathologist` varchar(255) DEFAULT NULL,
  `region_of_interest` int(11) DEFAULT NULL,
  `region_of_interest_area` bigint(20) DEFAULT NULL,
  `specimen_id` bigint(20) NOT NULL,
  `tissue_qc_match_id` bigint(20) DEFAULT NULL,
  PRIMARY KEY (`id`),
  UNIQUE KEY `UQ__qc_resul__50A66BBE0FD95B30` (`specimen_id`),
  KEY `FK8071EEA4AC1B07D` (`final_molecular_status_pr_id`),
  KEY `FK8071EEAD2A97328` (`final_mod_diagnosis_id`),
  KEY `FK8071EEA563CF819` (`final_grade_id`),
  KEY `FK8071EEAB9BA1E4C` (`tissue_qc_match_id`),
  KEY `FK8071EEA9303F259` (`final_diagnosis_id`),
  KEY `FK8071EEA9F6BD2B9` (`final_stage_id`),
  KEY `FK8071EEA65379738` (`final_tissue_type_id`),
  KEY `FK8071EEAA166829F` (`qc_follow_up_action_id`),
  KEY `FK8071EEA4A26AC9D` (`final_molecular_status_er_id`),
  KEY `FK8071EEAE4A59DDD` (`final_molecular_status_her2_id`),
  KEY `FK8071EEA91FBC9DB` (`final_primary_anatomic_site_id`),
  KEY `FK8071EEA3670BF2C` (`final_sub_diagnosis_id`),
  CONSTRAINT `FK8071EEA3670BF2C` FOREIGN KEY (`final_sub_diagnosis_id`) REFERENCES `sub_diagnosis` (`id`) ON DELETE NO ACTION ON UPDATE NO ACTION,
  CONSTRAINT `FK8071EEA4A26AC9D` FOREIGN KEY (`final_molecular_status_er_id`) REFERENCES `molecular_status_er` (`id`) ON DELETE NO ACTION ON UPDATE NO ACTION,
  CONSTRAINT `FK8071EEA4AC1B07D` FOREIGN KEY (`final_molecular_status_pr_id`) REFERENCES `molecular_status_pr` (`id`) ON DELETE NO ACTION ON UPDATE NO ACTION,
  CONSTRAINT `FK8071EEA563CF819` FOREIGN KEY (`final_grade_id`) REFERENCES `grade` (`id`) ON DELETE NO ACTION ON UPDATE NO ACTION,
  CONSTRAINT `FK8071EEA65379738` FOREIGN KEY (`final_tissue_type_id`) REFERENCES `tissue_type` (`id`) ON DELETE NO ACTION ON UPDATE NO ACTION,
  CONSTRAINT `FK8071EEA91FBC9DB` FOREIGN KEY (`final_primary_anatomic_site_id`) REFERENCES `anatomic_site` (`id`) ON DELETE NO ACTION ON UPDATE NO ACTION,
  CONSTRAINT `FK8071EEA9303F259` FOREIGN KEY (`final_diagnosis_id`) REFERENCES `diagnosis` (`id`) ON DELETE NO ACTION ON UPDATE NO ACTION,
  CONSTRAINT `FK8071EEA9F6BD2B9` FOREIGN KEY (`final_stage_id`) REFERENCES `stage` (`id`) ON DELETE NO ACTION ON UPDATE NO ACTION,
  CONSTRAINT `FK8071EEAA166829F` FOREIGN KEY (`qc_follow_up_action_id`) REFERENCES `qc_follow_up_action` (`id`) ON DELETE NO ACTION ON UPDATE NO ACTION,
  CONSTRAINT `FK8071EEAAF2F9FE4` FOREIGN KEY (`specimen_id`) REFERENCES `specimen` (`id`) ON DELETE NO ACTION ON UPDATE NO ACTION,
  CONSTRAINT `FK8071EEAB9BA1E4C` FOREIGN KEY (`tissue_qc_match_id`) REFERENCES `tissue_qc_match` (`id`) ON DELETE NO ACTION ON UPDATE NO ACTION,
  CONSTRAINT `FK8071EEAD2A97328` FOREIGN KEY (`final_mod_diagnosis_id`) REFERENCES `mod_diagnosis` (`id`) ON DELETE NO ACTION ON UPDATE NO ACTION,
  CONSTRAINT `FK8071EEAE4A59DDD` FOREIGN KEY (`final_molecular_status_her2_id`) REFERENCES `molecular_status_her2` (`id`) ON DELETE NO ACTION ON UPDATE NO ACTION
) ENGINE=InnoDB AUTO_INCREMENT=42 DEFAULT CHARSET=latin1;
/*!40101 SET character_set_client = @saved_cs_client */;

--
-- Dumping data for table `qc_result`
--

LOCK TABLES `qc_result` WRITE;
/*!40000 ALTER TABLE `qc_result` DISABLE KEYS */;
INSERT INTO `qc_result` VALUES (1,3,'2014-05-01 13:26:07',NULL,NULL,NULL,NULL,NULL,NULL,NULL,NULL,NULL,NULL,0,'file:///H:/CHTN%20QC/_CHTN%20QC%20Files/M1141000A.jpg','file:///H:/CHTN%20QC/_CHTN%20QC%20Files/M1141000A.pdf','file:///H:/CHTN%20QC/_CHTN%20QC%20Files/M1141000A.svs','',4,NULL,1,NULL,3,0,1,1),(2,2,'2014-05-07 12:10:25',11,1,NULL,1,1,1,1,1,1,2,1,'file:///H:/CHTN%20QC/_CHTN%20QC%20Files/M1141001A.jpg','file:///H:/CHTN%20QC/_CHTN%20QC%20Files/M1141001A.pdf','file:///H:/CHTN%20QC/_CHTN%20QC%20Files/M1141001A.svs','test comments',NULL,NULL,1,NULL,10,20,2,5),(4,3,'2014-06-17 15:41:43',NULL,NULL,NULL,NULL,NULL,NULL,NULL,NULL,NULL,NULL,0,'file:///H:/CHTN%20QC/_CHTN%20QC%20Files/M1141005A.jpg','file:///H:/CHTN%20QC/_CHTN%20QC%20Files/M1141005.pdf','file:///H:/CHTN%20QC/_CHTN%20QC%20Files/M1141005A.svs','',2,NULL,2,NULL,89,12313213,7,6),(5,3,'2014-06-17 15:41:43',NULL,NULL,NULL,NULL,NULL,NULL,NULL,NULL,NULL,NULL,0,'file:///H:/CHTN%20QC/_CHTN%20QC%20Files/M1141016A.jpg','file:///H:/CHTN%20QC/_CHTN%20QC%20Files/M1141016.pdf','file:///H:/CHTN%20QC/_CHTN%20QC%20Files/M1141016A.svs','',0,NULL,2,NULL,93,2313123,23,2),(6,3,'2014-06-17 15:41:43',NULL,NULL,NULL,NULL,NULL,NULL,NULL,NULL,NULL,NULL,0,'file:///H:/CHTN%20QC/_CHTN%20QC%20Files/M1141023A.jpg','file:///H:/CHTN%20QC/_CHTN%20QC%20Files/M1141023.pdf','file:///H:/CHTN%20QC/_CHTN%20QC%20Files/M1141023A.svs','',3,NULL,2,NULL,88,123123,41,2),(11,3,'2014-07-08 14:28:39',NULL,NULL,NULL,NULL,NULL,NULL,NULL,NULL,NULL,NULL,0,'file:///H:/CHTN%20QC/_CHTN%20QC%20Files/M1141008A.jpg','file:///H:/CHTN%20QC/_CHTN%20QC%20Files/M1141008.pdf','file:///H:/CHTN%20QC/_CHTN%20QC%20Files/M1141008A.svs','',4,NULL,2,NULL,7,4,10,2),(12,2,'2014-07-16 12:45:49',NULL,NULL,NULL,NULL,NULL,NULL,NULL,NULL,NULL,NULL,0,'file:///H:/CHTN%20QC/_CHTN%20QC%20Files/M1141006A.jpg','file:///H:/CHTN%20QC/_CHTN%20QC%20Files/M1141006.pdf','file:///H:/CHTN%20QC/_CHTN%20QC%20Files/M1141006A.svs','',0,NULL,2,NULL,0,0,8,NULL),(13,2,'2014-07-16 12:45:49',NULL,NULL,NULL,NULL,NULL,NULL,NULL,NULL,NULL,NULL,0,'file:///H:/CHTN%20QC/_CHTN%20QC%20Files/M4140467B.jpg','file:///H:/CHTN%20QC/_CHTN%20QC%20Files/M4140467.pdf','file:///H:/CHTN%20QC/_CHTN%20QC%20Files/M4140467B.svs','',0,NULL,1,NULL,0,0,45,NULL),(14,3,'2014-07-16 23:27:17',NULL,NULL,NULL,NULL,NULL,NULL,NULL,NULL,NULL,NULL,0,'file:///H:/CHTN%20QC/_CHTN%20QC%20Files/M1141007A.jpg','file:///H:/CHTN%20QC/_CHTN%20QC%20Files/M1141007.pdf','file:///H:/CHTN%20QC/_CHTN%20QC%20Files/M1141007A.svs','',1,NULL,1,NULL,1,0,9,2),(15,3,'2014-07-16 23:27:17',NULL,NULL,NULL,NULL,NULL,NULL,NULL,NULL,NULL,NULL,0,'file:///H:/CHTN%20QC/_CHTN%20QC%20Files/M1141009A.jpg','file:///H:/CHTN%20QC/_CHTN%20QC%20Files/M1141009.pdf','file:///H:/CHTN%20QC/_CHTN%20QC%20Files/M1141009A.svs','',1,NULL,1,NULL,1,0,11,3),(16,2,'2014-07-21 16:40:14',NULL,NULL,NULL,NULL,NULL,NULL,NULL,NULL,NULL,NULL,0,'file:///H:/CHTN%20QC/_CHTN%20QC%20Files/M1141010A.jpg','file:///H:/CHTN%20QC/_CHTN%20QC%20Files/M1141010.pdf','file:///H:/CHTN%20QC/_CHTN%20QC%20Files/M1141010A.svs','',0,NULL,1,NULL,0,0,12,3),(17,3,'2014-07-22 11:27:31',NULL,NULL,NULL,NULL,NULL,NULL,NULL,NULL,NULL,NULL,0,'file:///H:/CHTN%20QC/_CHTN%20QC%20Files/M1141011A.jpg','file:///H:/CHTN%20QC/_CHTN%20QC%20Files/M1141011.pdf','file:///H:/CHTN%20QC/_CHTN%20QC%20Files/M1141011A.svs','',0,NULL,1,NULL,0,0,13,4),(18,3,'2014-07-22 11:27:31',NULL,NULL,NULL,NULL,NULL,NULL,NULL,NULL,NULL,NULL,0,'file:///H:/CHTN%20QC/_CHTN%20QC%20Files/M1141012A.jpg','file:///H:/CHTN%20QC/_CHTN%20QC%20Files/M1141012.pdf','file:///H:/CHTN%20QC/_CHTN%20QC%20Files/M1141012A.svs','',0,NULL,1,NULL,0,0,14,4),(19,3,'2014-07-22 11:27:31',NULL,NULL,NULL,NULL,NULL,NULL,NULL,NULL,NULL,NULL,0,'file:///H:/CHTN%20QC/_CHTN%20QC%20Files/M1141013A.jpg','file:///H:/CHTN%20QC/_CHTN%20QC%20Files/M1141013.pdf','file:///H:/CHTN%20QC/_CHTN%20QC%20Files/M1141013A.svs','',0,NULL,1,NULL,0,0,15,4),(20,3,'2014-07-22 11:27:31',NULL,NULL,NULL,NULL,NULL,NULL,NULL,NULL,NULL,NULL,0,'file:///H:/CHTN%20QC/_CHTN%20QC%20Files/M1141015A.jpg','file:///H:/CHTN%20QC/_CHTN%20QC%20Files/M1141015.pdf','file:///H:/CHTN%20QC/_CHTN%20QC%20Files/M1141015A.svs','',0,NULL,1,NULL,0,0,66,1),(21,3,'2014-07-22 11:27:31',NULL,NULL,NULL,NULL,NULL,NULL,NULL,NULL,NULL,NULL,0,'file:///H:/CHTN%20QC/_CHTN%20QC%20Files/M1141015B.jpg','file:///H:/CHTN%20QC/_CHTN%20QC%20Files/M1141015.pdf','file:///H:/CHTN%20QC/_CHTN%20QC%20Files/M1141015B.svs','',0,NULL,1,NULL,0,0,68,2),(22,3,'2014-07-22 11:27:31',NULL,NULL,NULL,NULL,NULL,NULL,NULL,NULL,NULL,NULL,0,'file:///H:/CHTN%20QC/_CHTN%20QC%20Files/M1141015C.jpg','file:///H:/CHTN%20QC/_CHTN%20QC%20Files/M1141015.pdf','file:///H:/CHTN%20QC/_CHTN%20QC%20Files/M1141015C.svs','',0,NULL,NULL,NULL,0,0,71,5),(23,3,'2014-07-22 11:27:31',NULL,NULL,NULL,NULL,NULL,NULL,NULL,NULL,NULL,NULL,0,'file:///H:/CHTN%20QC/_CHTN%20QC%20Files/M1141015D.jpg','file:///H:/CHTN%20QC/_CHTN%20QC%20Files/M1141015.pdf','file:///H:/CHTN%20QC/_CHTN%20QC%20Files/M1141015D.svs','',0,NULL,NULL,NULL,0,0,65,4),(24,3,'2014-07-22 11:27:31',NULL,NULL,NULL,NULL,NULL,NULL,NULL,NULL,NULL,NULL,0,'file:///H:/CHTN%20QC/_CHTN%20QC%20Files/M1141015E.jpg','file:///H:/CHTN%20QC/_CHTN%20QC%20Files/M1141015.pdf','file:///H:/CHTN%20QC/_CHTN%20QC%20Files/M1141015E.svs','',0,NULL,NULL,NULL,0,0,27,1),(25,1,'2014-07-22 11:27:35',NULL,NULL,NULL,NULL,NULL,NULL,NULL,NULL,NULL,NULL,0,'file:///H:/CHTN%20QC/_CHTN%20QC%20Files/M1141015F.jpg','file:///H:/CHTN%20QC/_CHTN%20QC%20Files/M1141015.pdf','file:///H:/CHTN%20QC/_CHTN%20QC%20Files/M1141015F.svs',NULL,0,NULL,NULL,NULL,0,0,28,NULL),(26,1,'2014-07-22 11:27:35',NULL,NULL,NULL,NULL,NULL,NULL,NULL,NULL,NULL,NULL,0,'file:///H:/CHTN%20QC/_CHTN%20QC%20Files/M1141015G.jpg','file:///H:/CHTN%20QC/_CHTN%20QC%20Files/M1141015.pdf','file:///H:/CHTN%20QC/_CHTN%20QC%20Files/M1141015G.svs',NULL,0,NULL,NULL,NULL,0,0,29,NULL),(27,1,'2014-07-22 11:27:35',NULL,NULL,NULL,NULL,NULL,NULL,NULL,NULL,NULL,NULL,0,'file:///H:/CHTN%20QC/_CHTN%20QC%20Files/M1141016B.jpg','file:///H:/CHTN%20QC/_CHTN%20QC%20Files/M1141016.pdf','file:///H:/CHTN%20QC/_CHTN%20QC%20Files/M1141016B.svs',NULL,0,NULL,NULL,NULL,0,0,24,NULL),(28,1,'2014-07-22 11:27:35',NULL,NULL,NULL,NULL,NULL,NULL,NULL,NULL,NULL,NULL,0,'file:///H:/CHTN%20QC/_CHTN%20QC%20Files/M1141016D.jpg','file:///H:/CHTN%20QC/_CHTN%20QC%20Files/M1141016.pdf','file:///H:/CHTN%20QC/_CHTN%20QC%20Files/M1141016D.svs',NULL,0,NULL,NULL,NULL,0,0,26,NULL),(29,1,'2014-07-22 11:27:39',NULL,NULL,NULL,NULL,NULL,NULL,NULL,NULL,NULL,NULL,0,'file:///H:/CHTN%20QC/_CHTN%20QC%20Files/M1141016C.jpg','file:///H:/CHTN%20QC/_CHTN%20QC%20Files/M1141016.pdf','file:///H:/CHTN%20QC/_CHTN%20QC%20Files/M1141016C.svs',NULL,0,NULL,NULL,NULL,0,0,25,NULL),(30,1,'2014-07-22 11:27:39',NULL,NULL,NULL,NULL,NULL,NULL,NULL,NULL,NULL,NULL,0,'file:///H:/CHTN%20QC/_CHTN%20QC%20Files/M1141016E.jpg','file:///H:/CHTN%20QC/_CHTN%20QC%20Files/M1141016.pdf','file:///H:/CHTN%20QC/_CHTN%20QC%20Files/M1141016E.svs',NULL,0,NULL,NULL,NULL,0,0,30,NULL),(31,1,'2014-07-22 11:27:39',NULL,NULL,NULL,NULL,NULL,NULL,NULL,NULL,NULL,NULL,0,'file:///H:/CHTN%20QC/_CHTN%20QC%20Files/M1141016G.jpg','file:///H:/CHTN%20QC/_CHTN%20QC%20Files/M1141016.pdf','file:///H:/CHTN%20QC/_CHTN%20QC%20Files/M1141016G.svs',NULL,0,NULL,NULL,NULL,0,0,32,NULL),(32,1,'2014-07-22 11:27:39',NULL,NULL,NULL,NULL,NULL,NULL,NULL,NULL,NULL,NULL,0,'file:///H:/CHTN%20QC/_CHTN%20QC%20Files/M1141016H.jpg','file:///H:/CHTN%20QC/_CHTN%20QC%20Files/M1141016.pdf','file:///H:/CHTN%20QC/_CHTN%20QC%20Files/M1141016H.svs',NULL,0,NULL,NULL,NULL,0,0,33,NULL),(33,1,'2014-07-22 11:27:39',NULL,NULL,NULL,NULL,NULL,NULL,NULL,NULL,NULL,NULL,0,'file:///H:/CHTN%20QC/_CHTN%20QC%20Files/M1141020A.jpg','file:///H:/CHTN%20QC/_CHTN%20QC%20Files/M1141020.pdf','file:///H:/CHTN%20QC/_CHTN%20QC%20Files/M1141020A.svs',NULL,0,NULL,NULL,NULL,0,0,37,NULL),(34,3,'2015-03-09 14:26:56',1,NULL,77,NULL,NULL,NULL,119,NULL,1,3,0,'file:///H:/CHTN%20QC/_CHTN%20QC%20Files/M1141016F.jpg','file:///H:/CHTN%20QC/_CHTN%20QC%20Files/M1141016.pdf','file:///H:/CHTN%20QC/_CHTN%20QC%20Files/M1141016F.svs','DGN: test change from prelim to final',0,NULL,NULL,NULL,0,0,31,1),(35,3,'2015-03-09 14:26:56',NULL,NULL,NULL,NULL,NULL,NULL,NULL,NULL,NULL,NULL,0,'file:///H:/CHTN%20QC/_CHTN%20QC%20Files/M1141024A.jpg','file:///H:/CHTN%20QC/_CHTN%20QC%20Files/M1141024.pdf','file:///H:/CHTN%20QC/_CHTN%20QC%20Files/M1141024A.svs','',0,NULL,NULL,NULL,0,0,42,1),(36,3,'2015-03-09 14:26:56',NULL,NULL,NULL,NULL,NULL,NULL,NULL,NULL,NULL,NULL,0,'file:///H:/CHTN%20QC/_CHTN%20QC%20Files/M3141001A.jpg','file:///H:/CHTN%20QC/_CHTN%20QC%20Files/M3141001.pdf','file:///H:/CHTN%20QC/_CHTN%20QC%20Files/M3141001A.svs','',0,NULL,NULL,NULL,0,0,17,5),(37,2,'2015-03-16 12:39:38',NULL,NULL,NULL,NULL,NULL,NULL,NULL,NULL,NULL,NULL,0,'file:///H:/CHTN%20QC/_CHTN%20QC%20Files/M1150002A.jpg','file:///H:/CHTN%20QC/_CHTN%20QC%20Files/M1150002.pdf','file:///H:/CHTN%20QC/_CHTN%20QC%20Files/M1150002A.svs','',0,NULL,NULL,NULL,1,0,57,5),(38,3,'2015-03-16 12:46:20',NULL,NULL,NULL,NULL,NULL,NULL,NULL,NULL,NULL,NULL,0,'file:///H:/CHTN%20QC/_CHTN%20QC%20Files/M1150003A.jpg','file:///H:/CHTN%20QC/_CHTN%20QC%20Files/M1150003.pdf','file:///H:/CHTN%20QC/_CHTN%20QC%20Files/M1150003A.svs','',0,NULL,NULL,NULL,2,0,58,1),(39,2,'2015-03-20 13:27:06',1,1,77,1,1,1,119,1,1,2,1,'file:///H:/CHTN%20QC/_CHTN%20QC%20Files/M1150005A.jpg','file:///H:/CHTN%20QC/_CHTN%20QC%20Files/M1150005.pdf','file:///H:/CHTN%20QC/_CHTN%20QC%20Files/M1150005A.svs','junk (first in menu) used',0,NULL,NULL,NULL,50,0,61,1),(40,2,'2015-03-20 14:22:08',1,1,77,1,1,1,119,1,1,1,1,'file:///H:/CHTN%20QC/_CHTN%20QC%20Files/M1150005B.jpg','file:///H:/CHTN%20QC/_CHTN%20QC%20Files/M1150005.pdf','file:///H:/CHTN%20QC/_CHTN%20QC%20Files/M1150005B.svs','',0,NULL,NULL,NULL,50,0,62,2),(41,0,'2015-03-31 15:43:11',NULL,NULL,NULL,NULL,NULL,NULL,NULL,NULL,NULL,NULL,0,'file:///H:/CHTN%20QC/_CHTN%20QC%20Files/M1141021A.jpg','file:///H:/CHTN%20QC/_CHTN%20QC%20Files/M1141021.pdf','file:///H:/CHTN%20QC/_CHTN%20QC%20Files/M1141021A.svs',NULL,NULL,NULL,NULL,NULL,NULL,NULL,38,NULL);
/*!40000 ALTER TABLE `qc_result` ENABLE KEYS */;
UNLOCK TABLES;

--
-- Table structure for table `race`
--

DROP TABLE IF EXISTS `race`;
/*!40101 SET @saved_cs_client     = @@character_set_client */;
/*!40101 SET character_set_client = utf8 */;
CREATE TABLE `race` (
  `id` bigint(20) NOT NULL AUTO_INCREMENT,
  `version` bigint(20) NOT NULL,
  `description` varchar(255) NOT NULL,
  PRIMARY KEY (`id`)
) ENGINE=InnoDB AUTO_INCREMENT=8 DEFAULT CHARSET=latin1;
/*!40101 SET character_set_client = @saved_cs_client */;

--
-- Dumping data for table `race`
--

LOCK TABLES `race` WRITE;
/*!40000 ALTER TABLE `race` DISABLE KEYS */;
INSERT INTO `race` VALUES (1,0,'American Indian'),(2,0,'Asian/Pacific Island'),(3,0,'Black'),(4,0,'Hispanic'),(5,0,'White'),(6,0,'Other'),(7,0,'Unknown');
/*!40000 ALTER TABLE `race` ENABLE KEYS */;
UNLOCK TABLES;

--
-- Table structure for table `service_program_type`
--

DROP TABLE IF EXISTS `service_program_type`;
/*!40101 SET @saved_cs_client     = @@character_set_client */;
/*!40101 SET character_set_client = utf8 */;
CREATE TABLE `service_program_type` (
  `id` bigint(20) NOT NULL AUTO_INCREMENT,
  `version` bigint(20) NOT NULL,
  `description` varchar(255) NOT NULL,
  PRIMARY KEY (`id`)
) ENGINE=InnoDB AUTO_INCREMENT=6 DEFAULT CHARSET=latin1;
/*!40101 SET character_set_client = @saved_cs_client */;

--
-- Dumping data for table `service_program_type`
--

LOCK TABLES `service_program_type` WRITE;
/*!40000 ALTER TABLE `service_program_type` DISABLE KEYS */;
INSERT INTO `service_program_type` VALUES (1,0,'CHTN only'),(2,0,'CCC only'),(3,0,'CHTN and CCC'),(4,0,'Temporary Stock'),(5,0,'Not Applicable');
/*!40000 ALTER TABLE `service_program_type` ENABLE KEYS */;
UNLOCK TABLES;

--
-- Table structure for table `ship_mode`
--

DROP TABLE IF EXISTS `ship_mode`;
/*!40101 SET @saved_cs_client     = @@character_set_client */;
/*!40101 SET character_set_client = utf8 */;
CREATE TABLE `ship_mode` (
  `id` bigint(20) NOT NULL AUTO_INCREMENT,
  `version` bigint(20) NOT NULL,
  `description` varchar(255) NOT NULL,
  PRIMARY KEY (`id`)
) ENGINE=InnoDB AUTO_INCREMENT=5 DEFAULT CHARSET=latin1;
/*!40101 SET character_set_client = @saved_cs_client */;

--
-- Dumping data for table `ship_mode`
--

LOCK TABLES `ship_mode` WRITE;
/*!40000 ALTER TABLE `ship_mode` DISABLE KEYS */;
INSERT INTO `ship_mode` VALUES (1,0,'FedEx'),(2,0,'UPS'),(3,0,'Hand Delivery'),(4,0,'Courier');
/*!40000 ALTER TABLE `ship_mode` ENABLE KEYS */;
UNLOCK TABLES;

--
-- Table structure for table `shipment`
--

DROP TABLE IF EXISTS `shipment`;
/*!40101 SET @saved_cs_client     = @@character_set_client */;
/*!40101 SET character_set_client = utf8 */;
CREATE TABLE `shipment` (
  `id` bigint(20) NOT NULL AUTO_INCREMENT,
  `version` bigint(20) NOT NULL,
  `status` varchar(255) NOT NULL,
  PRIMARY KEY (`id`)
) ENGINE=InnoDB DEFAULT CHARSET=latin1;
/*!40101 SET character_set_client = @saved_cs_client */;

--
-- Dumping data for table `shipment`
--

LOCK TABLES `shipment` WRITE;
/*!40000 ALTER TABLE `shipment` DISABLE KEYS */;
/*!40000 ALTER TABLE `shipment` ENABLE KEYS */;
UNLOCK TABLES;

--
-- Table structure for table `shipping_cart`
--

DROP TABLE IF EXISTS `shipping_cart`;
/*!40101 SET @saved_cs_client     = @@character_set_client */;
/*!40101 SET character_set_client = utf8 */;
CREATE TABLE `shipping_cart` (
  `id` bigint(20) NOT NULL AUTO_INCREMENT,
  `version` bigint(20) NOT NULL,
  `attention_to` varchar(255) DEFAULT NULL,
  `city` varchar(255) DEFAULT NULL,
  `comments_other` varchar(255) DEFAULT NULL,
  `comments_packing_slip` varchar(255) DEFAULT NULL,
  `country` varchar(255) DEFAULT NULL,
  `date_created` datetime NOT NULL,
  `delivery_method_account` varchar(255) DEFAULT NULL,
  `department` varchar(255) DEFAULT NULL,
  `description` varchar(255) NOT NULL,
  `e_ramp_number` varchar(255) DEFAULT NULL,
  `institution` varchar(255) DEFAULT NULL,
  `institutions_allowed_id` bigint(20) NOT NULL,
  `investigator_id` bigint(20) NOT NULL,
  `invoice_id` bigint(20) DEFAULT NULL,
  `phone` varchar(255) DEFAULT NULL,
  `po_or_ref_number` varchar(255) DEFAULT NULL,
  `qc_status_filter_id` bigint(20) NOT NULL,
  `ship_date` datetime DEFAULT NULL,
  `ship_mode_id` bigint(20) DEFAULT NULL,
  `shipping_cost` decimal(19,2) DEFAULT NULL,
  `state` varchar(255) DEFAULT NULL,
  `status_id` bigint(20) DEFAULT NULL,
  `street_address1` varchar(255) DEFAULT NULL,
  `street_address2` varchar(255) DEFAULT NULL,
  `tracking_number` varchar(255) DEFAULT NULL,
  `zip_code` varchar(255) DEFAULT NULL,
  PRIMARY KEY (`id`),
  KEY `FK205BB311D5402B44` (`investigator_id`),
  KEY `FK205BB311E10E8E30` (`invoice_id`),
  KEY `FK205BB31171329AB2` (`status_id`),
  KEY `FK205BB3112CA9E9E` (`qc_status_filter_id`),
  KEY `FK205BB3116CFAB5D` (`ship_mode_id`),
  KEY `FK205BB311D3DD244B` (`institutions_allowed_id`),
  CONSTRAINT `FK205BB3112CA9E9E` FOREIGN KEY (`qc_status_filter_id`) REFERENCES `shipping_cart_qc_status` (`id`) ON DELETE NO ACTION ON UPDATE NO ACTION,
  CONSTRAINT `FK205BB3116CFAB5D` FOREIGN KEY (`ship_mode_id`) REFERENCES `ship_mode` (`id`) ON DELETE NO ACTION ON UPDATE NO ACTION,
  CONSTRAINT `FK205BB31171329AB2` FOREIGN KEY (`status_id`) REFERENCES `shipping_cart_status` (`id`) ON DELETE NO ACTION ON UPDATE NO ACTION,
  CONSTRAINT `FK205BB311D3DD244B` FOREIGN KEY (`institutions_allowed_id`) REFERENCES `shipping_cart_institutions_allowed` (`id`) ON DELETE NO ACTION ON UPDATE NO ACTION,
  CONSTRAINT `FK205BB311D5402B44` FOREIGN KEY (`investigator_id`) REFERENCES `investigator` (`id`) ON DELETE NO ACTION ON UPDATE NO ACTION,
  CONSTRAINT `FK205BB311E10E8E30` FOREIGN KEY (`invoice_id`) REFERENCES `invoice` (`id`) ON DELETE NO ACTION ON UPDATE NO ACTION
) ENGINE=InnoDB AUTO_INCREMENT=37 DEFAULT CHARSET=latin1;
/*!40101 SET character_set_client = @saved_cs_client */;

--
-- Dumping data for table `shipping_cart`
--

LOCK TABLES `shipping_cart` WRITE;
/*!40000 ALTER TABLE `shipping_cart` DISABLE KEYS */;
INSERT INTO `shipping_cart` VALUES (1,3,'LEONA AYERS','COLUMBUS',NULL,NULL,'USA','2014-05-04 23:13:03',NULL,'PATHOLOGY','','12345','THE OHIO STATE UNIVERSITY',1,972,NULL,NULL,NULL,2,'2014-05-04 00:00:00',NULL,NULL,'OH',2,'AIDS & CANCER SPECIMEN RESOURC','2001 POLARIS PARKWAY, ROOM 130',NULL,'43240'),(2,3,'STUART AARONSON','NEW YORK',NULL,NULL,'USA','2014-05-06 11:35:57',NULL,'ONCOLOGICAL SCIENCES','',NULL,'MOUNT SINAI SCHOOL OF MEDICINE',1,351,4,NULL,NULL,2,'2014-05-06 00:00:00',NULL,NULL,'NY',2,'1425 MADISON AVE.','1602-ICAHN',NULL,'10029'),(3,2,'LEONA AYERS','COLUMBUS',NULL,NULL,'USA','2014-05-09 18:55:31',NULL,'PATHOLOGY','',NULL,'THE OHIO STATE UNIVERSITY',1,972,NULL,NULL,NULL,2,'2014-05-13 00:00:00',NULL,NULL,'OH',2,'AIDS & CANCER SPECIMEN RESOURC','2001 POLARIS PARKWAY, ROOM 130',NULL,'43240'),(4,14,'STUART AARONSON','NEW YORK',NULL,NULL,'USA','2014-05-13 15:26:14',NULL,'ONCOLOGICAL SCIENCES','',NULL,'MOUNT SINAI SCHOOL OF MEDICINE',1,351,5,NULL,NULL,2,'2014-05-13 00:00:00',NULL,NULL,'NY',2,'1425 MADISON AVE.','1602-ICAHN',NULL,'10029'),(5,3,'LEONA AYERS','COLUMBUS',NULL,NULL,'USA','2014-05-14 11:25:24',NULL,'PATHOLOGY','',NULL,'THE OHIO STATE UNIVERSITY',1,972,NULL,NULL,NULL,1,'2015-11-05 00:00:00',NULL,NULL,'OH',2,'AIDS & CANCER SPECIMEN RESOURC','2001 POLARIS PARKWAY, ROOM 130',NULL,'43240'),(6,3,'LEONA AYERS','COLUMBUS',NULL,NULL,'USA','2014-05-14 11:26:47',NULL,'PATHOLOGY','',NULL,'THE OHIO STATE UNIVERSITY',1,972,NULL,NULL,NULL,2,'2015-11-15 00:00:00',NULL,NULL,'OH',2,'AIDS & CANCER SPECIMEN RESOURC','2001 POLARIS PARKWAY, ROOM 130',NULL,'43240'),(7,2,'LEONA AYERS','COLUMBUS',NULL,NULL,'USA','2014-05-14 14:20:38',NULL,'PATHOLOGY','Osu only test',NULL,'THE OHIO STATE UNIVERSITY',2,972,NULL,NULL,NULL,2,'2014-05-14 00:00:00',NULL,NULL,'OH',2,'AIDS & CANCER SPECIMEN RESOURC','2001 POLARIS PARKWAY, ROOM 130',NULL,'43240'),(8,3,'LEONA AYERS','COLUMBUS',NULL,NULL,'USA','2014-05-14 14:26:44',NULL,'PATHOLOGY','',NULL,'THE OHIO STATE UNIVERSITY',3,972,2,NULL,NULL,2,'2014-05-14 00:00:00',NULL,10.00,'OH',2,'AIDS & CANCER SPECIMEN RESOURC','2001 POLARIS PARKWAY, ROOM 130',NULL,'43240'),(9,2,'LEONA AYERS','COLUMBUS',NULL,NULL,'USA','2014-05-14 14:32:58',NULL,'PATHOLOGY','',NULL,'THE OHIO STATE UNIVERSITY',2,972,NULL,NULL,NULL,2,'2014-05-14 00:00:00',NULL,NULL,'OH',2,'AIDS & CANCER SPECIMEN RESOURC','2001 POLARIS PARKWAY, ROOM 130',NULL,'43240'),(10,3,'DANIEL BIRMINGHAM','COLUMBUS',NULL,NULL,'USA','2014-05-14 15:16:59',NULL,'INTERNAL MEDICINE','',NULL,'THE OHIO STATE UNIVERSITY',3,924,6,NULL,NULL,2,'2014-05-14 00:00:00',NULL,NULL,'OH',2,'N210 MEANS HALL','1654 UPHAM DRIVE',NULL,'43210'),(11,4,'STUART AARONSON','NEW YORK',NULL,NULL,'USA','2014-06-02 08:27:46',NULL,'ONCOLOGICAL SCIENCES','',NULL,'MOUNT SINAI SCHOOL OF MEDICINE',1,351,10,NULL,NULL,2,'2014-06-20 00:00:00',NULL,NULL,'NY',2,'1425 MADISON AVE.','1602-ICAHN',NULL,'10029'),(12,6,'STUART AARONSON','NEW YORK',NULL,NULL,'USA','2014-06-02 08:27:46',NULL,'ONCOLOGICAL SCIENCES','',NULL,'MOUNT SINAI SCHOOL OF MEDICINE',1,351,16,NULL,NULL,2,'2015-11-26 00:00:00',NULL,NULL,'NY',2,'1425 MADISON AVE.','1602-ICAHN',NULL,'10029'),(13,6,'STUART AARONSON','NEW YORK',NULL,NULL,'USA','2014-06-02 08:28:07',NULL,'ONCOLOGICAL SCIENCES','',NULL,'MOUNT SINAI SCHOOL OF MEDICINE',1,351,17,NULL,NULL,2,'2015-11-30 00:00:00',NULL,NULL,'NY',2,'1425 MADISON AVE.','1602-ICAHN',NULL,'10029'),(14,4,'STUART AARONSON','NEW YORK',NULL,NULL,'USA','2014-06-02 08:28:07',NULL,'ONCOLOGICAL SCIENCES','',NULL,'MOUNT SINAI SCHOOL OF MEDICINE',1,351,13,NULL,NULL,2,'2015-11-19 00:00:00',NULL,NULL,'NY',2,'1425 MADISON AVE.','1602-ICAHN',NULL,'10029'),(15,8,'CHARIS ENG','CLEVELAND',NULL,NULL,'USA','2014-06-19 09:26:40',NULL,'GENOMIC MEDICINE INST. NE5-255','',NULL,'CLEVELAND CLINIC',3,301,11,NULL,NULL,2,'2014-06-19 00:00:00',NULL,NULL,'OH',2,'CHARIS ENG/CHARISSA PETERSON','2111 E 96TH ST.',NULL,'44106'),(16,3,'STUART AARONSON','NEW YORK',NULL,NULL,'USA','2014-06-30 14:01:02',NULL,'ONCOLOGICAL SCIENCES','',NULL,'MOUNT SINAI SCHOOL OF MEDICINE',1,351,14,NULL,NULL,2,'2015-11-20 00:00:00',NULL,NULL,'NY',2,'1425 MADISON AVE.','1602-ICAHN',NULL,'10029'),(18,6,'STUART AARONSON','NEW YORK',NULL,NULL,'USA','2014-08-19 13:14:21',NULL,'ONCOLOGICAL SCIENCES','',NULL,'MOUNT SINAI SCHOOL OF MEDICINE',1,351,NULL,NULL,NULL,1,'2015-12-01 00:00:00',NULL,NULL,'NY',2,'1425 MADISON AVE.','1602-ICAHN',NULL,'10029'),(19,7,'STUART AARONSON','NEW YORK',NULL,NULL,'USA','2015-03-09 14:52:28',NULL,'ONCOLOGICAL SCIENCES','',NULL,'MOUNT SINAI SCHOOL OF MEDICINE',1,351,12,NULL,NULL,1,'2015-03-09 00:00:00',NULL,NULL,'NY',2,'1425 MADISON AVE.','1602-ICAHN',NULL,'10029'),(20,2,'LEONA AYERS','COLUMBUS',NULL,NULL,'USA','2015-03-16 12:33:08',NULL,'PATHOLOGY','',NULL,'THE OHIO STATE UNIVERSITY',2,972,NULL,NULL,NULL,2,'2015-03-16 00:00:00',NULL,NULL,'OH',2,'AIDS & CANCER SPECIMEN RESOURC','2001 POLARIS PARKWAY, ROOM 130',NULL,'43240'),(21,3,'ADEL MIKHAIL','POWELL',NULL,NULL,'USA','2015-03-16 12:39:03',NULL,NULL,'',NULL,'PHYLOGENY, INC.',1,766,15,NULL,NULL,2,'2015-03-16 00:00:00',NULL,NULL,'OH',2,'1476 MANNING PARKWAY',NULL,NULL,'43065'),(22,2,'ADEL MIKHAIL','POWELL',NULL,NULL,'USA','2015-03-16 12:45:24',NULL,NULL,'',NULL,'PHYLOGENY, INC.',1,766,NULL,NULL,NULL,2,'2015-03-16 00:00:00',NULL,NULL,'OH',2,'1476 MANNING PARKWAY',NULL,NULL,'43065'),(23,2,'LEONA AYERS','COLUMBUS',NULL,NULL,'USA','2015-03-16 14:09:25',NULL,'PATHOLOGY','',NULL,'THE OHIO STATE UNIVERSITY',2,972,NULL,NULL,NULL,2,'2015-03-16 00:00:00',NULL,NULL,'OH',2,'AIDS & CANCER SPECIMEN RESOURC','2001 POLARIS PARKWAY, ROOM 130',NULL,'43240'),(24,36,'STUART AARONSON','NEW YORK',NULL,NULL,'USA','2015-03-20 12:28:20',NULL,'ONCOLOGICAL SCIENCES','',NULL,'MOUNT SINAI SCHOOL OF MEDICINE',1,351,5,NULL,NULL,2,'2015-10-31 00:00:00',NULL,NULL,'NY',2,'1425 MADISON AVE.','1602-ICAHN',NULL,'10029'),(25,6,'STUART AARONSON','NEW YORK',NULL,NULL,'USA','2015-03-20 12:31:03',NULL,'ONCOLOGICAL SCIENCES','',NULL,'MOUNT SINAI SCHOOL OF MEDICINE',1,351,NULL,NULL,NULL,2,'2016-01-08 00:00:00',NULL,NULL,'NY',1,'1425 MADISON AVE.','1602-ICAHN',NULL,'10029'),(26,1,'James','Columbus',NULL,NULL,NULL,'2015-03-20 13:05:17',NULL,NULL,'',NULL,'Ohio State University',1,351,NULL,NULL,NULL,2,NULL,NULL,NULL,'OH',1,'931 Oak St',NULL,NULL,'43205'),(27,8,'LEONA AYERS','COLUMBUS',NULL,NULL,'USA','2015-03-20 13:41:01',NULL,'PATHOLOGY','',NULL,'THE OHIO STATE UNIVERSITY',2,972,NULL,NULL,NULL,1,'2015-11-18 00:00:00',NULL,NULL,'OH',2,'AIDS & CANCER SPECIMEN RESOURC','2001 POLARIS PARKWAY, ROOM 130',NULL,'43240'),(28,17,'LEONA AYERS','COLUMBUS',NULL,NULL,'USA','2015-03-20 13:46:32',NULL,'PATHOLOGY','',NULL,'THE OHIO STATE UNIVERSITY',2,972,NULL,NULL,NULL,2,'2015-11-01 00:00:00',NULL,NULL,'OH',2,'AIDS & CANCER SPECIMEN RESOURC','2001 POLARIS PARKWAY, ROOM 130',NULL,'43240'),(29,0,NULL,NULL,NULL,NULL,NULL,'2015-03-20 14:18:01',NULL,NULL,'',NULL,NULL,1,351,NULL,NULL,NULL,2,NULL,NULL,NULL,NULL,1,NULL,NULL,NULL,NULL),(30,2,NULL,NULL,NULL,NULL,NULL,'2015-03-26 14:31:05',NULL,NULL,'test for reassign pre-RTP-IS',NULL,NULL,2,972,NULL,NULL,NULL,2,NULL,NULL,NULL,NULL,1,NULL,NULL,NULL,NULL),(31,3,NULL,NULL,NULL,NULL,NULL,'2015-03-30 17:54:01',NULL,NULL,'test prelim vs final',NULL,NULL,2,972,NULL,NULL,NULL,2,NULL,NULL,NULL,NULL,1,NULL,NULL,NULL,NULL),(32,3,'LEONA AYERS','COLUMBUS',NULL,NULL,'USA','2015-03-30 17:55:13',NULL,'PATHOLOGY','test prelim vs final',NULL,'THE OHIO STATE UNIVERSITY',2,972,NULL,NULL,NULL,1,'2015-11-16 00:00:00',NULL,NULL,'OH',2,'AIDS & CANCER SPECIMEN RESOURC','2001 POLARIS PARKWAY, ROOM 130',NULL,'43240'),(33,2,'M PERMUTT','ST. LOUIS',NULL,NULL,'USA','2015-05-06 13:17:30',NULL,'METABOLISM DIVISION','',NULL,'WASHINGTON UNIVERSITY SCH. OF MED.',1,644,NULL,NULL,NULL,2,'2015-11-09 00:00:00',NULL,NULL,'MO',2,'499 SOUTH EUCLID',NULL,NULL,'63110'),(34,2,'TIM LAUTENSCHLAEGER','COLUMBUS',NULL,NULL,'USA','2015-06-23 14:56:52',NULL,'RADIATION ONCOLOGY','testing CCF to OSU pre-RTP-IS','123456','THE OHIO STATE UNIVERSITY',2,984,NULL,NULL,NULL,2,'2015-10-31 00:00:00',3,NULL,'OH',2,'410 W 12TH AVE','WISEMAN HALL 385G',NULL,'43210'),(35,0,NULL,NULL,NULL,NULL,NULL,'2015-06-23 14:58:44',NULL,NULL,'testing CCF to OSU pre-RTP-IS (AFTER FAILED TO SEE SUBS IN cart candidates)',NULL,NULL,3,984,NULL,NULL,NULL,2,NULL,NULL,NULL,NULL,1,NULL,NULL,NULL,NULL),(36,0,NULL,NULL,NULL,NULL,NULL,'2015-10-26 11:59:49',NULL,NULL,'Test for chart review 7',NULL,NULL,1,351,NULL,NULL,NULL,1,NULL,NULL,NULL,NULL,1,NULL,NULL,NULL,NULL);
/*!40000 ALTER TABLE `shipping_cart` ENABLE KEYS */;
UNLOCK TABLES;

--
-- Table structure for table `shipping_cart_chart_reviews`
--

DROP TABLE IF EXISTS `shipping_cart_chart_reviews`;
/*!40101 SET @saved_cs_client     = @@character_set_client */;
/*!40101 SET character_set_client = utf8 */;
CREATE TABLE `shipping_cart_chart_reviews` (
  `shipping_cart_id` bigint(20) NOT NULL,
  `chart_review_id` bigint(20) NOT NULL,
  PRIMARY KEY (`shipping_cart_id`,`chart_review_id`),
  KEY `FKA69B080CEEE5D9AD` (`chart_review_id`),
  CONSTRAINT `FKA69B080CCD34A521` FOREIGN KEY (`shipping_cart_id`) REFERENCES `shipping_cart` (`id`) ON DELETE NO ACTION ON UPDATE NO ACTION,
  CONSTRAINT `FKA69B080CEEE5D9AD` FOREIGN KEY (`chart_review_id`) REFERENCES `chart_review` (`id`) ON DELETE NO ACTION ON UPDATE NO ACTION
) ENGINE=InnoDB DEFAULT CHARSET=latin1;
/*!40101 SET character_set_client = @saved_cs_client */;

--
-- Dumping data for table `shipping_cart_chart_reviews`
--

LOCK TABLES `shipping_cart_chart_reviews` WRITE;
/*!40000 ALTER TABLE `shipping_cart_chart_reviews` DISABLE KEYS */;
INSERT INTO `shipping_cart_chart_reviews` VALUES (6,4),(28,4),(12,5),(13,5),(18,5),(24,5),(12,6),(13,6),(18,6),(24,6),(6,7);
/*!40000 ALTER TABLE `shipping_cart_chart_reviews` ENABLE KEYS */;
UNLOCK TABLES;

--
-- Table structure for table `shipping_cart_institutions_allowed`
--

DROP TABLE IF EXISTS `shipping_cart_institutions_allowed`;
/*!40101 SET @saved_cs_client     = @@character_set_client */;
/*!40101 SET character_set_client = utf8 */;
CREATE TABLE `shipping_cart_institutions_allowed` (
  `id` bigint(20) NOT NULL AUTO_INCREMENT,
  `version` bigint(20) NOT NULL,
  `description` varchar(255) NOT NULL,
  PRIMARY KEY (`id`)
) ENGINE=InnoDB AUTO_INCREMENT=4 DEFAULT CHARSET=latin1;
/*!40101 SET character_set_client = @saved_cs_client */;

--
-- Dumping data for table `shipping_cart_institutions_allowed`
--

LOCK TABLES `shipping_cart_institutions_allowed` WRITE;
/*!40000 ALTER TABLE `shipping_cart_institutions_allowed` DISABLE KEYS */;
INSERT INTO `shipping_cart_institutions_allowed` VALUES (1,0,'All'),(2,0,'OSU only'),(3,0,'Non-OSU only');
/*!40000 ALTER TABLE `shipping_cart_institutions_allowed` ENABLE KEYS */;
UNLOCK TABLES;

--
-- Table structure for table `shipping_cart_qc_status`
--

DROP TABLE IF EXISTS `shipping_cart_qc_status`;
/*!40101 SET @saved_cs_client     = @@character_set_client */;
/*!40101 SET character_set_client = utf8 */;
CREATE TABLE `shipping_cart_qc_status` (
  `id` bigint(20) NOT NULL AUTO_INCREMENT,
  `version` bigint(20) NOT NULL,
  `description` varchar(255) NOT NULL,
  PRIMARY KEY (`id`)
) ENGINE=InnoDB AUTO_INCREMENT=3 DEFAULT CHARSET=latin1;
/*!40101 SET character_set_client = @saved_cs_client */;

--
-- Dumping data for table `shipping_cart_qc_status`
--

LOCK TABLES `shipping_cart_qc_status` WRITE;
/*!40000 ALTER TABLE `shipping_cart_qc_status` DISABLE KEYS */;
INSERT INTO `shipping_cart_qc_status` VALUES (1,0,'QC Complete'),(2,0,'Skip QC Check');
/*!40000 ALTER TABLE `shipping_cart_qc_status` ENABLE KEYS */;
UNLOCK TABLES;

--
-- Table structure for table `shipping_cart_status`
--

DROP TABLE IF EXISTS `shipping_cart_status`;
/*!40101 SET @saved_cs_client     = @@character_set_client */;
/*!40101 SET character_set_client = utf8 */;
CREATE TABLE `shipping_cart_status` (
  `id` bigint(20) NOT NULL AUTO_INCREMENT,
  `version` bigint(20) NOT NULL,
  `description` varchar(255) NOT NULL,
  PRIMARY KEY (`id`)
) ENGINE=InnoDB AUTO_INCREMENT=4 DEFAULT CHARSET=latin1;
/*!40101 SET character_set_client = @saved_cs_client */;

--
-- Dumping data for table `shipping_cart_status`
--

LOCK TABLES `shipping_cart_status` WRITE;
/*!40000 ALTER TABLE `shipping_cart_status` DISABLE KEYS */;
INSERT INTO `shipping_cart_status` VALUES (1,0,'Pending'),(2,0,'Shipped'),(3,0,'Investigator Contacted');
/*!40000 ALTER TABLE `shipping_cart_status` ENABLE KEYS */;
UNLOCK TABLES;

--
-- Table structure for table `shiro_role`
--

DROP TABLE IF EXISTS `shiro_role`;
/*!40101 SET @saved_cs_client     = @@character_set_client */;
/*!40101 SET character_set_client = utf8 */;
CREATE TABLE `shiro_role` (
  `id` bigint(20) NOT NULL AUTO_INCREMENT,
  `version` bigint(20) NOT NULL,
  `name` varchar(255) NOT NULL,
  PRIMARY KEY (`id`),
  UNIQUE KEY `UQ__shiro_ro__72E12F1B7682185A` (`name`)
) ENGINE=InnoDB AUTO_INCREMENT=3 DEFAULT CHARSET=latin1;
/*!40101 SET character_set_client = @saved_cs_client */;

--
-- Dumping data for table `shiro_role`
--

LOCK TABLES `shiro_role` WRITE;
/*!40000 ALTER TABLE `shiro_role` DISABLE KEYS */;
INSERT INTO `shiro_role` VALUES (1,5,'ROLE_ADMIN'),(2,19,'ROLE_USER');
/*!40000 ALTER TABLE `shiro_role` ENABLE KEYS */;
UNLOCK TABLES;

--
-- Table structure for table `shiro_role_permissions`
--

DROP TABLE IF EXISTS `shiro_role_permissions`;
/*!40101 SET @saved_cs_client     = @@character_set_client */;
/*!40101 SET character_set_client = utf8 */;
CREATE TABLE `shiro_role_permissions` (
  `shiro_role_id` bigint(20) DEFAULT NULL,
  `permissions_string` varchar(255) DEFAULT NULL,
  KEY `FK389B46C98BA4B1D` (`shiro_role_id`),
  CONSTRAINT `FK389B46C98BA4B1D` FOREIGN KEY (`shiro_role_id`) REFERENCES `shiro_role` (`id`) ON DELETE NO ACTION ON UPDATE NO ACTION
) ENGINE=InnoDB DEFAULT CHARSET=latin1;
/*!40101 SET character_set_client = @saved_cs_client */;

--
-- Dumping data for table `shiro_role_permissions`
--

LOCK TABLES `shiro_role_permissions` WRITE;
/*!40000 ALTER TABLE `shiro_role_permissions` DISABLE KEYS */;
INSERT INTO `shiro_role_permissions` VALUES (1,'*:*'),(2,'procedure:*:*'),(2,'patient:*:*'),(2,'chartReview:*:*'),(2,'specimenCategory:*:*'),(2,'consent:*:*'),(2,'familyHistory:*:*'),(2,'investigator:*:*'),(2,'medicalHistory:*:*'),(2,'medication:*:*'),(2,'preparationMedia:*:*'),(2,'primaryMets:*:*'),(2,'project:*:*'),(2,'protocol:*:*'),(2,'qcBatch:*:*'),(2,'qcResult:*:*'),(2,'shipment:*:*'),(2,'shippingCart:*:*'),(2,'specimen:*:*'),(2,'subSpecimen:*:*'),(2,'surgicalHistory:*:*'),(2,'tissueRequest:*:*'),(2,'invoice:*:*');
/*!40000 ALTER TABLE `shiro_role_permissions` ENABLE KEYS */;
UNLOCK TABLES;

--
-- Table structure for table `shiro_user`
--

DROP TABLE IF EXISTS `shiro_user`;
/*!40101 SET @saved_cs_client     = @@character_set_client */;
/*!40101 SET character_set_client = utf8 */;
CREATE TABLE `shiro_user` (
  `id` bigint(20) NOT NULL AUTO_INCREMENT,
  `version` bigint(20) NOT NULL,
  `email` varchar(255) DEFAULT NULL,
  `first_name` varchar(255) DEFAULT NULL,
  `last_name` varchar(255) DEFAULT NULL,
  `password_hash` varchar(255) NOT NULL,
  `username` varchar(255) NOT NULL,
  PRIMARY KEY (`id`),
  UNIQUE KEY `UQ__shiro_us__F3DBC5724A139D9E` (`username`)
) ENGINE=InnoDB AUTO_INCREMENT=21 DEFAULT CHARSET=latin1;
/*!40101 SET character_set_client = @saved_cs_client */;

--
-- Dumping data for table `shiro_user`
--

LOCK TABLES `shiro_user` WRITE;
/*!40000 ALTER TABLE `shiro_user` DISABLE KEYS */;
INSERT INTO `shiro_user` VALUES (1,1,NULL,NULL,NULL,'3da98ef75bbbb772aeb00cb7df4eda491bedc979888ac84c131ee5fb030f8026','admin'),(2,1,NULL,NULL,NULL,'900cce752a3b46a9b9c639fa994757669e52fcd52b6f940284e948eb5940a0bd','dkellough'),(3,1,NULL,NULL,NULL,'23a39d4b29d77ea1e1b0eebc7eaaefcaeeaa84d1abf6f902614076bcfc87ab15','shammond'),(4,1,NULL,NULL,NULL,'98428757170b267425e36ad124f2e9f998782fb471091fb61e08d5c92155572a','jbacher'),(5,1,NULL,NULL,NULL,'7248ec42c9382c2b62f25559871190ed20dd36d81565335f85cec8e7e765025f','sjewell'),(6,1,NULL,NULL,NULL,'612f7f104c1070d38a75ae7ff35bace0e42ef5a8fd9b879cbb4cd000d2e06451','cconant'),(7,1,NULL,NULL,NULL,'348767713d50cbd4832b53eeffe94ca1e6a1acac3a06f27e465fd7b1cbf17bb1','layers'),(8,1,NULL,NULL,NULL,'8379dddcd2903d5cfc4a8cfa105d33e08887619f2fd55ac6ffe502e8751b804f','sbelcher'),(9,1,NULL,NULL,NULL,'9d79345a7f065b59f41b3275774cceca8adc9283afe89bbf6a1117c606f8fcbd','thatter'),(10,1,NULL,NULL,NULL,'e8eca73c69f66fdffc3dc74ccfacd7d11cc3d9b9d276c6f3dba1895f1d1defbb','rmandt'),(11,1,NULL,NULL,NULL,'2afd1a201d4dd535d428c6ef05cf71b9ec2dfe76334ed76ff2359f4228be37be','tjordan'),(12,1,NULL,NULL,NULL,'bcf552cb53c361f9e00ffa7dd66decec11dfba6eb60807734db75552eee9bffc','tplab'),(13,1,NULL,NULL,NULL,'98f688857905ded2545c8bfb105e7732da77831bf845cee68749917b6b47fc44','ljohnson'),(15,1,NULL,NULL,NULL,'dd227f2f79745f6203550a56ed2fbe63e4ef5effd07bae7ce6d3883e8fa4666f','jhandzel'),(16,1,NULL,NULL,NULL,'e165f112b6f0106c762be4fd6df4dc065b145507933e88e165dbae21f0683c8d','jramaradjou'),(17,1,NULL,NULL,NULL,'c8794c7f268bd40ba413e8d3beab3d6b798ad816ee51c427dedd653cabd1aecd','tpgeneral'),(18,0,NULL,NULL,NULL,'efa9f5c6d770bef62455d6f7888bc9c4771703859de1e8f8f9a334858f1d2919','sscrape'),(19,1,NULL,NULL,NULL,'5e884898da28047151d0e56f8dc6292773603d0d6aabbdd62a11ef721d1542d8','user123'),(20,0,NULL,'James',NULL,'5e884898da28047151d0e56f8dc6292773603d0d6aabbdd62a11ef721d1542d8','james');
/*!40000 ALTER TABLE `shiro_user` ENABLE KEYS */;
UNLOCK TABLES;

--
-- Table structure for table `shiro_user_permissions`
--

DROP TABLE IF EXISTS `shiro_user_permissions`;
/*!40101 SET @saved_cs_client     = @@character_set_client */;
/*!40101 SET character_set_client = utf8 */;
CREATE TABLE `shiro_user_permissions` (
  `shiro_user_id` bigint(20) DEFAULT NULL,
  `permissions_string` varchar(255) DEFAULT NULL,
  KEY `FK34555A9EADE50EFD` (`shiro_user_id`),
  CONSTRAINT `FK34555A9EADE50EFD` FOREIGN KEY (`shiro_user_id`) REFERENCES `shiro_user` (`id`) ON DELETE NO ACTION ON UPDATE NO ACTION
) ENGINE=InnoDB DEFAULT CHARSET=latin1;
/*!40101 SET character_set_client = @saved_cs_client */;

--
-- Dumping data for table `shiro_user_permissions`
--

LOCK TABLES `shiro_user_permissions` WRITE;
/*!40000 ALTER TABLE `shiro_user_permissions` DISABLE KEYS */;
INSERT INTO `shiro_user_permissions` VALUES (19,'*:*');
/*!40000 ALTER TABLE `shiro_user_permissions` ENABLE KEYS */;
UNLOCK TABLES;

--
-- Table structure for table `shiro_user_roles`
--

DROP TABLE IF EXISTS `shiro_user_roles`;
/*!40101 SET @saved_cs_client     = @@character_set_client */;
/*!40101 SET character_set_client = utf8 */;
CREATE TABLE `shiro_user_roles` (
  `shiro_role_id` bigint(20) NOT NULL,
  `shiro_user_id` bigint(20) NOT NULL,
  PRIMARY KEY (`shiro_user_id`,`shiro_role_id`),
  KEY `FKBA2210578BA4B1D` (`shiro_role_id`),
  CONSTRAINT `FKBA2210578BA4B1D` FOREIGN KEY (`shiro_role_id`) REFERENCES `shiro_role` (`id`) ON DELETE NO ACTION ON UPDATE NO ACTION,
  CONSTRAINT `FKBA221057ADE50EFD` FOREIGN KEY (`shiro_user_id`) REFERENCES `shiro_user` (`id`) ON DELETE NO ACTION ON UPDATE NO ACTION
) ENGINE=InnoDB DEFAULT CHARSET=latin1;
/*!40101 SET character_set_client = @saved_cs_client */;

--
-- Dumping data for table `shiro_user_roles`
--

LOCK TABLES `shiro_user_roles` WRITE;
/*!40000 ALTER TABLE `shiro_user_roles` DISABLE KEYS */;
INSERT INTO `shiro_user_roles` VALUES (1,1),(1,15),(1,16),(1,18),(1,19),(2,1),(2,2),(2,3),(2,4),(2,5),(2,6),(2,7),(2,8),(2,9),(2,10),(2,11),(2,12),(2,13),(2,15),(2,16),(2,17),(2,20);
/*!40000 ALTER TABLE `shiro_user_roles` ENABLE KEYS */;
UNLOCK TABLES;

--
-- Table structure for table `side`
--

DROP TABLE IF EXISTS `side`;
/*!40101 SET @saved_cs_client     = @@character_set_client */;
/*!40101 SET character_set_client = utf8 */;
CREATE TABLE `side` (
  `id` bigint(20) NOT NULL AUTO_INCREMENT,
  `version` bigint(20) NOT NULL,
  `description` varchar(255) NOT NULL,
  PRIMARY KEY (`id`)
) ENGINE=InnoDB AUTO_INCREMENT=4 DEFAULT CHARSET=latin1;
/*!40101 SET character_set_client = @saved_cs_client */;

--
-- Dumping data for table `side`
--

LOCK TABLES `side` WRITE;
/*!40000 ALTER TABLE `side` DISABLE KEYS */;
INSERT INTO `side` VALUES (1,0,'Not Specified'),(2,0,'Left'),(3,0,'Right');
/*!40000 ALTER TABLE `side` ENABLE KEYS */;
UNLOCK TABLES;

--
-- Table structure for table `size_measurement`
--

DROP TABLE IF EXISTS `size_measurement`;
/*!40101 SET @saved_cs_client     = @@character_set_client */;
/*!40101 SET character_set_client = utf8 */;
CREATE TABLE `size_measurement` (
  `id` bigint(20) NOT NULL AUTO_INCREMENT,
  `version` bigint(20) NOT NULL,
  `description` varchar(255) NOT NULL,
  PRIMARY KEY (`id`)
) ENGINE=InnoDB AUTO_INCREMENT=4 DEFAULT CHARSET=latin1;
/*!40101 SET character_set_client = @saved_cs_client */;

--
-- Dumping data for table `size_measurement`
--

LOCK TABLES `size_measurement` WRITE;
/*!40000 ALTER TABLE `size_measurement` DISABLE KEYS */;
INSERT INTO `size_measurement` VALUES (1,0,'mm'),(2,0,'cm'),(3,0,'in');
/*!40000 ALTER TABLE `size_measurement` ENABLE KEYS */;
UNLOCK TABLES;

--
-- Table structure for table `special_diet`
--

DROP TABLE IF EXISTS `special_diet`;
/*!40101 SET @saved_cs_client     = @@character_set_client */;
/*!40101 SET character_set_client = utf8 */;
CREATE TABLE `special_diet` (
  `id` bigint(20) NOT NULL AUTO_INCREMENT,
  `version` bigint(20) NOT NULL,
  `description` varchar(255) NOT NULL,
  PRIMARY KEY (`id`)
) ENGINE=InnoDB AUTO_INCREMENT=8 DEFAULT CHARSET=latin1;
/*!40101 SET character_set_client = @saved_cs_client */;

--
-- Dumping data for table `special_diet`
--

LOCK TABLES `special_diet` WRITE;
/*!40000 ALTER TABLE `special_diet` DISABLE KEYS */;
INSERT INTO `special_diet` VALUES (1,0,'None'),(2,0,'Diabetic'),(3,0,'Fat-restricted'),(4,0,'Salt-restricted'),(5,0,'Vegetarian'),(6,0,'Unknown'),(7,0,'Other');
/*!40000 ALTER TABLE `special_diet` ENABLE KEYS */;
UNLOCK TABLES;

--
-- Table structure for table `specimen`
--

DROP TABLE IF EXISTS `specimen`;
/*!40101 SET @saved_cs_client     = @@character_set_client */;
/*!40101 SET character_set_client = utf8 */;
CREATE TABLE `specimen` (
  `id` bigint(20) NOT NULL AUTO_INCREMENT,
  `version` bigint(20) NOT NULL,
  `alternate_specimenid` varchar(255) DEFAULT NULL,
  `comments` varchar(255) DEFAULT NULL,
  `date_created` datetime NOT NULL,
  `hours_post_autopsy` int(11) DEFAULT NULL,
  `mets_to_anatomic_site_id` bigint(20) DEFAULT NULL,
  `preliminary_diagnosis_id` bigint(20) DEFAULT NULL,
  `preliminary_mod_diagnosis_id` bigint(20) DEFAULT NULL,
  `preliminary_primary_anatomic_site_id` bigint(20) NOT NULL,
  `preliminary_sub_diagnosis_id` bigint(20) DEFAULT NULL,
  `preliminary_tissue_type_id` bigint(20) NOT NULL,
  `primary_or_mets_id` bigint(20) DEFAULT NULL,
  `procedure_id` bigint(20) NOT NULL,
  `procurement_date` datetime NOT NULL,
  `qc_batch_id` bigint(20) DEFAULT NULL,
  `qc_method_id` bigint(20) NOT NULL,
  `side_id` bigint(20) DEFAULT NULL,
  `specimen_chtn_id` varchar(255) NOT NULL,
  `tech_initials_id` bigint(20) NOT NULL,
  `time_prepared` datetime DEFAULT NULL,
  `time_received` datetime DEFAULT NULL,
  `specimen_category_id` bigint(20) DEFAULT NULL,
  PRIMARY KEY (`id`),
  UNIQUE KEY `UQ__specimen__E6ADCA4BE85F27B8` (`specimen_chtn_id`),
  KEY `FK80DF0308C518FE95` (`specimen_category_id`),
  KEY `FK80DF030897FA16F0` (`procedure_id`),
  KEY `FK80DF0308D267CBAB` (`qc_batch_id`),
  KEY `FK80DF0308E4D34A78` (`preliminary_tissue_type_id`),
  KEY `FK80DF030894F1E409` (`qc_method_id`),
  KEY `FK80DF0308F5A56E84` (`side_id`),
  KEY `FK80DF0308AE006D1B` (`preliminary_primary_anatomic_site_id`),
  KEY `FK80DF0308DA255668` (`preliminary_mod_diagnosis_id`),
  KEY `FK80DF0308B0737599` (`preliminary_diagnosis_id`),
  KEY `FK80DF03083DECA26C` (`preliminary_sub_diagnosis_id`),
  KEY `FK80DF030865FBDE4D` (`tech_initials_id`),
  KEY `FK80DF03085FF5C243` (`mets_to_anatomic_site_id`),
  KEY `FK80DF03087D7A9813` (`primary_or_mets_id`),
  CONSTRAINT `FK80DF03083DECA26C` FOREIGN KEY (`preliminary_sub_diagnosis_id`) REFERENCES `sub_diagnosis` (`id`) ON DELETE NO ACTION ON UPDATE NO ACTION,
  CONSTRAINT `FK80DF03085FF5C243` FOREIGN KEY (`mets_to_anatomic_site_id`) REFERENCES `mets_to_anatomic_site` (`id`) ON DELETE NO ACTION ON UPDATE NO ACTION,
  CONSTRAINT `FK80DF030865FBDE4D` FOREIGN KEY (`tech_initials_id`) REFERENCES `procurement_tech_initials` (`id`) ON DELETE NO ACTION ON UPDATE NO ACTION,
  CONSTRAINT `FK80DF03087D7A9813` FOREIGN KEY (`primary_or_mets_id`) REFERENCES `primary_mets` (`id`) ON DELETE NO ACTION ON UPDATE NO ACTION,
  CONSTRAINT `FK80DF030894F1E409` FOREIGN KEY (`qc_method_id`) REFERENCES `qc_method` (`id`) ON DELETE NO ACTION ON UPDATE NO ACTION,
  CONSTRAINT `FK80DF030897FA16F0` FOREIGN KEY (`procedure_id`) REFERENCES `clinical_procedure` (`id`) ON DELETE NO ACTION ON UPDATE NO ACTION,
  CONSTRAINT `FK80DF0308AE006D1B` FOREIGN KEY (`preliminary_primary_anatomic_site_id`) REFERENCES `anatomic_site` (`id`) ON DELETE NO ACTION ON UPDATE NO ACTION,
  CONSTRAINT `FK80DF0308B0737599` FOREIGN KEY (`preliminary_diagnosis_id`) REFERENCES `diagnosis` (`id`) ON DELETE NO ACTION ON UPDATE NO ACTION,
  CONSTRAINT `FK80DF0308C518FE95` FOREIGN KEY (`specimen_category_id`) REFERENCES `specimen_category` (`id`) ON DELETE NO ACTION ON UPDATE NO ACTION,
  CONSTRAINT `FK80DF0308D267CBAB` FOREIGN KEY (`qc_batch_id`) REFERENCES `qc_batch` (`id`) ON DELETE NO ACTION ON UPDATE NO ACTION,
  CONSTRAINT `FK80DF0308DA255668` FOREIGN KEY (`preliminary_mod_diagnosis_id`) REFERENCES `mod_diagnosis` (`id`) ON DELETE NO ACTION ON UPDATE NO ACTION,
  CONSTRAINT `FK80DF0308E4D34A78` FOREIGN KEY (`preliminary_tissue_type_id`) REFERENCES `tissue_type` (`id`) ON DELETE NO ACTION ON UPDATE NO ACTION,
  CONSTRAINT `FK80DF0308F5A56E84` FOREIGN KEY (`side_id`) REFERENCES `side` (`id`) ON DELETE NO ACTION ON UPDATE NO ACTION
) ENGINE=InnoDB AUTO_INCREMENT=76 DEFAULT CHARSET=latin1;
/*!40101 SET character_set_client = @saved_cs_client */;

--
-- Dumping data for table `specimen`
--

LOCK TABLES `specimen` WRITE;
/*!40000 ALTER TABLE `specimen` DISABLE KEYS */;
INSERT INTO `specimen` VALUES (1,56,NULL,NULL,'2014-05-01 13:24:43',NULL,1,19,NULL,17,NULL,3,1,1,'2015-04-03 00:00:00',1,1,1,'M1141000A',2,'1970-01-01 10:00:00',NULL,NULL),(2,58,NULL,NULL,'2014-05-02 12:06:28',NULL,2,NULL,NULL,1,NULL,2,1,1,'2015-04-20 00:00:00',3,1,1,'M1141001A',2,'1970-01-01 11:35:00','1970-01-01 09:05:00',1),(5,0,'none','none','2014-05-08 13:25:17',2,2,11,77,2,1,1,2,6,'2015-04-08 00:00:00',NULL,1,1,'M1141004A',1,'1970-01-01 12:35:00','1970-01-01 11:15:00',2),(6,0,NULL,'none','2014-05-08 16:58:29',2,2,11,77,1,1,1,2,6,'2015-04-18 00:00:00',NULL,1,1,'M1141004B',1,'1970-01-01 14:53:00','1970-01-01 13:20:00',6),(7,3,NULL,NULL,'2014-05-12 11:23:16',NULL,3,1,NULL,1,NULL,2,2,10,'2015-04-21 00:00:00',6,1,1,'M1141005A',2,'1970-01-01 08:02:00','1970-01-01 07:30:00',8),(8,56,NULL,NULL,'2014-05-13 11:05:27',NULL,3,NULL,NULL,1,NULL,2,NULL,11,'2015-04-30 00:00:00',7,1,1,'M1141006A',2,'1970-01-01 11:00:00','1970-01-01 09:50:00',3),(9,56,NULL,NULL,'2014-05-13 11:10:17',NULL,4,NULL,NULL,1,NULL,2,NULL,11,'2015-03-31 00:00:00',8,1,1,'M1141007A',2,'1970-01-01 12:20:00','1970-01-01 18:30:00',4),(10,56,NULL,NULL,'2014-05-13 11:25:25',NULL,4,NULL,NULL,1,NULL,2,NULL,11,'2015-05-01 00:00:00',2,1,1,'M1141008A',2,'1970-01-01 10:01:00',NULL,NULL),(11,56,NULL,NULL,'2014-05-13 11:31:59',NULL,10,NULL,NULL,1,NULL,2,NULL,11,'2014-04-13 00:00:00',8,1,1,'M1141009A',2,NULL,NULL,NULL),(12,56,NULL,NULL,'2014-05-13 11:32:31',NULL,10,NULL,NULL,1,NULL,2,NULL,11,'2014-04-14 00:00:00',9,1,1,'M1141010A',2,NULL,NULL,NULL),(13,56,NULL,NULL,'2014-05-13 11:33:15',NULL,10,NULL,NULL,1,NULL,2,NULL,11,'2014-04-30 00:00:00',10,1,1,'M1141011A',2,NULL,NULL,NULL),(14,56,NULL,NULL,'2014-05-13 12:50:30',NULL,15,NULL,NULL,1,NULL,2,NULL,11,'2014-04-01 00:00:00',10,1,1,'M1141012A',2,NULL,NULL,NULL),(15,56,NULL,NULL,'2014-05-13 12:51:01',NULL,NULL,NULL,NULL,1,NULL,1,NULL,11,'2014-03-11 00:00:00',10,1,1,'M1141013A',2,NULL,NULL,NULL),(17,1,NULL,NULL,'2014-05-14 14:25:15',NULL,NULL,NULL,NULL,1,NULL,2,1,12,'2014-05-01 00:00:00',13,1,1,'M3141001A',2,NULL,NULL,NULL),(18,0,NULL,NULL,'2014-05-16 11:08:51',NULL,NULL,NULL,NULL,1,NULL,2,NULL,11,'2015-05-05 00:00:00',NULL,1,1,'M1141014A',2,NULL,NULL,NULL),(19,1,NULL,NULL,'2014-05-20 10:46:31',NULL,12,1,NULL,1,NULL,2,1,13,'2015-05-20 00:00:00',10,1,1,'M1141015A',2,NULL,NULL,NULL),(20,1,NULL,NULL,'2014-05-20 10:48:08',NULL,12,1,NULL,1,NULL,1,1,13,'2015-05-12 00:00:00',10,1,1,'M1141015B',2,NULL,NULL,NULL),(21,3,NULL,NULL,'2014-05-20 11:17:40',NULL,14,1,NULL,1,NULL,2,1,13,'2015-05-30 00:00:00',10,1,1,'M1141015C',2,NULL,NULL,NULL),(22,2,NULL,NULL,'2014-05-20 11:18:26',NULL,14,1,NULL,1,NULL,2,1,13,'2014-03-31 00:00:00',10,1,1,'M1141015D',2,NULL,NULL,NULL),(23,2,NULL,NULL,'2014-05-20 11:20:34',NULL,NULL,2,NULL,1,NULL,2,2,14,'2014-05-06 00:00:00',6,1,1,'M1141016A',2,NULL,NULL,NULL),(24,2,NULL,NULL,'2014-05-20 11:21:19',NULL,NULL,2,NULL,1,NULL,2,1,14,'2014-05-20 00:00:00',11,1,1,'M1141016B',2,NULL,NULL,NULL),(25,2,NULL,NULL,'2014-05-20 11:22:17',NULL,NULL,2,NULL,1,NULL,2,1,14,'2014-05-02 00:00:00',12,1,1,'M1141016C',2,NULL,NULL,NULL),(26,3,NULL,NULL,'2014-05-20 11:22:17',NULL,NULL,2,NULL,2,NULL,2,1,14,'2014-05-21 00:00:00',11,1,1,'M1141016D',2,NULL,NULL,NULL),(27,3,NULL,NULL,'2014-05-20 11:23:08',NULL,NULL,1,NULL,1,NULL,1,1,13,'2014-05-18 00:00:00',10,1,1,'M1141015E',2,NULL,NULL,NULL),(28,2,NULL,NULL,'2014-05-20 11:23:23',NULL,NULL,1,NULL,1,NULL,1,1,13,'2014-05-31 00:00:00',11,1,1,'M1141015F',2,NULL,NULL,NULL),(29,4,NULL,NULL,'2014-05-20 11:23:23',NULL,NULL,1,NULL,1,NULL,2,1,13,'2014-06-01 00:00:00',11,1,1,'M1141015G',2,NULL,NULL,1),(30,3,NULL,NULL,'2014-05-20 11:23:59',NULL,NULL,2,NULL,1,NULL,1,1,14,'2014-06-01 00:00:00',12,1,1,'M1141016E',2,NULL,NULL,NULL),(31,2,NULL,NULL,'2014-05-20 11:24:19',NULL,NULL,2,NULL,1,NULL,1,1,14,'2016-02-03 00:00:00',13,1,1,'M1141016F',2,NULL,NULL,NULL),(32,2,NULL,NULL,'2014-05-20 11:24:39',NULL,NULL,2,NULL,1,NULL,1,1,14,'2016-01-20 00:00:00',12,1,1,'M1141016G',2,NULL,NULL,NULL),(33,3,NULL,NULL,'2014-05-20 11:24:39',NULL,NULL,2,NULL,1,NULL,2,1,14,'2016-01-01 00:00:00',12,1,1,'M1141016H',2,NULL,NULL,NULL),(34,0,NULL,NULL,'2014-05-23 15:28:28',NULL,NULL,NULL,NULL,117,NULL,6,NULL,15,'2014-05-23 00:00:00',NULL,1,1,'M1141017A',2,NULL,NULL,3),(35,0,NULL,NULL,'2014-05-23 15:29:02',NULL,NULL,11,NULL,1,NULL,2,1,15,'2014-05-23 00:00:00',NULL,1,1,'M1141018A',2,NULL,NULL,1),(36,0,NULL,NULL,'2014-05-27 11:13:00',NULL,NULL,36,NULL,117,NULL,6,NULL,19,'2014-05-27 00:00:00',NULL,1,1,'M1141019A',3,'1970-01-01 11:12:00','1970-01-01 11:00:00',2),(37,1,NULL,NULL,'2014-05-30 15:13:39',NULL,NULL,8,NULL,47,NULL,2,1,20,'2014-05-30 00:00:00',12,1,1,'M1141020A',2,NULL,NULL,1),(38,1,NULL,NULL,'2014-06-04 10:36:34',NULL,NULL,NULL,NULL,1,NULL,2,NULL,6,'2014-04-01 00:00:00',19,1,1,'M1141021A',2,NULL,NULL,3),(39,2,NULL,NULL,'2014-06-04 10:37:07',NULL,NULL,NULL,NULL,1,NULL,2,NULL,6,'2014-04-30 00:00:00',NULL,1,1,'M1141021B',2,NULL,NULL,1),(40,0,NULL,NULL,'2014-06-04 10:55:24',NULL,23,36,NULL,17,NULL,2,2,21,'2014-04-15 00:00:00',NULL,1,1,'M1141022A',3,'1970-01-01 13:30:00','1970-01-01 13:00:00',2),(41,2,NULL,NULL,'2014-06-17 13:41:46',NULL,1,1,NULL,51,NULL,2,1,23,'2016-02-02 00:00:00',6,1,1,'M1141023A',2,NULL,NULL,2),(42,1,NULL,NULL,'2014-06-18 09:32:34',NULL,2,5,NULL,15,NULL,2,2,23,'2016-01-30 00:00:00',13,1,1,'M1141024A',2,NULL,NULL,3),(43,0,NULL,NULL,'2014-06-18 11:42:10',NULL,51,6,NULL,25,NULL,2,2,24,'2016-02-01 00:00:00',NULL,1,1,'M1141025A',3,'1970-01-01 11:45:00','1970-01-01 11:00:00',3),(44,1,NULL,NULL,'2014-06-19 09:23:28',NULL,NULL,NULL,NULL,119,NULL,2,1,25,'2014-06-09 00:00:00',NULL,1,1,'M4140467A',4,'1970-01-01 12:10:00','1970-01-01 12:00:00',1),(45,3,NULL,NULL,'2014-06-19 09:24:44',NULL,NULL,NULL,NULL,119,NULL,3,1,25,'2014-06-11 00:00:00',7,1,1,'M4140467B',4,'1970-01-01 12:10:00','1970-01-01 12:00:00',NULL),(46,0,NULL,NULL,'2014-06-19 10:06:20',NULL,NULL,4,NULL,1,NULL,2,1,23,'2016-01-27 00:00:00',NULL,1,1,'M1141026A',2,'1970-01-01 10:15:00','1970-01-01 10:00:00',1),(48,0,NULL,NULL,'2014-06-19 13:59:52',NULL,NULL,NULL,NULL,119,NULL,1,NULL,28,'2014-06-15 00:00:00',NULL,1,1,'M1141028A',1,'1970-01-01 16:05:00','1970-01-01 14:30:00',2),(49,0,NULL,NULL,'2014-06-27 13:16:32',NULL,NULL,NULL,NULL,119,NULL,2,NULL,29,'2016-01-24 00:00:00',NULL,1,1,'M1141029A',2,NULL,NULL,3),(50,0,NULL,NULL,'2014-06-30 13:58:33',NULL,NULL,4,NULL,119,NULL,2,1,32,'2016-01-03 00:00:00',NULL,1,1,'M1141030A',2,NULL,NULL,3),(55,2,NULL,NULL,'2014-08-19 10:55:37',NULL,NULL,1,NULL,1,NULL,1,1,13,'2014-05-20 00:00:00',16,1,1,'M1141015H',2,NULL,NULL,NULL),(57,2,NULL,NULL,'2015-03-16 12:29:43',NULL,NULL,NULL,NULL,2,NULL,2,1,36,'2015-03-16 00:00:00',14,1,1,'M1150002A',5,NULL,NULL,8),(58,1,NULL,NULL,'2015-03-16 12:31:26',NULL,NULL,NULL,NULL,10,NULL,3,NULL,37,'2015-03-16 00:00:00',15,1,1,'M1150003A',5,NULL,NULL,7),(59,1,NULL,NULL,'2015-03-16 14:08:26',NULL,NULL,NULL,NULL,5,NULL,3,NULL,38,'2015-03-16 00:00:00',16,1,1,'M1150004A',5,NULL,NULL,1),(60,1,NULL,NULL,'2015-03-16 14:17:20',NULL,NULL,1,NULL,1,NULL,1,1,13,'2014-05-20 00:00:00',NULL,1,1,'M1141015I',2,NULL,NULL,NULL),(61,3,NULL,NULL,'2015-03-20 13:15:51',NULL,NULL,NULL,NULL,119,NULL,2,1,39,'2015-03-20 00:00:00',17,1,1,'M1150005A',5,NULL,NULL,1),(62,3,NULL,NULL,'2015-03-20 13:21:05',NULL,NULL,NULL,NULL,119,NULL,4,1,39,'2015-03-20 00:00:00',18,1,1,'M1150005B',5,NULL,NULL,NULL),(63,1,NULL,NULL,'2015-03-20 13:23:27',NULL,NULL,NULL,NULL,119,NULL,2,NULL,39,'2015-03-20 00:00:00',NULL,4,1,'M1150005C',5,NULL,NULL,NULL),(64,2,NULL,'test to see if on packing slip','2015-03-20 15:14:44',NULL,2,1,NULL,1,NULL,2,2,39,'2016-03-31 00:00:00',16,1,1,'M1150005D',5,NULL,'1970-01-01 06:00:00',NULL),(65,5,'test ALTERNATE ID','test abcde fghij klmno pqrst uvwxyz ABCDE FGHIJ KLMNO PQRST UVWXYZ','2015-03-23 17:37:06',1,1,217,16,40,31,2,2,21,'2016-04-01 00:00:00',16,1,2,'M1150006A',5,'1970-01-01 21:45:00','1970-01-01 14:50:00',1),(66,3,NULL,NULL,'2015-03-23 17:38:32',NULL,NULL,NULL,NULL,40,NULL,2,NULL,21,'2016-04-23 00:00:00',16,1,1,'M1150006B',5,'1970-01-01 15:40:00','1970-01-01 07:15:00',1),(67,1,'M1141234','test case for reassign pre-RTP-IS segment','2015-03-26 14:19:38',NULL,NULL,NULL,NULL,119,NULL,1,1,41,'2014-03-26 00:00:00',NULL,4,1,'M1150007A',5,NULL,NULL,1),(68,0,NULL,'testing specimen ID','2015-04-02 13:03:40',NULL,NULL,1,77,40,1,2,1,21,'2016-04-24 00:00:00',16,4,2,'M1150008A',5,'1970-01-01 16:30:00','1970-01-01 09:45:00',4),(69,1,NULL,NULL,'2015-04-16 12:10:24',NULL,NULL,NULL,NULL,119,NULL,1,NULL,42,'2015-04-16 00:00:00',NULL,1,1,'DGNforCWR',1,'1970-01-01 17:35:00','1970-01-01 13:35:00',1),(70,0,NULL,NULL,'2015-05-06 13:15:43',NULL,NULL,NULL,NULL,17,NULL,1,NULL,43,'2012-06-29 00:00:00',NULL,4,1,'M1121987A',5,NULL,NULL,5),(71,0,NULL,NULL,'2015-05-13 14:40:27',NULL,NULL,NULL,NULL,119,NULL,2,NULL,40,'2016-04-30 00:00:00',16,1,1,'M1150009A',5,'1970-01-01 08:30:00','1970-01-01 11:00:00',1),(72,2,NULL,NULL,'2015-05-13 14:57:41',NULL,NULL,NULL,NULL,40,NULL,2,NULL,21,'2016-05-01 00:00:00',16,1,1,'M1150010A',5,'1970-01-01 17:45:00','1970-01-01 08:45:00',2),(73,0,NULL,NULL,'2015-05-13 14:59:46',NULL,NULL,NULL,NULL,119,NULL,2,NULL,40,'2015-03-23 00:00:00',NULL,1,1,'M1150010B',5,'1970-01-01 15:45:00','1970-01-01 12:30:00',NULL),(74,2,NULL,NULL,'2015-06-23 11:19:52',NULL,NULL,NULL,NULL,119,NULL,2,1,12,'2014-05-14 00:00:00',NULL,1,1,'M3141001B',2,NULL,NULL,NULL),(75,0,NULL,'testing CCF to OSU pre-RTP-IS','2015-06-23 14:53:30',NULL,NULL,NULL,NULL,119,NULL,2,NULL,45,'2016-01-25 00:00:00',NULL,4,1,'M1149999A',5,NULL,NULL,1);
/*!40000 ALTER TABLE `specimen` ENABLE KEYS */;
UNLOCK TABLES;

--
-- Table structure for table `specimen_category`
--

DROP TABLE IF EXISTS `specimen_category`;
/*!40101 SET @saved_cs_client     = @@character_set_client */;
/*!40101 SET character_set_client = utf8 */;
CREATE TABLE `specimen_category` (
  `id` bigint(20) NOT NULL AUTO_INCREMENT,
  `version` bigint(20) NOT NULL,
  `description` varchar(255) NOT NULL,
  PRIMARY KEY (`id`)
) ENGINE=InnoDB AUTO_INCREMENT=9 DEFAULT CHARSET=latin1;
/*!40101 SET character_set_client = @saved_cs_client */;

--
-- Dumping data for table `specimen_category`
--

LOCK TABLES `specimen_category` WRITE;
/*!40000 ALTER TABLE `specimen_category` DISABLE KEYS */;
INSERT INTO `specimen_category` VALUES (1,0,'TISSUE'),(2,0,'URINE'),(3,0,'BLOOD'),(4,0,'PLASMA'),(5,0,'SERUM'),(6,0,'SMEAR'),(7,0,'DNA'),(8,0,'BUFFY COAT');
/*!40000 ALTER TABLE `specimen_category` ENABLE KEYS */;
UNLOCK TABLES;

--
-- Table structure for table `specimen_number_tracker`
--

DROP TABLE IF EXISTS `specimen_number_tracker`;
/*!40101 SET @saved_cs_client     = @@character_set_client */;
/*!40101 SET character_set_client = utf8 */;
CREATE TABLE `specimen_number_tracker` (
  `id` bigint(20) NOT NULL AUTO_INCREMENT,
  `version` bigint(20) NOT NULL,
  `institution_number` int(11) NOT NULL,
  `last_number` int(11) NOT NULL,
  `year` int(11) NOT NULL,
  PRIMARY KEY (`id`)
) ENGINE=InnoDB AUTO_INCREMENT=3 DEFAULT CHARSET=latin1;
/*!40101 SET character_set_client = @saved_cs_client */;

--
-- Dumping data for table `specimen_number_tracker`
--

LOCK TABLES `specimen_number_tracker` WRITE;
/*!40000 ALTER TABLE `specimen_number_tracker` DISABLE KEYS */;
INSERT INTO `specimen_number_tracker` VALUES (1,31,1,1032,2014),(2,10,1,10,2015);
/*!40000 ALTER TABLE `specimen_number_tracker` ENABLE KEYS */;
UNLOCK TABLES;

--
-- Table structure for table `stage`
--

DROP TABLE IF EXISTS `stage`;
/*!40101 SET @saved_cs_client     = @@character_set_client */;
/*!40101 SET character_set_client = utf8 */;
CREATE TABLE `stage` (
  `id` bigint(20) NOT NULL AUTO_INCREMENT,
  `version` bigint(20) NOT NULL,
  `value` int(11) NOT NULL,
  PRIMARY KEY (`id`)
) ENGINE=InnoDB AUTO_INCREMENT=5 DEFAULT CHARSET=latin1;
/*!40101 SET character_set_client = @saved_cs_client */;

--
-- Dumping data for table `stage`
--

LOCK TABLES `stage` WRITE;
/*!40000 ALTER TABLE `stage` DISABLE KEYS */;
INSERT INTO `stage` VALUES (1,0,1),(2,0,2),(3,0,3),(4,0,4);
/*!40000 ALTER TABLE `stage` ENABLE KEYS */;
UNLOCK TABLES;

--
-- Table structure for table `sub_diagnosis`
--

DROP TABLE IF EXISTS `sub_diagnosis`;
/*!40101 SET @saved_cs_client     = @@character_set_client */;
/*!40101 SET character_set_client = utf8 */;
CREATE TABLE `sub_diagnosis` (
  `id` bigint(20) NOT NULL AUTO_INCREMENT,
  `version` bigint(20) NOT NULL,
  `description` varchar(255) NOT NULL,
  PRIMARY KEY (`id`)
) ENGINE=InnoDB AUTO_INCREMENT=235 DEFAULT CHARSET=latin1;
/*!40101 SET character_set_client = @saved_cs_client */;

--
-- Dumping data for table `sub_diagnosis`
--

LOCK TABLES `sub_diagnosis` WRITE;
/*!40000 ALTER TABLE `sub_diagnosis` DISABLE KEYS */;
INSERT INTO `sub_diagnosis` VALUES (1,0,'ADENOCARCINOID TUMOR'),(2,0,'ADENOMATOUS TYPE'),(3,0,'ADENOSARCOMA'),(4,0,'ALCL, ALK-neg'),(5,0,'ALCL, ALK-pos'),(6,0,'ALCL, B-CELL'),(7,0,'ALCL, NK CELL'),(8,0,'ALCL, Pri. Cutaneous'),(9,0,'ALCOHOLIC TYPE'),(10,0,'ALL/ACUTE LYMPHOCYTIC'),(11,0,'Alpha heavy chain disease'),(12,0,'ALVEOLAR SOFT PART SARCOMA'),(13,0,'AMELANOTIC TYPE'),(14,0,'AMELOBLASTIC FIBROSARCOMA'),(15,0,'AMELOBLASTIC ODONTOSARCOMA'),(16,0,'AML/ACUTE MYELOBLASTIC'),(17,0,'ANAPLASTIC TYPE'),(18,0,'ANGIOCENTRIC TYPE'),(19,0,'ANGIOMATOUS TYPE'),(20,0,'ANGIOMYOSARCOMA'),(21,0,'ANGIOSARCOMA'),(22,0,'APOCRINE TYPE'),(23,0,'ATYPICAL TYPE'),(24,0,'BALLOON CELL TYPE'),(25,0,'BASALOID TYPE'),(26,0,'B-CELL TYPE'),(27,0,'BLBL, hypodiploidy'),(28,0,'BLBL, acute (ALL)'),(29,0,'BLBL, B lymphoblastic (NOS)'),(30,0,'BLBL, hyperdiploidy'),(31,0,'BLBL, t(1;19)(q23;p13.3); E2A-PBX1 (TCF3-PBX1)'),(32,0,'BLBL, t(5;14)(q31;q32); IL3-IGH'),(33,0,'BLBL, t(9;22)(q34;q11.2); BCR-ABL1'),(34,0,'BLBL, t(v;11q23); MLL rearranged'),(35,0,'BURKITT TYPE'),(36,0,'CARCINOID TUMOR'),(37,0,'CARCINOSARCOMA*'),(38,0,'Cellular TYPE'),(39,0,'CERUMINOUS type'),(40,0,'CHONDROBLASTOMA'),(41,0,'CHONDROSARCOMA'),(42,0,'CHORDOID TYPE'),(43,0,'CHRONIC'),(44,0,'CLEAR CELL TYPE'),(45,0,'CLL, SCL Chronic Lymphocytic'),(46,0,'CML, CHRONIC MYELOCYTIC'),(47,0,'COMEDO TYPE'),(48,0,'CORTICAL'),(49,0,'CRIBIFORM TYPE'),(50,0,'CYSTIC TYPE'),(51,0,'CYSTITIS, CHRONIC'),(52,0,'DCIS (DUCTAL CA IN SITU)'),(53,0,'DCS, Fibroblastic'),(54,0,'DCS, Follicular'),(55,0,'DCS, Interdigitating'),(56,0,'DCT, Dendritic cell tumor'),(57,0,'DERMATOFIBROSARCOMA'),(58,0,'DESMOPLASTIC TYPE'),(59,0,'DIFFUSE TYPE'),(60,0,'Disseminated juvenile xanthogranuloma'),(61,0,'DLBCL, associated chronic inflammation'),(62,0,'DLBCL, ABC'),(63,0,'DLBCL, arising FL'),(64,0,'DLBCL, Diff Large B-cell NOS'),(65,0,'DLBCL, Diffuse large B-cell lymphoma (NOS)'),(66,0,'DLBCL, Epstein-Barr virus (EBV)-positive'),(67,0,'DLBCL, GCB'),(68,0,'DLBCL, MYC Double Hit'),(69,0,'DLBCL, MYC Triple Hit'),(70,0,'DLBCL, Primary CNS'),(71,0,'DLBCL, Primary cutaneous leg type'),(72,0,'DLBCL, Sarcomatoid'),(73,0,'DUCTAL AND LOBULAR TYPE'),(74,0,'DUCTAL TYPE'),(75,0,'DYSPLASTIC TYPE'),(76,0,'ECCRINE TYPE'),(77,0,'EMBRYONAL TYPE'),(78,0,'ENDOMETRIAL STROMAL SARCOMA'),(79,0,'ENDOMETRIOID TYPE'),(80,0,'Enterochromaffin cell carcinoid'),(81,0,'Enterochromaffin-like cell tumor'),(82,0,'Enteroglucagonoma'),(83,0,'EPITHELOID CELL TYPE'),(84,0,'EWING SARCOMA'),(85,0,'EWINGS COMPLEX'),(86,0,'Fascial fibrosarcoma'),(87,0,'FCL, Follicular Center NOS'),(88,0,'Fibrillary TYPE'),(89,0,'Fibroblastic reticular cell tumor'),(90,0,'FIBROLAMELLAR TYPE'),(91,0,'FIBROMYXOSARCOMA'),(92,0,'FIBROSARCOMA'),(93,0,'FIBROSARCOMA'),(94,0,'FIBROUS (fibroblastic) TYPE'),(95,0,'FL, Follicular'),(96,0,'FL, I'),(97,0,'FL, II'),(98,0,'FL, III'),(99,0,'FL, IIIa'),(100,0,'FL, IIIb'),(101,0,'FOLLICULAR TYPE'),(102,0,'FOLLICULAR TYPE'),(103,0,'Gamma heavy chain disease'),(104,0,'Gastrinoma'),(105,0,'Gemistocytic TYPE'),(106,0,'Giant cell tumor of bone'),(107,0,'GIANT CELL TYPE'),(108,0,'Gliomatosis cerebri'),(109,0,'GLIOSARCOMA'),(110,0,'GLOMANGIOSARCOMA'),(111,0,'GRAVES DZ'),(112,0,'Hairy cell leukemia'),(113,0,'Hairy cell leukemia-variant'),(114,0,'HASHIMOTOS'),(115,0,'HEMANGIOSARCOMA'),(116,0,'HISTOCYTIC TYPE'),(117,0,'HL, Classical subtype NOS'),(118,0,'HL, Lymphocyte-depleted classical'),(119,0,'HL, Lymphocyte-rich classical'),(120,0,'HL, Mixed cellularity classical'),(121,0,'HL, Nodular lymphocyte predominant'),(122,0,'HL, Nodular sclerosis classical'),(123,0,'Hydroa vacciniforme-like lymphoma'),(124,0,'INFANTILE TYPE'),(125,0,'Intraneural TYPE'),(126,0,'JUXTACORTICAL OSTEOSARCOMA'),(127,0,'KAPOSI SARCOMA*'),(128,0,'LANGERHANS CELL TYPE'),(129,0,'LARGE CELL TYPE'),(130,0,'LBCL, Intravascular'),(131,0,'LBCL, Large B-cell lymphoma'),(132,0,'LBCL, T cell/histiocyte-rich'),(133,0,'LBCL-P MEDIASTINAL (THYMIC)'),(134,0,'LCIS (LOBULAR CA IN SITU)'),(135,0,'LEIOMYOSARCOMA*'),(136,0,'LIPOSARCOMA*'),(137,0,'LOBULAR TYPE'),(138,0,'LYMPHANGIOSARCOMA*'),(139,0,'LYMPHOCYTIC'),(140,0,'Lymphomatoid granulomatosis'),(141,0,'Lymphomatoid papulosis'),(142,0,'Lymphoplasmacyte-rich (lymphoplasmacytic) TYPE'),(143,0,'MCL, blastoid variant'),(144,0,'MCL, Classical variant'),(145,0,'MCL, monocytoid variant'),(146,0,'MCL, pleomorphic variant'),(147,0,'MCL, small cell variant'),(148,0,'MEDULLARY TYPE'),(149,0,'MELANOTIC TYPE'),(150,0,'MENINGOTHELIAL TYPE'),(151,0,'Mesenchymoma'),(152,0,'METAPLASTIC TYPE'),(153,0,'MICROCYSTIC TYPE'),(154,0,'MICROPAPILLARY TYPE'),(155,0,'MIXED EPITHEL. & SPINDLE CELL TYPE'),(156,0,'MIXED TYPE'),(157,0,'MOD DIFFERENTIATED'),(158,0,'MONOCYTIC TYPE'),(159,0,'Mu heavy chain disease'),(160,0,'MUCINOUS TYPE'),(161,0,'MUCOSAL LENTIGINOUS TYPE'),(162,0,'MYELOID SARCOMA'),(163,0,'MYOSARCOMA'),(164,0,'MYXOID TYPE'),(165,0,'MYXOPAPILLARY TYPE'),(166,0,'MYXOSARCOMA'),(167,0,'MZL, MALTÂ '),(168,0,'MZL, Nodal'),(169,0,'MZL, splenic'),(170,0,'NEUROFIBROSARCOMA'),(171,0,'NK, T-cell AGGRESSIVE TYPE'),(172,0,'NK, T-cell, nasal type'),(173,0,'ODONTOGENIC CARCINOSARCOMA'),(174,0,'ODONTOGENIC TUMOR'),(175,0,'OLIGODENDROGLIOMA'),(176,0,'OSTEOSARCOMA'),(177,0,'OSTEOSARCOMA*'),(178,0,'OVARY (DERMOID)'),(179,0,'OXYPHILIC TYPE'),(180,0,'PAPILLARY TYPE'),(181,0,'PEL (Primary effusion lymphoma)'),(182,0,'Pilocytic astrocytoma'),(183,0,'Pilomyxoid astrocytoma'),(184,0,'PLASMABLASTIC TYPE'),(185,0,'PLASMACYTIC'),(186,0,'PLASMACYTOMA'),(187,0,'PLEOMORPHIC TYPE'),(188,0,'PLEXIFORM TYPE'),(189,0,'POORLY DIFFERENTIATED'),(190,0,'PRIMITIVE'),(191,0,'PROTOPLASMIC TYPE'),(192,0,'PSAMMOMATOUS TYPE'),(193,0,'PTLD, HL Classical type'),(194,0,'PTLD, Infectious mononucleosis-like'),(195,0,'PTLD, Monomorphic (B- and T/NK-cell types)'),(196,0,'PTLD, Polymorphic'),(197,0,'RHABDOID TYPE'),(198,0,'RHABDOMYOSARCOMA*'),(199,0,'SBCL, Splenic B-cell unclassifiable'),(200,0,'SBCL, Splenic diffuse red pulp'),(201,0,'SEBACEOUS TYPE'),(202,0,'SECRETORY TYPE'),(203,0,'SEROUS TYPE'),(204,0,'SEX-CORD STROMAL TUMOR'),(205,0,'SMALL CELL TYPE'),(206,0,'SMALL CELL TYPE'),(207,0,'SMALL ROUND CELL TUMOR'),(208,0,'SOFT TISSUE TYPE'),(209,0,'SOLID Type'),(210,0,'SOLITARY FIBROUS TUMOR'),(211,0,'SOMATOSTATINOMA'),(212,0,'SPINDLE CELL TYPE'),(213,0,'STROMAL SARCOMA'),(214,0,'Subependymal giant cell TYPE'),(215,0,'SUPERFICIAL SPREADING TYPE'),(216,0,'SYNOVIAL SARCOMA'),(217,0,'TANYCYTIC TYPE'),(218,0,'TCL, Angioimmunoblastic'),(219,0,'TCL, CD4 small/medium cell'),(220,0,'TCL, CD8 aggressive epitropic cytotoxic'),(221,0,'TCL, Enteropathy-associated'),(222,0,'TCL, Hepatosplenic'),(223,0,'TCL, Subcutaneous panniculitis-like'),(224,0,'TCL, T-cell large granular lymphocytic'),(225,0,'TCL, T-cell lymphoma NOS'),(226,0,'TCL, T-cell prolymphocytic leukemia'),(227,0,'TCL, T-cell, MATURE TYPE'),(228,0,'TLBL, T-CELL LYMPHOBLASTIC'),(229,0,'TRABECULAR TYPE'),(230,0,'TRANSITIONAL (mixed) TYPE'),(231,0,'TUBULAR TYPE'),(232,0,'VENOUS TYPE'),(233,0,'VILLOUS TYPE'),(234,0,'WELL DIFFERENTIATED');
/*!40000 ALTER TABLE `sub_diagnosis` ENABLE KEYS */;
UNLOCK TABLES;

--
-- Table structure for table `sub_procedure_name`
--

DROP TABLE IF EXISTS `sub_procedure_name`;
/*!40101 SET @saved_cs_client     = @@character_set_client */;
/*!40101 SET character_set_client = utf8 */;
CREATE TABLE `sub_procedure_name` (
  `id` bigint(20) NOT NULL AUTO_INCREMENT,
  `version` bigint(20) NOT NULL,
  `description` varchar(255) NOT NULL,
  PRIMARY KEY (`id`)
) ENGINE=InnoDB AUTO_INCREMENT=23 DEFAULT CHARSET=latin1;
/*!40101 SET character_set_client = @saved_cs_client */;

--
-- Dumping data for table `sub_procedure_name`
--

LOCK TABLES `sub_procedure_name` WRITE;
/*!40000 ALTER TABLE `sub_procedure_name` DISABLE KEYS */;
INSERT INTO `sub_procedure_name` VALUES (1,0,'Bilateral'),(2,0,'Bone Marrow'),(3,0,'Breast'),(4,0,'Chest Wall'),(5,0,'CPA'),(6,0,'Mass'),(7,0,'Exp Lap'),(8,0,'Facial'),(9,0,'Groin'),(10,0,'Heart'),(11,0,'Lymph Node'),(12,0,'Lipoma'),(13,0,'Liver'),(14,0,'Lung Wedge'),(15,0,'Lobectomy (Lung)'),(16,0,'Melanoma'),(17,0,'Neck'),(18,0,'Sarcoma'),(19,0,'Small Bowel'),(20,0,'Hemi'),(21,0,'Ureterectomy'),(22,0,'Wide');
/*!40000 ALTER TABLE `sub_procedure_name` ENABLE KEYS */;
UNLOCK TABLES;

--
-- Table structure for table `subspecimen`
--

DROP TABLE IF EXISTS `subspecimen`;
/*!40101 SET @saved_cs_client     = @@character_set_client */;
/*!40101 SET character_set_client = utf8 */;
CREATE TABLE `subspecimen` (
  `id` bigint(20) NOT NULL AUTO_INCREMENT,
  `version` bigint(20) NOT NULL,
  `called` tinyint(3) unsigned NOT NULL,
  `comments` varchar(255) DEFAULT NULL,
  `date_created` datetime NOT NULL,
  `date_deidentified` datetime DEFAULT NULL,
  `date_price_updated` datetime DEFAULT NULL,
  `date_transferred_to_iw` datetime DEFAULT NULL,
  `deidentified` tinyint(3) unsigned NOT NULL,
  `emailed` tinyint(3) unsigned NOT NULL,
  `investigator_id` bigint(20) DEFAULT NULL,
  `label_comment` varchar(255) DEFAULT NULL,
  `needs_chart_review` tinyint(3) unsigned NOT NULL,
  `preparation_media_id` bigint(20) DEFAULT NULL,
  `preparation_type_id` bigint(20) NOT NULL,
  `price` decimal(19,2) DEFAULT NULL,
  `shipping_cart_id` bigint(20) DEFAULT NULL,
  `size_height` decimal(19,2) DEFAULT NULL,
  `size_length` decimal(19,2) DEFAULT NULL,
  `size_unit_id` bigint(20) DEFAULT NULL,
  `size_width` decimal(19,2) DEFAULT NULL,
  `specimen_id` bigint(20) NOT NULL,
  `status_id` bigint(20) NOT NULL,
  `status_change_date` datetime DEFAULT NULL,
  `subspecimen_chtn_id` varchar(255) NOT NULL,
  `tissue_request_id` bigint(20) DEFAULT NULL,
  `transferred_to_iw` tinyint(3) unsigned NOT NULL,
  `volume` decimal(19,2) DEFAULT NULL,
  `volume_unit_id` bigint(20) DEFAULT NULL,
  `weight` decimal(19,2) DEFAULT NULL,
  `weight_unit_id` bigint(20) DEFAULT NULL,
  `subspecimens_idx` int(11) DEFAULT NULL,
  PRIMARY KEY (`id`),
  KEY `FKCB5E8148CD34A521` (`shipping_cart_id`),
  KEY `FKCB5E8148AF2F9FE4` (`specimen_id`),
  KEY `FKCB5E8148BC99F529` (`weight_unit_id`),
  KEY `FKCB5E8148D6CF9165` (`tissue_request_id`),
  KEY `FKCB5E81489667CA09` (`size_unit_id`),
  KEY `FKCB5E814898C059E9` (`volume_unit_id`),
  KEY `FKCB5E8148650FEFF8` (`status_id`),
  KEY `FKCB5E814891AD4CB5` (`preparation_media_id`),
  KEY `FKCB5E8148D398BE9F` (`preparation_type_id`),
  KEY `FKCB5E8148D5402B44` (`investigator_id`),
  CONSTRAINT `FKCB5E8148650FEFF8` FOREIGN KEY (`status_id`) REFERENCES `subspecimen_status` (`id`) ON DELETE NO ACTION ON UPDATE NO ACTION,
  CONSTRAINT `FKCB5E814891AD4CB5` FOREIGN KEY (`preparation_media_id`) REFERENCES `preparation_media` (`id`) ON DELETE NO ACTION ON UPDATE NO ACTION,
  CONSTRAINT `FKCB5E81489667CA09` FOREIGN KEY (`size_unit_id`) REFERENCES `size_measurement` (`id`) ON DELETE NO ACTION ON UPDATE NO ACTION,
  CONSTRAINT `FKCB5E814898C059E9` FOREIGN KEY (`volume_unit_id`) REFERENCES `volume_measurement` (`id`) ON DELETE NO ACTION ON UPDATE NO ACTION,
  CONSTRAINT `FKCB5E8148AF2F9FE4` FOREIGN KEY (`specimen_id`) REFERENCES `specimen` (`id`) ON DELETE NO ACTION ON UPDATE NO ACTION,
  CONSTRAINT `FKCB5E8148BC99F529` FOREIGN KEY (`weight_unit_id`) REFERENCES `weight_measurement` (`id`) ON DELETE NO ACTION ON UPDATE NO ACTION,
  CONSTRAINT `FKCB5E8148CD34A521` FOREIGN KEY (`shipping_cart_id`) REFERENCES `shipping_cart` (`id`) ON DELETE NO ACTION ON UPDATE NO ACTION,
  CONSTRAINT `FKCB5E8148D398BE9F` FOREIGN KEY (`preparation_type_id`) REFERENCES `preparation_type` (`id`) ON DELETE NO ACTION ON UPDATE NO ACTION,
  CONSTRAINT `FKCB5E8148D5402B44` FOREIGN KEY (`investigator_id`) REFERENCES `investigator` (`id`) ON DELETE NO ACTION ON UPDATE NO ACTION,
  CONSTRAINT `FKCB5E8148D6CF9165` FOREIGN KEY (`tissue_request_id`) REFERENCES `tissue_request` (`id`) ON DELETE NO ACTION ON UPDATE NO ACTION
) ENGINE=InnoDB AUTO_INCREMENT=128 DEFAULT CHARSET=latin1;
/*!40101 SET character_set_client = @saved_cs_client */;

--
-- Dumping data for table `subspecimen`
--

LOCK TABLES `subspecimen` WRITE;
/*!40000 ALTER TABLE `subspecimen` DISABLE KEYS */;
INSERT INTO `subspecimen` VALUES (1,3,0,NULL,'2014-05-01 13:25:25',NULL,NULL,NULL,0,0,351,'As the Texas senator gains ground over the billionaire businessman',1,18,2,4.50,2,NULL,NULL,NULL,NULL,1,1,NULL,'1',1,0,NULL,NULL,0.25,1,NULL),(2,1,0,NULL,'2014-05-01 13:25:41',NULL,NULL,NULL,0,0,22,'The tension between both campaigns has heightened, leading to this weekend\'s sparring',0,21,1,33.14,NULL,NULL,NULL,NULL,NULL,1,1,NULL,'Q',NULL,0,NULL,NULL,0.50,1,NULL),(3,13,0,NULL,'2014-05-02 12:09:11',NULL,'2014-05-20 09:55:25',NULL,0,0,351,'Egyptian investigators have so far found no evidence of terrorism in October\'s deadly crash of a Russian passenger jet in Sinai',0,10,2,12.00,4,NULL,NULL,NULL,NULL,2,6,NULL,'1',NULL,0,1.00,1,NULL,NULL,NULL),(4,1,0,NULL,'2014-05-02 12:29:53',NULL,NULL,NULL,0,0,392,'Leading hoverboard maker Swagway confirmed to The Verge that the online retailer is requesting ',0,21,1,0.00,NULL,NULL,NULL,NULL,NULL,2,1,'2014-09-25 12:59:57','Q',NULL,0,NULL,NULL,1.30,1,NULL),(5,4,0,NULL,'2014-05-02 12:30:19',NULL,'2014-05-20 15:34:37',NULL,0,0,NULL,'The tension between both campaigns has heightened, leading to this weekend\'s sparring',0,10,2,18.00,NULL,1.00,1.00,1,1.00,2,1,NULL,'2',NULL,0,NULL,NULL,NULL,NULL,NULL),(11,4,0,NULL,'2014-05-08 13:28:36',NULL,'2014-05-19 15:42:35',NULL,0,0,972,'Leading hoverboard maker Swagway confirmed to The Verge that the online retailer is requesting ',1,6,3,18.00,3,NULL,NULL,NULL,NULL,5,6,NULL,'123',NULL,0,NULL,NULL,NULL,1,NULL),(12,2,0,NULL,'2014-05-08 14:09:26',NULL,NULL,NULL,0,0,972,NULL,0,9,1,0.00,9,NULL,NULL,NULL,NULL,5,6,NULL,'123',NULL,0,NULL,NULL,NULL,NULL,NULL),(13,0,0,NULL,'2014-05-12 11:23:34',NULL,NULL,NULL,0,0,NULL,NULL,0,21,1,0.00,NULL,NULL,NULL,NULL,NULL,7,4,NULL,'Q',NULL,0,NULL,NULL,1.70,1,NULL),(14,3,1,NULL,'2014-05-12 11:24:20',NULL,NULL,NULL,0,0,351,NULL,0,22,2,0.00,4,NULL,NULL,NULL,NULL,7,6,NULL,'1',1,0,NULL,NULL,1.50,1,NULL),(15,1,0,NULL,'2014-05-13 11:08:00',NULL,'2014-05-13 15:02:20',NULL,0,0,NULL,NULL,0,21,1,4.00,NULL,NULL,NULL,NULL,NULL,8,4,NULL,'Q',NULL,0,NULL,NULL,2.10,1,NULL),(16,1,0,NULL,'2014-05-13 11:10:27',NULL,'2014-05-20 09:50:43',NULL,0,0,NULL,NULL,0,21,1,5.00,NULL,NULL,NULL,NULL,NULL,9,4,NULL,'Q',NULL,0,NULL,NULL,1.20,1,NULL),(17,0,0,NULL,'2014-05-13 11:25:43',NULL,NULL,NULL,0,0,NULL,NULL,0,21,1,0.00,NULL,NULL,NULL,NULL,NULL,10,4,NULL,'Q',NULL,0,NULL,NULL,8.30,2,NULL),(18,0,0,NULL,'2014-05-13 11:32:10',NULL,NULL,NULL,0,0,NULL,NULL,0,21,1,0.00,NULL,NULL,NULL,NULL,NULL,11,4,NULL,'Q',NULL,0,NULL,NULL,NULL,1,NULL),(19,0,0,NULL,'2014-05-13 11:32:38',NULL,NULL,NULL,0,0,NULL,NULL,0,21,1,0.00,NULL,NULL,NULL,NULL,NULL,12,4,NULL,'Q',NULL,0,NULL,NULL,NULL,1,NULL),(20,0,0,NULL,'2014-05-13 11:33:21',NULL,NULL,NULL,0,0,NULL,NULL,0,21,1,0.00,NULL,NULL,NULL,NULL,NULL,13,4,NULL,'Q',NULL,0,NULL,NULL,NULL,1,NULL),(21,0,0,NULL,'2014-05-13 12:50:39',NULL,NULL,NULL,0,0,NULL,NULL,0,21,1,0.00,NULL,NULL,NULL,NULL,NULL,14,4,NULL,'Q',NULL,0,NULL,NULL,NULL,1,NULL),(22,0,0,NULL,'2014-05-13 12:51:05',NULL,NULL,NULL,0,0,NULL,NULL,0,21,1,0.00,NULL,NULL,NULL,NULL,NULL,15,4,NULL,'Q',NULL,0,NULL,NULL,NULL,1,NULL),(25,0,0,NULL,'2014-05-14 14:25:28',NULL,NULL,NULL,0,0,NULL,NULL,0,21,1,0.00,NULL,NULL,NULL,NULL,NULL,17,4,NULL,'Q',NULL,0,NULL,NULL,1.20,1,NULL),(26,2,0,NULL,'2014-05-14 14:25:57',NULL,NULL,NULL,0,0,972,NULL,0,21,1,50.00,8,NULL,NULL,NULL,NULL,17,6,NULL,'1',2,0,NULL,NULL,2.10,1,NULL),(27,2,0,NULL,'2014-05-14 15:16:38',NULL,NULL,NULL,0,0,924,NULL,0,21,1,50.00,10,NULL,NULL,NULL,NULL,17,6,NULL,'2',NULL,0,NULL,NULL,1.20,1,NULL),(28,2,0,NULL,'2014-05-16 11:09:38',NULL,NULL,NULL,0,0,351,NULL,1,21,1,40.00,11,NULL,NULL,NULL,NULL,18,6,NULL,'1',1,0,NULL,NULL,1.20,1,NULL),(29,0,0,NULL,'2014-05-20 10:47:00',NULL,NULL,NULL,0,0,351,NULL,0,21,1,0.00,NULL,NULL,NULL,NULL,NULL,19,4,NULL,'Q',1,0,NULL,NULL,1.30,1,NULL),(30,1,0,NULL,'2014-05-20 10:47:28',NULL,'2014-05-20 14:25:16',NULL,0,0,NULL,NULL,0,21,1,6.00,NULL,NULL,NULL,NULL,NULL,19,1,NULL,'1',NULL,0,NULL,NULL,2.10,1,NULL),(31,0,0,NULL,'2014-05-20 10:48:31',NULL,NULL,NULL,0,0,972,NULL,0,21,1,8.50,NULL,NULL,NULL,NULL,NULL,20,4,NULL,'Q',2,0,NULL,NULL,1.50,1,NULL),(32,2,0,NULL,'2014-05-20 11:17:24',NULL,NULL,NULL,0,0,351,NULL,0,9,1,0.00,11,NULL,NULL,NULL,NULL,20,6,NULL,'1',NULL,0,NULL,NULL,NULL,1,NULL),(33,3,0,NULL,'2014-05-20 11:17:35',NULL,'2014-05-30 15:15:06',NULL,0,0,351,NULL,0,9,1,50.00,19,NULL,NULL,NULL,NULL,20,6,NULL,'2',NULL,0,NULL,NULL,NULL,1,NULL),(34,3,0,NULL,'2014-05-20 11:17:40',NULL,'2014-05-30 15:15:06',NULL,0,0,351,NULL,0,9,1,6.00,24,NULL,NULL,NULL,NULL,21,6,NULL,'1',NULL,0,NULL,NULL,NULL,1,NULL),(35,0,0,NULL,'2014-05-20 11:17:40',NULL,NULL,NULL,0,0,972,NULL,0,21,1,8.50,NULL,NULL,NULL,NULL,NULL,21,4,NULL,'Q',2,0,NULL,NULL,NULL,1,NULL),(36,3,0,NULL,'2014-05-20 11:17:40',NULL,'2014-05-20 15:34:53',NULL,0,0,351,NULL,0,9,1,14.00,19,NULL,NULL,NULL,NULL,21,6,NULL,'2',NULL,0,NULL,NULL,NULL,1,NULL),(37,0,0,NULL,'2014-05-20 11:18:26',NULL,NULL,NULL,0,0,NULL,NULL,0,21,1,4.00,NULL,NULL,NULL,NULL,NULL,22,1,NULL,'1',NULL,0,NULL,NULL,NULL,1,NULL),(38,1,0,NULL,'2014-05-20 11:18:26',NULL,'2014-05-30 15:15:06',NULL,0,0,351,NULL,0,21,1,100.00,NULL,NULL,NULL,NULL,NULL,22,4,NULL,'Q',1,0,NULL,NULL,NULL,1,NULL),(39,8,0,NULL,'2014-05-20 11:20:52',NULL,NULL,NULL,0,0,351,NULL,0,15,2,18.00,18,NULL,NULL,NULL,NULL,23,6,NULL,'1',1,0,NULL,NULL,NULL,1,NULL),(40,0,0,NULL,'2014-05-20 11:21:02',NULL,NULL,NULL,0,0,NULL,NULL,0,21,1,0.00,NULL,NULL,NULL,NULL,NULL,23,4,NULL,'Q',NULL,0,NULL,NULL,NULL,1,NULL),(41,2,0,NULL,'2014-05-20 11:21:19',NULL,NULL,NULL,0,0,351,NULL,0,15,2,18.00,14,NULL,NULL,NULL,NULL,24,6,NULL,'1',1,0,NULL,NULL,NULL,1,NULL),(42,0,0,NULL,'2014-05-20 11:21:19',NULL,NULL,NULL,0,0,NULL,NULL,0,21,1,0.00,NULL,NULL,NULL,NULL,NULL,24,4,NULL,'Q',NULL,0,NULL,NULL,NULL,1,NULL),(43,0,0,NULL,'2014-05-20 11:22:17',NULL,NULL,NULL,0,0,NULL,NULL,0,21,1,0.00,NULL,NULL,NULL,NULL,NULL,25,4,NULL,'Q',NULL,0,NULL,NULL,NULL,1,NULL),(44,2,0,NULL,'2014-05-20 11:22:17',NULL,NULL,NULL,0,0,351,NULL,0,15,2,18.00,25,NULL,NULL,NULL,NULL,25,6,NULL,'1',1,0,NULL,NULL,NULL,1,NULL),(45,0,0,NULL,'2014-05-20 11:22:17',NULL,NULL,NULL,0,0,351,NULL,0,15,2,18.00,NULL,NULL,NULL,NULL,NULL,26,1,NULL,'1',1,0,NULL,NULL,NULL,1,NULL),(46,0,0,NULL,'2014-05-20 11:22:17',NULL,NULL,NULL,0,0,NULL,NULL,0,21,1,0.00,NULL,NULL,NULL,NULL,NULL,26,4,NULL,'Q',NULL,0,NULL,NULL,NULL,1,NULL),(47,0,0,NULL,'2014-05-20 11:23:08',NULL,NULL,NULL,0,0,351,NULL,0,21,1,0.00,NULL,NULL,NULL,NULL,NULL,27,4,NULL,'Q',1,0,NULL,NULL,NULL,1,NULL),(48,0,0,NULL,'2014-05-20 11:23:08',NULL,NULL,NULL,0,0,NULL,NULL,0,21,1,4.00,NULL,NULL,NULL,NULL,NULL,27,1,NULL,'1',NULL,0,NULL,NULL,NULL,1,NULL),(49,0,0,NULL,'2014-05-20 11:23:23',NULL,NULL,NULL,0,0,351,NULL,0,21,1,0.00,NULL,NULL,NULL,NULL,NULL,28,4,NULL,'Q',1,0,NULL,NULL,NULL,1,NULL),(50,0,0,NULL,'2014-05-20 11:23:23',NULL,NULL,NULL,0,0,NULL,NULL,0,21,1,4.00,NULL,NULL,NULL,NULL,NULL,28,1,NULL,'1',NULL,0,NULL,NULL,NULL,1,NULL),(51,0,0,NULL,'2014-05-20 11:23:23',NULL,NULL,NULL,0,0,351,NULL,0,21,1,0.00,NULL,NULL,NULL,NULL,NULL,29,4,NULL,'Q',1,0,NULL,NULL,NULL,1,NULL),(52,4,0,'This is a comment','2014-05-20 11:23:23',NULL,NULL,NULL,0,0,351,'This is a comment for the label',0,21,1,4.50,24,NULL,NULL,NULL,NULL,29,6,NULL,'1',NULL,0,NULL,NULL,0.50,1,NULL),(53,0,0,NULL,'2014-05-20 11:23:59',NULL,NULL,NULL,0,0,NULL,NULL,0,21,1,0.00,NULL,NULL,NULL,NULL,NULL,30,4,NULL,'Q',NULL,0,NULL,NULL,NULL,1,NULL),(54,0,0,NULL,'2014-05-20 11:23:59',NULL,NULL,NULL,0,0,351,NULL,0,15,2,18.00,NULL,NULL,NULL,NULL,NULL,30,1,NULL,'1',1,0,NULL,NULL,NULL,1,NULL),(55,3,0,NULL,'2014-05-20 11:24:19',NULL,NULL,NULL,0,0,972,NULL,0,15,2,18.00,32,NULL,NULL,NULL,NULL,31,6,'2015-03-30 18:00:45','1',2,0,NULL,NULL,NULL,1,NULL),(56,0,0,NULL,'2014-05-20 11:24:19',NULL,NULL,NULL,0,0,NULL,NULL,0,21,1,0.00,NULL,NULL,NULL,NULL,NULL,31,4,NULL,'Q',NULL,0,NULL,NULL,NULL,1,NULL),(57,0,0,NULL,'2014-05-20 11:24:39',NULL,NULL,NULL,0,0,351,NULL,1,15,2,18.00,NULL,NULL,NULL,NULL,NULL,32,1,NULL,'1',1,0,NULL,NULL,NULL,1,NULL),(58,0,0,NULL,'2014-05-20 11:24:39',NULL,NULL,NULL,0,0,NULL,NULL,1,21,1,0.00,NULL,NULL,NULL,NULL,NULL,32,4,NULL,'Q',NULL,0,NULL,NULL,NULL,1,NULL),(59,0,0,NULL,'2014-05-20 11:24:39',NULL,NULL,NULL,0,0,NULL,NULL,1,21,1,0.00,NULL,NULL,NULL,NULL,NULL,33,4,NULL,'Q',NULL,0,NULL,NULL,NULL,1,NULL),(60,0,0,NULL,'2014-05-20 11:24:39',NULL,NULL,NULL,0,0,351,NULL,1,15,2,18.00,NULL,NULL,NULL,NULL,NULL,33,1,NULL,'1',1,0,NULL,NULL,NULL,1,NULL),(61,0,0,NULL,'2014-05-27 11:13:26',NULL,NULL,NULL,0,0,984,NULL,0,6,3,0.00,NULL,NULL,NULL,NULL,NULL,36,1,NULL,'1',NULL,0,5.00,2,NULL,NULL,NULL),(62,0,0,NULL,'2014-05-30 15:13:51',NULL,NULL,NULL,0,0,NULL,NULL,0,21,1,0.00,NULL,NULL,NULL,NULL,NULL,37,4,NULL,'Q',NULL,0,NULL,NULL,NULL,1,NULL),(63,1,0,NULL,'2014-06-04 10:36:50',NULL,NULL,NULL,0,0,351,NULL,0,21,1,0.00,NULL,NULL,NULL,NULL,NULL,38,1,NULL,'1',NULL,0,NULL,NULL,1.20,1,NULL),(64,0,0,NULL,'2014-06-04 10:37:01',NULL,NULL,NULL,0,0,351,NULL,0,21,1,0.00,NULL,NULL,NULL,NULL,NULL,38,4,NULL,'Q',1,0,NULL,NULL,NULL,1,NULL),(65,0,0,NULL,'2014-06-04 10:37:07',NULL,NULL,NULL,0,0,351,NULL,0,21,1,0.00,NULL,NULL,NULL,NULL,NULL,39,4,NULL,'Q',1,0,NULL,NULL,NULL,1,NULL),(66,9,0,NULL,'2014-06-04 10:37:07',NULL,NULL,NULL,0,0,351,NULL,0,21,1,0.00,25,NULL,NULL,NULL,NULL,39,6,NULL,'1',1,0,NULL,NULL,1.40,1,NULL),(67,2,0,'This is a subspecimen with a specimen that has a value for category','2014-06-04 10:56:01',NULL,NULL,NULL,0,0,965,'This is a subspecimen with a specimen that has a value for category',0,6,3,0.00,NULL,NULL,NULL,NULL,NULL,40,1,NULL,'1',7,0,NULL,NULL,1.20,1,NULL),(68,1,0,NULL,'2014-06-17 13:42:00',NULL,NULL,NULL,0,0,351,NULL,0,21,1,0.00,NULL,NULL,NULL,NULL,NULL,41,4,NULL,'Q',NULL,0,NULL,NULL,1.70,1,NULL),(69,3,0,NULL,'2014-06-18 09:32:51',NULL,NULL,NULL,0,0,972,NULL,1,21,1,0.00,5,NULL,NULL,NULL,NULL,42,6,'2015-03-30 18:08:18','Q',2,0,NULL,NULL,1.50,1,NULL),(70,3,0,NULL,'2014-06-18 10:43:57',NULL,NULL,NULL,0,0,972,NULL,1,21,1,33.14,32,NULL,NULL,NULL,NULL,42,6,'2015-03-30 18:08:18','1',2,0,NULL,NULL,1.90,1,NULL),(71,0,0,NULL,'2014-06-18 11:42:35',NULL,NULL,NULL,0,0,965,'PT ID 1133',1,6,3,0.00,NULL,NULL,NULL,NULL,NULL,43,1,NULL,'1',7,0,NULL,NULL,0.50,1,NULL),(72,0,0,NULL,'2014-06-19 09:23:37',NULL,NULL,NULL,0,0,NULL,NULL,0,21,1,0.00,NULL,NULL,NULL,NULL,NULL,44,4,NULL,'Q',NULL,0,NULL,NULL,0.10,1,NULL),(73,0,0,NULL,'2014-06-19 09:24:44',NULL,NULL,NULL,0,0,NULL,NULL,0,21,1,0.00,NULL,NULL,NULL,NULL,NULL,45,4,NULL,'Q',NULL,0,NULL,NULL,NULL,1,NULL),(74,3,0,NULL,'2014-06-19 09:25:12',NULL,'2015-03-20 12:01:26',NULL,0,0,301,NULL,0,NULL,2,75.00,15,NULL,NULL,NULL,NULL,45,6,NULL,'1',8,0,NULL,NULL,0.10,1,NULL),(75,2,0,NULL,'2014-06-19 09:25:43',NULL,NULL,NULL,0,0,301,NULL,0,NULL,2,50.00,15,NULL,NULL,NULL,NULL,44,6,NULL,'1',8,0,NULL,NULL,0.10,1,NULL),(76,0,0,NULL,'2014-06-19 10:06:58',NULL,NULL,NULL,0,0,351,NULL,1,10,2,25.00,NULL,NULL,NULL,NULL,NULL,46,1,NULL,'1',1,0,10.02,2,NULL,NULL,NULL),(77,0,0,NULL,'2014-06-19 14:03:20',NULL,NULL,NULL,0,0,NULL,NULL,0,9,1,0.00,NULL,NULL,NULL,NULL,NULL,48,1,NULL,'124',NULL,0,NULL,NULL,NULL,1,NULL),(78,0,0,NULL,'2014-06-19 14:05:56',NULL,NULL,NULL,0,0,NULL,NULL,0,9,1,0.00,NULL,NULL,NULL,NULL,NULL,48,1,NULL,'125',NULL,0,NULL,NULL,NULL,1,NULL),(79,0,0,NULL,'2014-06-30 13:58:56',NULL,NULL,NULL,0,0,NULL,NULL,1,10,2,0.00,NULL,NULL,NULL,NULL,NULL,50,1,NULL,'01',NULL,0,NULL,NULL,NULL,1,NULL),(80,0,0,NULL,'2014-06-30 13:59:07',NULL,NULL,NULL,0,0,NULL,NULL,1,10,2,0.00,NULL,NULL,NULL,NULL,NULL,50,1,NULL,'02',NULL,0,NULL,NULL,NULL,1,NULL),(81,6,0,NULL,'2014-06-30 13:59:52',NULL,NULL,NULL,0,0,351,NULL,1,21,1,27.10,24,NULL,NULL,NULL,NULL,50,6,NULL,'03',NULL,0,NULL,NULL,1.30,1,NULL),(82,0,0,NULL,'2014-06-30 14:00:07',NULL,NULL,NULL,0,0,NULL,NULL,1,9,1,0.00,NULL,NULL,NULL,NULL,NULL,50,1,NULL,'04',NULL,0,NULL,NULL,NULL,1,NULL),(83,0,0,NULL,'2014-06-30 14:00:16',NULL,NULL,NULL,0,0,NULL,NULL,1,9,1,0.00,NULL,NULL,NULL,NULL,NULL,50,1,NULL,'05',NULL,0,NULL,NULL,NULL,1,NULL),(84,0,0,NULL,'2014-06-30 14:00:21',NULL,NULL,NULL,0,0,NULL,NULL,1,9,1,0.00,NULL,NULL,NULL,NULL,NULL,50,1,NULL,'06',NULL,0,NULL,NULL,NULL,1,NULL),(85,0,0,NULL,'2014-06-30 14:00:28',NULL,NULL,NULL,0,0,NULL,NULL,1,9,1,0.00,NULL,NULL,NULL,NULL,NULL,50,1,NULL,'07',NULL,0,NULL,NULL,NULL,1,NULL),(86,1,0,NULL,'2014-06-30 14:00:34',NULL,'2015-03-20 12:02:21',NULL,0,0,NULL,NULL,1,9,1,4.00,NULL,NULL,NULL,NULL,NULL,50,1,NULL,'08',NULL,0,NULL,NULL,NULL,1,NULL),(87,1,0,NULL,'2014-06-30 14:00:40',NULL,'2015-03-20 12:02:21',NULL,0,0,NULL,NULL,1,9,1,4.00,NULL,NULL,NULL,NULL,NULL,50,1,NULL,'09',NULL,0,NULL,NULL,NULL,1,NULL),(88,1,0,NULL,'2014-06-30 14:00:47',NULL,'2015-03-20 12:02:21',NULL,0,0,NULL,NULL,1,9,1,4.00,NULL,NULL,NULL,NULL,NULL,50,1,NULL,'10',NULL,0,NULL,NULL,NULL,1,NULL),(96,2,0,NULL,'2014-08-19 10:55:37',NULL,NULL,NULL,0,0,351,NULL,0,9,1,0.00,24,NULL,NULL,NULL,NULL,55,6,NULL,'1',NULL,0,NULL,NULL,NULL,1,NULL),(97,2,0,NULL,'2014-08-19 10:55:37',NULL,'2014-05-30 15:15:06',NULL,0,0,351,NULL,0,9,1,50.00,24,NULL,NULL,NULL,NULL,55,6,NULL,'2',NULL,0,NULL,NULL,NULL,1,NULL),(98,5,0,NULL,'2014-08-19 10:55:37',NULL,NULL,NULL,0,0,972,NULL,0,21,1,12.00,20,NULL,NULL,NULL,NULL,55,6,NULL,'Q1',2,0,NULL,NULL,NULL,1,NULL),(100,3,0,NULL,'2015-03-16 12:30:11',NULL,NULL,NULL,0,0,766,NULL,0,21,1,150.00,21,NULL,NULL,NULL,NULL,57,6,NULL,'Q',NULL,0,NULL,NULL,NULL,1,NULL),(101,3,0,NULL,'2015-03-16 12:31:41',NULL,NULL,NULL,0,0,766,NULL,0,21,1,150.00,22,NULL,NULL,NULL,NULL,58,6,NULL,'Q',NULL,0,NULL,NULL,NULL,1,NULL),(102,3,0,NULL,'2015-03-16 14:08:51',NULL,NULL,NULL,0,0,972,NULL,0,21,1,0.00,23,NULL,NULL,NULL,NULL,59,6,NULL,'2',NULL,0,NULL,NULL,NULL,1,NULL),(103,0,0,NULL,'2015-03-16 14:11:33',NULL,NULL,NULL,0,0,NULL,NULL,0,4,1,0.00,NULL,NULL,NULL,NULL,NULL,59,4,NULL,'Q',NULL,0,NULL,NULL,NULL,1,NULL),(104,8,0,NULL,'2015-03-16 14:17:20',NULL,NULL,NULL,0,0,351,NULL,0,9,1,0.00,24,NULL,NULL,NULL,NULL,60,6,NULL,'1',NULL,0,NULL,NULL,NULL,1,NULL),(105,10,0,NULL,'2015-03-16 14:17:20',NULL,NULL,NULL,0,0,351,NULL,0,21,1,8.50,24,NULL,NULL,NULL,NULL,60,6,NULL,'Q',2,0,NULL,NULL,NULL,1,NULL),(106,10,0,NULL,'2015-03-16 14:17:20',NULL,'2014-05-30 15:15:06',NULL,0,0,351,NULL,1,9,1,50.00,24,NULL,NULL,NULL,NULL,71,4,NULL,'2',NULL,0,NULL,NULL,NULL,1,NULL),(107,0,0,NULL,'2015-03-16 14:33:50',NULL,NULL,NULL,0,0,NULL,NULL,1,4,1,0.00,NULL,NULL,NULL,NULL,NULL,71,4,NULL,'Q',NULL,0,NULL,NULL,NULL,1,NULL),(108,12,0,NULL,'2015-03-20 13:19:13',NULL,NULL,NULL,0,0,972,NULL,0,21,1,27.10,27,NULL,NULL,NULL,NULL,61,6,NULL,'Q',NULL,0,NULL,NULL,NULL,1,NULL),(109,4,0,NULL,'2015-03-20 13:22:19',NULL,NULL,NULL,0,0,972,NULL,0,21,1,0.00,5,NULL,NULL,NULL,NULL,62,6,NULL,'Q',NULL,0,NULL,NULL,NULL,1,NULL),(110,4,0,NULL,'2015-03-20 13:23:55',NULL,NULL,NULL,0,0,972,NULL,0,21,1,0.00,28,NULL,NULL,NULL,NULL,63,6,NULL,'Q',NULL,0,NULL,NULL,NULL,1,NULL),(111,8,0,NULL,'2015-03-20 14:31:31',NULL,NULL,NULL,0,0,972,NULL,1,6,3,0.00,31,NULL,NULL,NULL,NULL,62,1,NULL,'1',NULL,0,NULL,NULL,NULL,1,NULL),(112,3,0,'test subspecimen comment','2015-03-20 15:16:07',NULL,NULL,NULL,0,0,972,NULL,1,21,1,0.00,28,NULL,NULL,NULL,NULL,64,6,NULL,'Q',NULL,0,NULL,NULL,NULL,1,NULL),(113,0,0,NULL,'2015-03-23 17:37:36',NULL,NULL,NULL,0,0,NULL,NULL,1,21,1,0.00,NULL,NULL,NULL,NULL,NULL,65,4,NULL,'Q',NULL,0,NULL,NULL,NULL,1,NULL),(114,3,0,'abcde fghij klmno pqrst uvwxyz ABCDE FGHIJ KLMNO PQRST UVWXYZ 12345 67890','2015-03-23 17:38:21',NULL,NULL,NULL,0,0,972,'12345 67890 abcde fghij klmno pqrst uvwxyz ABCDE FGHIJ KLMNO PQRST UVWXYZ',1,21,1,0.00,28,NULL,NULL,NULL,NULL,65,4,NULL,'1',2,0,NULL,NULL,1.00,1,NULL),(115,2,0,NULL,'2015-03-23 17:38:32',NULL,NULL,NULL,0,0,972,NULL,1,21,1,0.00,NULL,NULL,NULL,NULL,NULL,66,4,NULL,'1',NULL,0,NULL,NULL,NULL,1,NULL),(116,0,0,NULL,'2015-03-23 17:38:32',NULL,NULL,NULL,0,0,NULL,NULL,1,21,1,0.00,NULL,NULL,NULL,NULL,NULL,66,4,NULL,'Q',NULL,0,NULL,NULL,NULL,1,NULL),(117,2,0,'reassign test','2015-03-26 14:20:32',NULL,NULL,NULL,0,0,972,NULL,0,9,1,0.00,NULL,NULL,NULL,NULL,NULL,67,1,NULL,'1',NULL,0,NULL,NULL,NULL,1,NULL),(118,1,0,'to test discarding','2015-03-30 17:36:32',NULL,NULL,NULL,0,0,NULL,NULL,1,9,1,0.00,NULL,NULL,NULL,NULL,NULL,66,4,'2015-03-30 17:37:16','2',NULL,0,NULL,NULL,NULL,1,NULL),(119,4,0,NULL,'2015-04-16 12:10:49',NULL,NULL,NULL,0,0,NULL,NULL,1,21,1,20.00,NULL,NULL,NULL,NULL,NULL,68,4,NULL,'Q',NULL,0,NULL,NULL,NULL,1,NULL),(121,0,0,'re: request #37','2015-04-16 12:14:36',NULL,NULL,NULL,0,0,972,'to be deleted after waiting >1 day',1,9,1,0.00,NULL,NULL,NULL,NULL,NULL,68,4,NULL,'2',NULL,0,NULL,NULL,NULL,1,NULL),(122,2,0,NULL,'2015-05-06 13:16:25',NULL,NULL,NULL,0,0,644,NULL,0,21,1,50.00,33,NULL,NULL,NULL,NULL,70,6,NULL,'1',NULL,0,NULL,NULL,0.20,1,NULL),(123,0,0,NULL,'2015-05-13 14:58:39',NULL,NULL,NULL,0,0,NULL,NULL,1,6,3,0.00,NULL,NULL,NULL,NULL,NULL,72,4,NULL,'55555555555',NULL,0,NULL,NULL,NULL,1,NULL),(124,0,0,NULL,'2015-06-23 11:19:52',NULL,NULL,NULL,0,0,924,NULL,0,21,1,50.00,NULL,NULL,NULL,NULL,NULL,74,1,NULL,'2',NULL,0,NULL,NULL,NULL,1,NULL),(125,0,0,NULL,'2015-06-23 11:19:52',NULL,NULL,NULL,0,0,972,NULL,0,21,1,50.00,NULL,NULL,NULL,NULL,NULL,74,1,NULL,'1',2,0,NULL,NULL,NULL,1,NULL),(126,0,0,NULL,'2015-06-23 11:19:52',NULL,NULL,NULL,0,0,NULL,NULL,0,21,1,0.00,NULL,NULL,NULL,NULL,NULL,74,4,NULL,'Q',NULL,0,NULL,NULL,NULL,1,NULL),(127,2,0,NULL,'2015-06-23 14:54:55',NULL,NULL,NULL,0,0,984,'testing CCF to OSU pre-RTP-IS',1,6,3,25.00,34,NULL,NULL,NULL,NULL,75,6,NULL,'1',NULL,0,NULL,NULL,NULL,1,NULL);
/*!40000 ALTER TABLE `subspecimen` ENABLE KEYS */;
UNLOCK TABLES;

--
-- Table structure for table `subspecimen_status`
--

DROP TABLE IF EXISTS `subspecimen_status`;
/*!40101 SET @saved_cs_client     = @@character_set_client */;
/*!40101 SET character_set_client = utf8 */;
CREATE TABLE `subspecimen_status` (
  `id` bigint(20) NOT NULL AUTO_INCREMENT,
  `version` bigint(20) NOT NULL,
  `description` varchar(255) NOT NULL,
  PRIMARY KEY (`id`)
) ENGINE=InnoDB AUTO_INCREMENT=7 DEFAULT CHARSET=latin1;
/*!40101 SET character_set_client = @saved_cs_client */;

--
-- Dumping data for table `subspecimen_status`
--

LOCK TABLES `subspecimen_status` WRITE;
/*!40000 ALTER TABLE `subspecimen_status` DISABLE KEYS */;
INSERT INTO `subspecimen_status` VALUES (1,0,'Assigned'),(2,0,'Destroyed'),(3,0,'Missing'),(4,0,'QC'),(5,0,'Recalled'),(6,0,'Shipped');
/*!40000 ALTER TABLE `subspecimen_status` ENABLE KEYS */;
UNLOCK TABLES;

--
-- Table structure for table `substance_use_status`
--

DROP TABLE IF EXISTS `substance_use_status`;
/*!40101 SET @saved_cs_client     = @@character_set_client */;
/*!40101 SET character_set_client = utf8 */;
CREATE TABLE `substance_use_status` (
  `id` bigint(20) NOT NULL AUTO_INCREMENT,
  `version` bigint(20) NOT NULL,
  `description` varchar(255) NOT NULL,
  PRIMARY KEY (`id`)
) ENGINE=InnoDB AUTO_INCREMENT=5 DEFAULT CHARSET=latin1;
/*!40101 SET character_set_client = @saved_cs_client */;

--
-- Dumping data for table `substance_use_status`
--

LOCK TABLES `substance_use_status` WRITE;
/*!40000 ALTER TABLE `substance_use_status` DISABLE KEYS */;
INSERT INTO `substance_use_status` VALUES (1,0,'Never Used'),(2,0,'Previous Use'),(3,0,'Current'),(4,0,'Unknown');
/*!40000 ALTER TABLE `substance_use_status` ENABLE KEYS */;
UNLOCK TABLES;

--
-- Table structure for table `surgical_history`
--

DROP TABLE IF EXISTS `surgical_history`;
/*!40101 SET @saved_cs_client     = @@character_set_client */;
/*!40101 SET character_set_client = utf8 */;
CREATE TABLE `surgical_history` (
  `id` bigint(20) NOT NULL AUTO_INCREMENT,
  `version` bigint(20) NOT NULL,
  `anesthetics` varchar(255) NOT NULL,
  `chart_review_id` bigint(20) NOT NULL,
  `for_biosample_id` bigint(20) NOT NULL,
  `procedure_id` bigint(20) NOT NULL,
  PRIMARY KEY (`id`),
  KEY `FK8E19D2B19C54691B` (`procedure_id`),
  KEY `FK8E19D2B1EEE5D9AD` (`chart_review_id`),
  KEY `FK8E19D2B1D207AF9C` (`for_biosample_id`),
  CONSTRAINT `FK8E19D2B19C54691B` FOREIGN KEY (`procedure_id`) REFERENCES `procedure_name` (`id`) ON DELETE NO ACTION ON UPDATE NO ACTION,
  CONSTRAINT `FK8E19D2B1D207AF9C` FOREIGN KEY (`for_biosample_id`) REFERENCES `yes_no` (`id`) ON DELETE NO ACTION ON UPDATE NO ACTION,
  CONSTRAINT `FK8E19D2B1EEE5D9AD` FOREIGN KEY (`chart_review_id`) REFERENCES `chart_review` (`id`) ON DELETE NO ACTION ON UPDATE NO ACTION
) ENGINE=InnoDB AUTO_INCREMENT=3 DEFAULT CHARSET=latin1;
/*!40101 SET character_set_client = @saved_cs_client */;

--
-- Dumping data for table `surgical_history`
--

LOCK TABLES `surgical_history` WRITE;
/*!40000 ALTER TABLE `surgical_history` DISABLE KEYS */;
INSERT INTO `surgical_history` VALUES (2,0,'test',5,1,1);
/*!40000 ALTER TABLE `surgical_history` ENABLE KEYS */;
UNLOCK TABLES;

--
-- Table structure for table `sysdiagrams`
--

DROP TABLE IF EXISTS `sysdiagrams`;
/*!40101 SET @saved_cs_client     = @@character_set_client */;
/*!40101 SET character_set_client = utf8 */;
CREATE TABLE `sysdiagrams` (
  `name` varchar(160) NOT NULL,
  `principal_id` int(11) NOT NULL,
  `diagram_id` int(11) NOT NULL AUTO_INCREMENT,
  `version` int(11) DEFAULT NULL,
  `definition` longblob,
  PRIMARY KEY (`diagram_id`),
  UNIQUE KEY `UK_principal_name` (`principal_id`,`name`)
) ENGINE=InnoDB AUTO_INCREMENT=2 DEFAULT CHARSET=latin1;
/*!40101 SET character_set_client = @saved_cs_client */;

--
-- Dumping data for table `sysdiagrams`
--

LOCK TABLES `sysdiagrams` WRITE;
/*!40000 ALTER TABLE `sysdiagrams` DISABLE KEYS */;
INSERT INTO `sysdiagrams` VALUES ('NoLookUps',1,1,1,'ÐÏà¡±\Zá\0\0\0\0\0\0\0\0\0\0\0\0\0\0\0\0>\0\0þÿ	\0\0\0\0\0\0\0\0\0\0\0\0\0\0\0\0\0\0\0\0\0\0\0\0\0?\0\0\0\0\0\0þÿÿÿ\0\0\0\0\0\0\0\0ÿÿÿÿÿÿÿÿÿÿÿÿÿÿÿÿÿÿÿÿÿÿÿÿÿÿÿÿÿÿÿÿÿÿÿÿÿÿÿÿÿÿÿÿÿÿÿÿÿÿÿÿÿÿÿÿÿÿÿÿÿÿÿÿÿÿÿÿÿÿÿÿÿÿÿÿÿÿÿÿÿÿÿÿÿÿÿÿÿÿÿÿÿÿÿÿÿÿÿÿÿÿÿÿÿÿÿÿÿÿÿÿÿÿÿÿÿÿÿÿÿÿÿÿÿÿÿÿÿÿÿÿÿÿÿÿÿÿÿÿÿÿÿÿÿÿÿÿÿÿÿÿÿÿÿÿÿÿÿÿÿÿÿÿÿÿÿÿÿÿÿÿÿÿÿÿÿÿÿÿÿÿÿÿÿÿÿÿÿÿÿÿÿÿÿÿÿÿÿÿÿÿÿÿÿÿÿÿÿÿÿÿÿÿÿÿÿÿÿÿÿÿÿÿÿÿÿÿÿÿÿÿÿÿÿÿÿÿÿÿÿÿÿÿÿÿÿÿÿÿÿÿÿÿÿÿÿÿÿÿÿÿÿÿÿÿÿÿÿÿÿÿÿÿÿÿÿÿÿÿÿÿÿÿÿÿÿÿÿÿÿÿÿÿÿÿÿÿÿÿÿÿÿÿÿÿÿÿÿÿÿÿÿÿÿÿÿÿÿÿÿÿÿÿÿÿÿÿÿÿÿÿÿÿÿÿÿÿÿÿÿÿÿÿÿÿÿÿÿÿÿÿÿÿÿÿÿÿÿÿÿÿÿÿÿÿÿÿÿÿÿÿÿÿÿÿÿÿÿÿÿÿÿÿÿÿÿÿÿÿÿÿÿÿÿÿÿÿÿÿÿÿÿÿÿÿÿÿÿÿÿÿÿÿÿÿÿÿÿÿÿÿÿÿÿÿÿÿÿÿÿÿýÿÿÿA\0\0\0\0\0\0\0\0\0\0\0\0\0\0\0\0\0\0\0\0\0	\0\0\0\n\0\0\0\0\0\0\0\0\0\r\0\0\0\0\0\0þÿÿÿ\0\0\0\0\0\0\0\0\0\0\0\0\0\0\0\0\0\0\0\0\0\0\0\0\0\0\0\0\0\0\Z\0\0\0\0\0\0\0\0\0\0\0\0\0\0\0\0\0\0 \0\0\0!\0\0\0\"\0\0\0#\0\0\0$\0\0\0%\0\0\0&\0\0\0\'\0\0\0(\0\0\0)\0\0\0*\0\0\0+\0\0\0,\0\0\0-\0\0\0.\0\0\0/\0\0\00\0\0\01\0\0\02\0\0\03\0\0\04\0\0\05\0\0\06\0\0\07\0\0\08\0\0\09\0\0\0:\0\0\0;\0\0\0<\0\0\0=\0\0\0>\0\0\0þÿÿÿþÿÿÿh\0\0\0þÿÿÿC\0\0\0D\0\0\0E\0\0\0F\0\0\0G\0\0\0H\0\0\0I\0\0\0J\0\0\0K\0\0\0L\0\0\0M\0\0\0N\0\0\0O\0\0\0P\0\0\0Q\0\0\0R\0\0\0S\0\0\0T\0\0\0U\0\0\0V\0\0\0W\0\0\0X\0\0\0Y\0\0\0Z\0\0\0[\0\0\0\\\0\0\0]\0\0\0^\0\0\0_\0\0\0`\0\0\0a\0\0\0b\0\0\0c\0\0\0d\0\0\0e\0\0\0f\0\0\0g\0\0\0þÿÿÿi\0\0\0j\0\0\0k\0\0\0þÿÿÿÿÿÿÿÿÿÿÿÿÿÿÿÿÿÿÿÿÿÿÿÿÿÿÿÿÿÿÿÿÿÿÿÿÿÿÿÿÿÿÿÿÿÿÿÿÿÿÿÿÿÿÿÿÿÿÿÿÿÿÿÿÿÿÿÿÿÿÿÿÿÿÿÿÿÿÿÿÿÿÿR\0o\0o\0t\0 \0E\0n\0t\0r\0y\0\0\0\0\0\0\0\0\0\0\0\0\0\0\0\0\0\0\0\0\0\0\0\0\0\0\0\0\0\0\0\0\0\0\0\0\0\0\0\0\0\0\0\0\0\0\0ÿÿÿÿÿÿÿÿ\0\0\0\0\0\0\0\0\0\0\0\0\0\0\0\0\0\0\0\0\0\0\0\0\0\0\0\0\0\0\0à]RIL¨Ð@\0\0\0À\0\0\0\0\0\0f\0\0\0\0\0\0\0\0\0\0\0\0\0\0\0\0\0\0\0\0\0\0\0\0\0\0\0\0\0\0\0\0\0\0\0\0\0\0\0\0\0\0\0\0\0\0\0\0\0\0\0\0\0\0\0\0\0\0\0\0\0\0\0\0ÿÿÿÿÿÿÿÿÿÿÿÿ\0\0\0\0\0\0\0\0\0\0\0\0\0\0\0\0\0\0\0\0\0\0\0\0\0\0\0\0\0\0\0\0\0\0\0\0\0\0\0b\0\0\0\0\0\0o\0\0\0\0\0\0\0\0\0\0\0\0\0\0\0\0\0\0\0\0\0\0\0\0\0\0\0\0\0\0\0\0\0\0\0\0\0\0\0\0\0\0\0\0\0\0\0\0\0\0\0\0\0\0\0\0\0\0\0\0\0\0\0\0\0\0\0\0\0\0ÿÿÿÿ\0\0\0\0\0\0\0\0\0\0\0\0\0\0\0\0\0\0\0\0\0\0\0\0\0\0\0\0\0\0\0\0\0\0\0\0\0\0\0°^\0\0\0\0\0\0\0C\0o\0m\0p\0O\0b\0j\0\0\0\0\0\0\0\0\0\0\0\0\0\0\0\0\0\0\0\0\0\0\0\0\0\0\0\0\0\0\0\0\0\0\0\0\0\0\0\0\0\0\0\0\0\0\0\0\0\0ÿÿÿÿÿÿÿÿÿÿÿÿ\0\0\0\0\0\0\0\0\0\0\0\0\0\0\0\0\0\0\0\0\0\0\0\0\0\0\0\0\0\0\0\0\0\0\0\0\0\0\0\0_\0\0\0\0\0\0\0\08\0\nÐ\r\0\0_\0\0\0\0ÿÿK\0\0\0\0\0\0\0_\0\0\0\0}\0\0=\0\0,L\0\0³Ì\0\0ä9\0Ïxÿÿ\0\0Þ[ñÐ° \0ª\0½Ë\\\0\0\00\0\0\0\0\0\0\0\0\0<\0k\0\0\0	\0\0\0\0\0\0\0Ùæ°éÐ­Q\0 ÉW9ô;aÇC5)áÕRø 2}²ØbB\'<%¢Ú-\0\0(\0C\0\0\0\0\0\0\0SDMÒÑc\0`ÒßH4ÉÒwywØp\0[\r\0\0(\0C\0\0\0\0\0\0\0QDMÒÑc\0`ÒßH4ÉÒwywØp\0[\rQ\0\0\0h\0\0\0ÑY\0\00\0¥	\0\0\0\0\0\0\0 \0\0\0\0\0\0\0SchGrid\04½ÿÿùÿÿaddress\0\0\04\0¥	\0\0\0\0\0\0\0ª\0\0\0\0\0\0\0SchGrid\0H©ÿÿd2\0\0chart_review\0\08\0¥	\0\0\0\0\0\0\0¬\0\0\0\0\0\r\0\0SchGrid\0åÿÿÐ¶\0\0chtn_division\0\0\0\0<\0¥	\0\0\0\0\0\0\0¶\0\0\0\0\0\0\0SchGrid\0ÍÿÿæF\0\0clinical_procedure\0\0\0\0|\0¥	\0\0\0\0\0\0\0R\0\0\0\0\0Q\0\0Control\0f¿ÿÿ]d\0\0Relationship \'FK2E9788A7EEE5D9AD\' between \'chart_review\' and \'clinical_procedure\'\0\0\0\0(\0µ\0\0\0\0\0\0\01\0\0\0W\0\0\0\0\0Control\0~Àÿÿ£f\0\0\0\0|\0¥	\0\0\0\0\0\0\0R\0\0\0\0\0Q\0\0Control\0f¿ÿÿb\0\0Relationship \'FK88B026D997FA16F0\' between \'clinical_procedure\' and \'chart_review\'\0\0\0\0(\0µ\0\0\0\0\0\0\01\0\0\0W\0\0\0\0\0Control\0Àÿÿ+b\0\0\0\00\0¥	\0\0\0\0	\0\0\0 \0\0\0\0\0\0\0SchGrid\0Æÿÿ: \0\0consent\0\0\08\0¥	\0\0\0\0\n\0\0\0²\0\0\0\0\0\0\0SchGrid\0Þ©ÿÿü!\0\0consent_protocol\0\0t\0¥	\0\0\0\0\0\0\0R\0\0\0\0\0J\0\0Control\0ó¿ÿÿ«%\0\0Relationship \'FKE2C67D1D2608A6B4\' between \'consent\' and \'consent_protocol\'}\0\0\0(\0µ\0\0\0\0\0\0\01\0\0\0W\0\0\0\0\0Control\0½ÿÿ;%\0\0\0\08\0¥	\0\0\0\0\r\0\0\0®\0\0\0\0\0\0\0SchGrid\0üÿÿ&4\0\0family_historyol\0\0x\0¥	\0\0\0\0\0\0\0R\0\0\0\0\0M\0\0Control\0¢ÿÿ%3\0\0Relationship \'FK9D9842B9EEE5D9AD\' between \'chart_review\' and \'family_history\'\0¾\0\0(\0µ\0\0\0\0\0\0\01\0\0\0W\0\0\0\0\0Control\0ôÿÿµ2\0\0\0\04\0¥	\0\0\0\0\0\0\0ª\0\0\0\0\0\0\0SchGrid\0ÉÿÿV©\0\0investigator\0\0t\0¥	\0\0\0\0\0\0\0R\0\0\0\0\0L\0\0Control\0ßÿÿm½\0\0Relationship \'FK967BBBA9843B44E3\' between \'chtn_division\' and \'investigator\'\0\0(\0µ\0\0\0\0\0\0\01\0\0\0W\0\0\0\0\0Control\0gÝÿÿý¼\0\0\0\00\0¥	\0\0\0\0\0\0\0 \0\0\0\0\0\0\0SchGrid\0$¯ÿÿ»\0\0invoice\0\0\0p\0¥	\0\0\0\0\0\0\0R\0\0\0\0\0F\0\0Control\0TÅÿÿ}Ë\0\0Relationship \'FK74D6432DD5402B44\' between \'investigator\' and \'invoice\',\0\0\0(\0µ\0\0\0\0\0\0\01\0\0\0W\0\0\0\0\0Control\0ÁÁÿÿ\rË\0\0\0\04\0¥	\0\0\0\0\0\0\0¨\0\0\0\0\0\0\0SchGrid\0Ö¢ÿÿùÿÿmeasurementr\0\08\0¥	\0\0\0\0\0\0\0°\0\0\0\0\0\0\0SchGrid\0üÿÿh[\0\0medical_historyl\0\0x\0¥	\0\0\0\0\0\0\0R\0\0\0\0\0N\0\0Control\0\Z¢ÿÿgZ\0\0Relationship \'FK26EB84E6EEE5D9AD\' between \'chart_review\' and \'medical_history\'¾\0\0(\0µ\0\0\0\0\0\0\01\0\0\0W\0\0\0\0\0Control\0 ÿÿ÷Y\0\0\0\04\0¥	\0\0\0\0\Z\0\0\0¦\0\0\0\0\0\n\0\0SchGrid\0üÿÿBr\0\0medicationst\0\0t\0¥	\0\0\0\0\0\0\0R\0\0\0\0\0I\0\0Control\0¢ÿÿAq\0\0Relationship \'FK7725CACFEEE5D9AD\' between \'chart_review\' and \'medication\'tor\0\0(\0µ\0\0\0\0\0\0\01\0\0\0W\0\0\0\0\0Control\0×ÿÿÑp\0\0\0\00\0¥	\0\0\0\0\0\0\0 \0\0\0\0\0\0\0SchGrid\0´âÿÿ: \0\0patient\0\0\0t\0¥	\0\0\0\0\0\0\0R\0\0\0\0\0L\0\0Control\0³áÿÿÞ:\0\0Relationship \'FK2E9788A7503B5F30\' between \'patient\' and \'clinical_procedure\'\0\0(\0µ\0\0\0\0\0\0\01\0\0\0W\0\0\0\0\0Control\0TÖÿÿA\0\0\0\0l\0¥	\0\0\0\0 \0\0\0R\0\0\0\0\0A\0\0Control\0Üÿÿñ*\0\0Relationship \'FK38B6C01A503B5F30\' between \'patient\' and \'consent\'oic\0\0(\0µ\0\0\0\0!\0\0\01\0\0\0W\0\0\0\0\0Control\0Úÿÿ*\0\0\0\00\0¥	\0\0\0\0\"\0\0\0 \0\0\0\0\0\0\0SchGrid\0xÿÿùÿÿproject\0\0\00\0¥	\0\0\0\0#\0\0\0¢\0\0\0\0\0\0\0SchGrid\0¾ÿÿ: \0\0protocol\0\0t\0¥	\0\0\0\0$\0\0\0R\0\0\0\0\0K\0\0Controlli£ÿÿ$\0\0Relationship \'FKE2C67D1DFAC135E4\' between \'protocol\' and \'consent_protocol\'\'\0\0(\0µ\0\0\0\0%\0\0\01\0\0\0W\0\0\0\0\0Controll£ ÿÿÅ&\0\0\0\00\0¥	\0\0\0\0&\0\0\0¢\0\0\0\0\0\0\0SchGridlýÿÿ&\0\0qc_batch\0\04\0¥	\0\0\0\0\'\0\0\0¤\0\0\0\0\0	\0\0SchGridhÚ\0\0\"\0\0qc_resultnst\0\00\0¥	\0\0\0\0(\0\0\0¢\0\0\0\0\0\0\0SchGridhZñÿÿùÿÿshipment\0\08\0¥	\0\0\0\0)\0\0\0¬\0\0\0\0\0\r\0\0SchGridt0ÿÿL³\0\0shipping_cartryl\0\0t\0¥	\0\0\0\0*\0\0\0R\0\0\0\0\0L\0\0ControltÁ©ÿÿ\r´\0\0Relationship \'FK205BB311D5402B44\' between \'investigator\' and \'shipping_cart\'\0\0(\0µ\0\0\0\0+\0\0\01\0\0\0W\0\0\0\0\0Controlt´ÿÿ³\0\0\0\0p\0¥	\0\0\0\0,\0\0\0R\0\0\0\0\0G\0\0ControltÁ©ÿÿ÷Ø\0\0Relationship \'FK205BB311E10E8E30\' between \'invoice\' and \'shipping_cart\'\0\0\0(\0µ\0\0\0\0-\0\0\01\0\0\0W\0\0\0\0\0Controltó¦ÿÿØ\0\0\0\0D\0¥	\0\0\0\0.\0\0\0È\0\0\0\0\0\0\0SchGridtÿÿî\0\0shipping_cart_chart_reviews\0\0\0\0¥	\0\0\0\0/\0\0\0R\0\0\0\0\0[\0\0Controlt ÿÿ¤ \0\0Relationship \'FKA69B080CCD34A521\' between \'shipping_cart\' and \'shipping_cart_chart_reviews\'\0\0\0(\0µ\0\0\0\00\0\0\01\0\0\0W\0\0\0\0\0ControltY¢ÿÿ©ª\0\0\0\0\0¥	\0\0\0\01\0\0\0b\0\0\0\0\0Z\0\0Controlt¢ÿÿß\0\0Relationship \'FKA69B080CEEE5D9AD\' between \'chart_review\' and \'shipping_cart_chart_reviews\'\'\0\0\0(\0µ\0\0\0\02\0\0\01\0\0\0W\0\0\0\0\0Controlt<£ÿÿW\0\0\0\0@\0¥	\0\0\0\03\0\0\0¾\0\0\0\0\0\0\0SchGridt¼ÿÿº\0\0shiro_role_permissions\0\0\0\04\0¥	\0\0\0\04\0\0\0¦\0\0\0\0\0\n\0\0SchGridtBÜÿÿæ\0\0shiro_userar\0\0@\0¥	\0\0\0\05\0\0\0¾\0\0\0\0\0\0\0SchGridt6÷ÿÿ,\0\0shiro_user_permissions\0\0\0\0|\0¥	\0\0\0\06\0\0\0R\0\0\0\0\0S\0\0ControltWòÿÿE\0\0Relationship \'FK34555A9EADE50EFD\' between \'shiro_user\' and \'shiro_user_permissions\'\0\0\0(\0µ\0\0\0\07\0\0\01\0\0\0W\0\0\0\0\0Controltîÿÿ\0\0\0\08\0¥	\0\0\0\08\0\0\0²\0\0\0\0\0\0\0SchGridt¼ÿÿ\0\0shiro_user_roles\0\0x\0¥	\0\0\0\09\0\0\0R\0\0\0\0\0M\0\0ControltÒÿÿ\0\0Relationship \'FKBA221057ADE50EFD\' between \'shiro_user\' and \'shiro_user_roles\'\'¾\0\0(\0µ\0\0\0\0:\0\0\01\0\0\0W\0\0\0\0\0ControltêÑÿÿ\0\0\0\00\0¥	\0\0\0\0;\0\0\0¢\0\0\0\0\0\0\0SchGridtóÿÿÔI\0\0specimen\0\0l\0¥	\0\0\0\0<\0\0\0R\0\0\0\0\0C\0\0Controln	\0\0[\0\0Relationship \'FK8071EEAAF2F9FE4\' between \'specimen\' and \'qc_result\'a\0\0(\0µ\0\0\0\0=\0\0\01\0\0\0U\0\0\0\0\0Controln²\n\0\0Ù]\0\0\0\0x\0¥	\0\0\0\0>\0\0\0R\0\0\0\0\0M\0\0ControlnGãÿÿb\0\0Relationship \'FK80DF030897FA16F0\' between \'clinical_procedure\' and \'specimen\'\'¾\0\0(\0µ\0\0\0\0?\0\0\01\0\0\0W\0\0\0\0\0Controlnåÿÿád\0\0\0\0l\0¥	\0\0\0\0@\0\0\0R\0\0\0\0\0C\0\0ControlnE\0\0=A\0\0Relationship \'FK80DF0308D267CBAB\' between \'qc_batch\' and \'specimen\'a\0\0(\0µ\0\0\0\0A\0\0\01\0\0\0W\0\0\0\0\0Controlnøÿÿ8F\0\0\0\0@\0¥	\0\0\0\0B\0\0\0À\0\0\0\0\0\0\0SchGridnüÖÿÿùÿÿspecimen_number_tracker\0\0\08\0¥	\0\0\0\0H\0\0\0²\0\0\0\0\0\0\0SchGridnüÿÿPF\0\0surgical_history\0\0x\0¥	\0\0\0\0I\0\0\0R\0\0\0\0\0O\0\0Controln¢ÿÿOE\0\0Relationship \'FK8E19D2B1EEE5D9AD\' between \'chart_review\' and \'surgical_history\'\0\0(\0µ\0\0\0\0J\0\0\01\0\0\0W\0\0\0\0\0ControlnôÿÿßD\0\0\0\08\0¥	\0\0\0\0K\0\0\0®\0\0\0\0\0\0\0SchGridnväÿÿîã\0\0tissue_requestry\0\0x\0¥	\0\0\0\0L\0\0\0R\0\0\0\0\0M\0\0Controlnßÿÿýð\0\0Relationship \'FK7635B535D5402B44\' between \'investigator\' and \'tissue_request\'y\'\0\0(\0µ\0\0\0\0M\0\0\01\0\0\0W\0\0\0\0\0ControlnzÜÿÿCó\0\0\0\04\0¥	\0\0\0\0N\0\0\0¨\0\0\0\0\0\0\0SchGridn¸\0\0h¦\0\0subspecimene\0\0t\0¥	\0\0\0\0O\0\0\0R\0\0\0\0\0K\0\0ControlnÁ©ÿÿ	\0Relationship \'FKCB5E8148CD34A521\' between \'shipping_cart\' and \'subspecimen\'t\0\0(\0µ\0\0\0\0P\0\0\01\0\0\0W\0\0\0\0\0ControlnÜÕÿÿI\0\0\0p\0¥	\0\0\0\0Q\0\0\0Z\0\0\0\0\0F\0\0Controln	\0\0uy\0\0Relationship \'FKCB5E8148AF2F9FE4\' between \'specimen\' and \'subspecimen\'\'\0\0\0(\0µ\0\0\0\0R\0\0\01\0\0\0W\0\0\0\0\0Controln¶\0\0ÿ\0\0\0\0t\0¥	\0\0\0\0S\0\0\0R\0\0\0\0\0L\0\0Controln®ûÿÿýð\0\0Relationship \'FKCB5E8148D6CF9165\' between \'tissue_request\' and \'subspecimen\'\0\0(\0µ\0\0\0\0T\0\0\01\0\0\0W\0\0\0\0\0ControlnþÿÿCó\0\0\0\0t\0¥	\0\0\0\0U\0\0\0R\0\0\0\0\0J\0\0ControlnßÿÿYÑ\0\0Relationship \'FKCB5E8148D5402B44\' between \'investigator\' and \'subspecimen\'n\'\0\0(\0µ\0\0\0\0V\0\0\01\0\0\0W\0\0\0\0\0Controln[ðÿÿÓ\0\0\0\0\0\0\0\0\0\0\0\0\0\0\0\0\0\0\0\0\0\0\0\0\0\0\0\0\0\0\0\0\0\0\0\0\0\0\0\0\0\0\0\0\0\0\0\0\0\0\0\0\0\0\0\0\0\0\0\0\0\0\0\0\0\0\0\0\0\0\0\0\0\0\0\0\0\0\0\0\0\0\0\0\0\0\0\0\0\0\0\0\0\0\0\0\0\0\0\0\0\0\0\0\0\0\0\0\0\0\0\0\0\0\0\0\0\0\0\0\0\0\0\0\0\0\0\0\0\0\0\0\0\0\0\0\0\0\0\0\0\0\0\0\0\0\0\0\0\0\0\0\0\0\0\0\0\0\0\0\0\0\0\0\0\0\0\0\0\0\0\0\0\0\0\0\0\0\0\0\0\0\0\0\0\0\0\0\0\0\0\0\0\0\0\0\0\0\0\0\0\0\0\0\0\0\0\0\0\0\0\0\0\0\0\0\0\0\0\0\0\0\0\0\0\0\0\0\0\0\0\0\0\0\0\0\0\0\0\0\0\0\0\0\0\0\0\0\0\0\0\0\0\0\0\0\0\0\0\0\0\0\0\0\0\0\0\0\0\0\0\0\0\0\0\0\0\0\0\0\0\0\0\0\0\0\0\0\0\0\0\0\0\0\0\0\0\0\0\0\0\0\0\0\0\0\0\0\0\0\0\0\0\0\0\0\0\0\0\0\0\0\0\0\0\0\0\0\0\0\0\0\0\0\0\0\0\0\0\0\0\0\0\0\0\0\0\0\0\0\0\0\0\0\0\0\0\0\0\0\0\0\0\0\0\0\0\0\0\0\0\0\0\0\0\0\0\0\0\0\0\0\0\0\0\0\0\0\0\0\0\0\0\0\0\0\0\0\0\0\0\0\0\0\0\0\0\0\0\0\0\0\0\0\0\0!C4\0\0\0A\0\0â\0\0xV4\0\0\0\0\0a\0d\0d\0r\0e\0s\0s\0\0\0E\0L\0E\0C\0T\0 \0n\0a\0m\0e\0,\0 \0v\0a\0l\0u\0e\0 \0F\0R\0O\0M\0 \0s\0y\0s\0.\0e\0x\0t\0e\0n\0d\0e\0d\0_\0p\0r\0o\0p\0e\0r\0t\0i\0e\0s\0 \0W\0H\0E\0R\0E\0 \0(\0c\0l\0a\0s\0s\0 \0=\0 \01\0)\0 \0A\0N\0D\0 \0(\0m\0a\0j\0o\0r\0_\0i\0d\0 \0=\0 \0O\0B\0J\0E\0C\0T\0_\0I\0D\0(\0N\0\'\0[\0d\0b\0o\0]\0.\0[\0y\0e\0s\0_\0n\0o\0]\0\'\0)\0)\0 \0\0\0\0\0\0\0\0\0\0\0\0\0\0\0\0\0T\0\0\0,\0\0\0,\0\0\0,\0\0\04\0\0\0\0\0\0\0\0\0\0\0§)\0\09\0\0\0\0\0\0-\0\0\0\0\0\0\0\0\0\0\0\0\0÷\0\0S\0\0g\0\0\0\0\0\0Ý\0\0\0\0Á\0\0\0\0Í\0\0ü\0\0\0\0\0\0\0\0\0A\0\0â\0\0\0\0\0\0\0\0\0\0\0\0\0\0\0\0\0\0\0\0È\n\0\0\0\0\0\0\0\0\0ò\0\0N\0\0\0\0\0\0\0\0\0\0\0\0\0\0\0\0\0\0\0\0÷\0\0\0\0\0\0\0\0\0ò\0\0\0\0\0\0\0\0\0\0\0\0\0\0\0\0\0\0\0\0\0\0\0\0÷\0\0\0\0\0\0\0\0\0\0U2\0\0Ý#\0\0\0\0\0\0\0\0\0\0\r\0\0\0\0\0\0\0\0\0\0\0÷\0\0\n\0\0\0\0xV4\0\0\0X\0\0\0\0\0\0\0\0\0\0\0\0\0\0\0\0\0\0\0\0\0\0\0\0\0\0\0\0\0\0\0\0\0\0\0\0\0\0\0\0	\0\0\0\n\0\0\0\0\0\0d\0b\0o\0\0\0\0\0\0a\0d\0d\0r\0e\0s\0s\0\0\0!C4\0\0\0J\0\02X\0\0xV4\0\0\0\0\0c\0h\0a\0r\0t\0_\0r\0e\0v\0i\0e\0w\0\0\0e\0m\0e\0n\0t\0\0\0\0\0\0\0\0\0\0\0\0\0\0\0\0\0\0\0\0\0\0\0\0\0\0\0\0\0\0\0\0\0\0\0\0\0\0\0\0\0\0\0\0\0\0\0\0\0\0\0\0\0\0\0\0\0\0\0\0\0\0\0\0\0\0\0\0\0\0\0\0\0\0\0\0\0\0\0\0\0\0\0\0\0\0\0\0\0\0\0\0\0\0\0\0\0\0\0\0\0\0\0\0\0\0\0\0\0\0\0\0\0\0\0\0\0\0\0\0\0\0\0\0\0\0\0\0\0\0\0\0\0\0\0\0\0\0\0\0\0\0\0\0\0\0\0\0\0\0\0\0\0\0\0\0\0\0\0\0\0\0\0\0\0\0\0\0\0\0\0\0\0\0\0\0\0\0\0\0\0\0\0\0\0\0\0\0\0\0\0\0\0\0\0\0\0\0\0\0\0\0\0\0\0\0\0\0\0\0\0\0\0\0\0\0\0\0\0T\0\0\0,\0\0\0,\0\0\0,\0\0\04\0\0\0\0\0\0\0\0\0\0\0§)\0\0Ý#\0\0\0\0\0\0-\0\0\r\0\0\0\0\0\0\0\0\0\0\0÷\0\0S\0\0g\0\0\0\0\0\0Ý\0\0\0\0Á\0\0\0\0Í\0\0ü\0\0\0\0\0\0\0\0\0J\0\02X\0\0\0\0\0\0\0\0\0\0\0\0\0\0\0\0\0\0\0\0È\n\0\0\0\0\0\0\0\0\0ò\0\0¬\0\0\0\0\0\0\0\0\0\0\0\0\0\0\0\0\0\0\0\0÷\0\0\0\0\0\0\0\0\0ò\0\0\0\0\0\0\0\0\0\0\0\0\0\0\0\0\0\0\0\0\0\0\0\0÷\0\0\0\0\0\0\0\0\0\0U2\0\0Ý#\0\0\0\0\0\0\0\0\0\0\r\0\0\0\0\0\0\0\0\0\0\0÷\0\0\n\0\0\0\0xV4\0\0\0b\0\0\0\0\0\0\0\0\0\0\0\0\0\0\0\0\0\0\0\0\0\0\0\0\0\0\0\0\0\0\0\0\0\0\0\0\0\0\0\0	\0\0\0\n\0\0\0\0\0\0d\0b\0o\0\0\0\r\0\0\0c\0h\0a\0r\0t\0_\0r\0e\0v\0i\0e\0w\0\0\0!C4\0\0\0A\0\0g\0\0xV4\0\0\0\0\0c\0h\0t\0n\0_\0d\0i\0v\0i\0s\0i\0o\0n\0\0\0\0\0\0\0\0\0\0\0\0\0\0\0\0\0\0\0\0\0\0\0\0\0\0\0\0\0\0\0\0\0\0\0\0\0\0\0\0\0\0\0\0\0\0\0\0\0\0\0\0\0\0\0\0\0\0\0\0\0\0\0\0\0\0\0\0\0\0\0\0\0\0\0\0\0\0\0\0\0\0\0\0\0\0\0\0\0\0\0\0\0\0\0\0\0\0\0\0\0\0\0\0\0\0\0\0\0\0\0\0\0\0\0\0\0\0\0\0\0\0\0\0\0\0\0\0\0\0\0\0\0\0\0\0\0\0\0\0\0\0\0\0\0\0\0\0\0\0\0\0\0\0\0\0\0\0\0\0\0\0\0\0\0\0\0\0\0\0\0\0\0\0\0\0\0\0\0\0\0\0\0\0\0\0\0\0\0\0\0\0\0\0\0\0\0\0\0\0\0\0\0\0\0\0\0\0\0\0\0\0\0\0\0\0\0\0\0\0\0\0\0\0\0\0\0\0\0T\0\0\0,\0\0\0,\0\0\0,\0\0\04\0\0\0\0\0\0\0\0\0\0\0§)\0\09\0\0\0\0\0\0-\0\0\0\0\0\0\0\0\0\0\0\0\0÷\0\0S\0\0g\0\0\0\0\0\0Ý\0\0\0\0Á\0\0\0\0Í\0\0ü\0\0\0\0\0\0\0\0\0A\0\0g\0\0\0\0\0\0\0\0\0\0\0\0\0\0\0\0\0\0\0\0È\n\0\0\0\0\0\0\0\0\0ò\0\0N\0\0\0\0\0\0\0\0\0\0\0\0\0\0\0\0\0\0\0\0÷\0\0\0\0\0\0\0\0\0ò\0\0\0\0\0\0\0\0\0\0\0\0\0\0\0\0\0\0\0\0\0\0\0\0÷\0\0\0\0\0\0\0\0\0\0U2\0\0Ý#\0\0\0\0\0\0\0\0\0\0\r\0\0\0\0\0\0\0\0\0\0\0÷\0\0\n\0\0\0\0xV4\0\0\0d\0\0\0\0\0\0\0\0\0\0\0\0\0\0\0\0\0\0\0\0\0\0\0\0\0\0\0\0\0\0\0\0\0\0\0\0\0\0\0\0	\0\0\0\n\0\0\0\0\0\0d\0b\0o\0\0\0\0\0\0c\0h\0t\0n\0_\0d\0i\0v\0i\0s\0i\0o\0n\0\0\0!C4\0\0\0m\0\0D\0\0xV4\0\0\0\0\0c\0l\0i\0n\0i\0c\0a\0l\0_\0p\0r\0o\0c\0e\0d\0u\0r\0e\0\0\0u\0s\0\0\0\0\0\0\0\0\0\0\0\0\0\0\0\0\0\0\0\0\0\0\0\0\0\0\0\0\0\0\0\0\0\0\0\0\0\0\0\0\0\0\0\0	\0\0\0\0\0\0\0\0\0\0\0\0\0\0\0\0\0\0\0\0\0\0\0\0\0\0\0\0\0\0\0\0\0\0\0\0\0\0\0\0\0\0\0\0\0\0\0\0\0\0\0\0\0\0\0\0\0\0\0\0\0\0\0\0\0\0\0\0\0\0\0\0\0\0\0\0\0\0\0\0\0\0\0\0\0\0\0\0\0\0\0\0\0\0\0\0\0\0\0\0\0\0\0\0\0\0\0\0\0\0\0\0\0\0\0\0\0\0\0\0\0\0\0\0\0\0\0\0\0\0\0\0\0\0\0\0\0\0\0\0\0\0\0\0\0\0\0\0\0\0\0\0\0\0\0\0\0\0\0\0\0\0\0\0\0\0T\0\0\0,\0\0\0,\0\0\0,\0\0\04\0\0\0\0\0\0\0\0\0\0\0§)\0\0Ý#\0\0\0\0\0\0-\0\0\r\0\0\0\0\0\0\0\0\0\0\0÷\0\0S\0\0g\0\0\0\0\0\0Ý\0\0\0\0Á\0\0\0\0Í\0\0ü\0\0\0\0\0\0\0\0\0m\0\0D\0\0\0\0\0\0\0\0\0\0\0\0\0\0\0\0\0\0\0\0æ\n\0\0\0\0\0\0\0\0\0ò\0\0Q\0\0\0\0\0\0\0\0\0\0\0\0\0\0\0\0\0\0\0\0÷\0\0\0\0\0\0\0\0\0ò\0\0\0\0\0\0\0\0\0\0\0\0\0\0\0\0\0\0\0\0\0\0\0\0÷\0\0\0\0\0\0\0\0\0\0U2\0\0Ý#\0\0\0\0\0\0\0\0\0\0\r\0\0\0\0\0\0\0\0\0\0\0÷\0\0\n\0\0\0\0xV4\0\0\0n\0\0\0\0\0\0\0\0\0\0\0\0\0\0\0\0\0\0\0\0\0\0\0\0\0\0\0\0\0\0\0\0\0\0\0\0\0\0\0\0	\0\0\0\n\0\0\0\0\0\0d\0b\0o\0\0\0\0\0\0c\0l\0i\0n\0i\0c\0a\0l\0_\0p\0r\0o\0c\0e\0d\0u\0r\0e\0\0\0\0\0Àÿÿôe\0\0Íÿÿôe\0\0\0\0\0\0\0\0\0ððð\0\0\0\0\0\0\0\0\0\0\0\0\0\0\0\0\0\0\0\0\0\0\0\0\0\0\0~Àÿÿ£f\0\0\0\0X\0\02\0\0\0\0\0\0\0\0\0X\0\0\0\0\0\0\0\0\0\0\0\0\0\0\0\0\0\0DB\0Tahoma\0F\0K\02\0E\09\07\08\08\0A\07\0E\0E\0E\05\0D\09\0A\0D\0\0\0Íÿÿ2d\0\0Àÿÿ2d\0\0\0\0\0\0\0\0ððð\0\0\0\0\0\0\0\0\0\0\0\0\0\0\0\0\0\0\0\0\0\0\0\0\0\0\0Àÿÿ+b\0\0c\0\0X\0\07\0\0\0\0\0\0\0c\0\0X\0\0\0\0\0\0\0\0\0\0\0\0\0\0\0\0\0\0DB\0Tahoma\0F\0K\08\08\0B\00\02\06\0D\09\09\07\0F\0A\01\06\0F\00\0!C4\0\0\0\'\0\0-$\0\0xV4\0\0\0\0\0c\0o\0n\0s\0e\0n\0t\0\0\0E\0L\0E\0C\0T\0 \0n\0a\0m\0e\0,\0 \0v\0a\0l\0u\0e\0 \0F\0R\0O\0M\0 \0s\0y\0s\0.\0e\0x\0t\0e\0n\0d\0e\0d\0_\0p\0r\0o\0p\0e\0r\0t\0i\0e\0s\0 \0W\0H\0E\0R\0E\0 \0(\0c\0l\0a\0s\0s\0 \0=\0 \01\0)\0 \0A\0N\0D\0 \0(\0m\0i\0n\0o\0r\0_\0i\0d\0 \0=\0 \00\0)\0 \0A\0N\0D\0 \0(\0m\0a\0j\0o\0r\0_\0i\0d\0 \0=\0 \0O\0B\0J\0E\0C\0T\0_\0I\0D\0(\0N\0\0\0\0\0\0\0\0\0\0\0\0\0\0\0\0\0T\0\0\0,\0\0\0,\0\0\0,\0\0\04\0\0\0\0\0\0\0\0\0\0\0§)\0\0Ý#\0\0\0\0\0\0-\0\0\r\0\0\0\0\0\0\0\0\0\0\0÷\0\0S\0\0g\0\0\0\0\0\0Ý\0\0\0\0Á\0\0\0\0Í\0\0ü\0\0\0\0\0\0\0\0\0\'\0\0-$\0\0\0\0\0\0\r\0\0\0\0\0\0\0\0\0\0\0\0\0\0`	\0\0\0\0\0\0\0\0\0ò\0\0f\0\0\0\0\0\0\0\0\0\0\0\0\0\0\0\0\0\0\0\0÷\0\0\0\0\0\0\0\0\0ò\0\0\0\0\0\0\0\0\0\0\0\0\0\0\0\0\0\0\0\0\0\0\0\0÷\0\0\0\0\0\0\0\0\0\0U2\0\0Ý#\0\0\0\0\0\0\0\0\0\0\r\0\0\0\0\0\0\0\0\0\0\0÷\0\0\n\0\0\0\0xV4\0\0\0X\0\0\0\0\0\0\0\0\0\0\0\0\0\0\0\0\0\0\0\0\0\0\0\0\0\0\0\0\0\0\0\0\0\0\0\0\0\0\0\0	\0\0\0\n\0\0\0\0\0\0d\0b\0o\0\0\0\0\0\0c\0o\0n\0s\0e\0n\0t\0\0\0!C4\0\0\0A\0\0q\n\0\0xV4\0\0\0\0\0c\0o\0n\0s\0e\0n\0t\0_\0p\0r\0o\0t\0o\0c\0o\0l\0\0\0.\00\0.\00\0.\00\0,\0 \0C\0u\0l\0t\0u\0r\0e\0=\0n\0e\0u\0t\0r\0a\0l\0,\0 \0P\0u\0b\0l\0i\0c\0K\0e\0y\0T\0o\0k\0e\0n\0=\0b\07\07\0a\05\0c\05\06\01\09\03\04\0e\00\08\09\0\0\0\0\0\0\0\0\0\0\0\0\0\0\0\0\0\0\0\0\0\0\0\0\0\0\0\0\0\0\0\0\0\0\0\0\0\0\0\0\0\0\0\0\0\0\0\0\0\0\0\0\0\0\0\0\0\0\0\0\0\0\0\0\0\0\0\0\0\0\0\0\0\0\0\0\0\0\0\0\0\0\0\0\0\0\0\0\0\0\0\0\0\0\0\0\0\0\0\0\0\0\0\0\0\0\0\0\0T\0\0\0,\0\0\0,\0\0\0,\0\0\04\0\0\0\0\0\0\0\0\0\0\0§)\0\09\0\0\0\0\0\0-\0\0\0\0\0\0\0\0\0\0\0\0\0÷\0\0S\0\0g\0\0\0\0\0\0Ý\0\0\0\0Á\0\0\0\0Í\0\0ü\0\0\0\0\0\0\0\0\0A\0\0q\n\0\0\0\0\0\0\0\0\0\0\0\0\0\0\0\0\0\0\0\0È\n\0\0\0\0\0\0\0\0\0ò\0\0\0\0\0\0\0\0\0\0\0\0\0\0\0\0\0\0\0\0\0\0÷\0\0\0\0\0\0\0\0\0ò\0\0\0\0\0\0\0\0\0\0\0\0\0\0\0\0\0\0\0\0\0\0\0\0÷\0\0\0\0\0\0\0\0\0\0U2\0\0Ý#\0\0\0\0\0\0\0\0\0\0\r\0\0\0\0\0\0\0\0\0\0\0÷\0\0\n\0\0\0\0xV4\0\0\0j\0\0\0\0\0\0\0\0\0\0\0\0\0\0\0\0\0\0\0\0\0\0\0\0\0\0\0\0\0\0\0\0\0\0\0\0\0\0\0\0	\0\0\0\n\0\0\0\0\0\0d\0b\0o\0\0\0\0\0\0c\0o\0n\0s\0e\0n\0t\0_\0p\0r\0o\0t\0o\0c\0o\0l\0\0\0\0\0ÆÿÿB\'\0\0ÁÿÿB\'\0\0\0\0\0\0\0\0\0ððð\0\0\0\0\0\0\0\0\0\0\0\0\0\0\0\0\0\0\0\0\0\0\0\0\0\0\0½ÿÿ;%\0\0\0\0X\0\02\0\0\0\0\0\0\0\0\0X\0\0\0\0\0\0\0\0\0\0\0\0\0\0\0\0\0\0DB\0Tahoma\0F\0K\0E\02\0C\06\07\0D\01\0D\02\06\00\08\0A\06\0B\04\0!C4\0\0\0A\0\0â\0\0xV4\0\0\0\0\0f\0a\0m\0i\0l\0y\0_\0h\0i\0s\0t\0o\0r\0y\0\0\0\0\0\0\0\0\0\0\0\0\0\0t\01\0\0\0\0\0jFa\0Users\0`\0\0\0ï¾î:\ZjFa*\0\0\0É\0\0\0\0\0\0\0\0\0\0\0\0\06\0\0\0\0\0U\0s\0e\0r\0s\0\0\0@\0s\0h\0e\0l\0l\03\02\0.\0d\0l\0l\0,\0-\02\01\08\01\03\0\0\0\0P\01\0\0\0\0\0jF\0nohl01\0\0:\0\0\0ï¾jFajF*\0\0\0ði\0\0\0\0\0\0\0\0\0\0\0\0\0\0\0\0\0\0\0n\0o\0h\0l\00\01\0\0\0\0R\0\0\0\0\0\0\0\0\0\0\0\0\0\0\0\0T\0\0\0,\0\0\0,\0\0\0,\0\0\04\0\0\0\0\0\0\0\0\0\0\0§)\0\09\0\0\0\0\0\0-\0\0\0\0\0\0\0\0\0\0\0\0\0÷\0\0S\0\0g\0\0\0\0\0\0Ý\0\0\0\0Á\0\0\0\0Í\0\0ü\0\0\0\0\0\0\0\0\0A\0\0â\0\0\0\0\0\0\0\0\0\0\0\0\0\0\0\0\0\0\0\0È\n\0\0\0\0\0\0\0\0\0ò\0\0Ú\n\0\0\0\0\0\0\0\0\0\0\0\0\0\0\0\0\0\0\0\0÷\0\0\0\0\0\0\0\0\0ò\0\0\0\0\0\0\0\0\0\0\0\0\0\0\0\0\0\0\0\0\0\0\0\0÷\0\0\0\0\0\0\0\0\0\0U2\0\0Ý#\0\0\0\0\0\0\0\0\0\0\r\0\0\0\0\0\0\0\0\0\0\0÷\0\0\n\0\0\0\0xV4\0\0\0f\0\0\0\0\0\0\0\0\0\0\0\0\0\0\0\0\0\0\0\0\0\0\0\0\0\0\0\0\0\0\0\0\0\0\0\0\0\0\0\0	\0\0\0\n\0\0\0\0\0\0d\0b\0o\0\0\0\0\0\0f\0a\0m\0i\0l\0y\0_\0h\0i\0s\0t\0o\0r\0y\0\0\0\0\0H©ÿÿ¼4\0\0=£ÿÿ¼4\0\0\0\0\0\0\0\0\0ððð\0\0\0\0\0\0\0\0\0\0\0\0\0\0\0\0\0\0\0\0\0\0\0\0\0\0\0ôÿÿµ2\0\0\0\0X\0\02\0\0\0\0\0\0\0\0\0X\0\0\0\0\0\0\0\0\0\0\0\0\0\0\0\0\0\0DB\0Tahoma\0F\0K\09\0D\09\08\04\02\0B\09\0E\0E\0E\05\0D\09\0A\0D\0!C4\0\0\0B\0\00_\0\0xV4\0\0\0\0\0i\0n\0v\0e\0s\0t\0i\0g\0a\0t\0o\0r\0\0\0\0\0\0\0\0\0\0\0\0\0\0\0\0\0\0t\01\0\0\0\0\0jFa\0Users\0`\0\0\0ï¾î:\ZjFa*\0\0\0É\0\0\0\0\0\0\0\0\0\0\0\0\06\0\0\0\0\0U\0s\0e\0r\0s\0\0\0@\0s\0h\0e\0l\0l\03\02\0.\0d\0l\0l\0,\0-\02\01\08\01\03\0\0\0\0P\01\0\0\0\0\0jF\0nohl01\0\0:\0\0\0ï¾jFajF*\0\0\0ði\0\0\0\0\0\0\0\0\0\0\0\0\0\0\0\0\0\0\0n\0o\0h\0l\00\01\0\0\0\0R\0\0\0\0\0\0\0\0\0\0\0\0\0\0\0\0T\0\0\0,\0\0\0,\0\0\0,\0\0\04\0\0\0\0\0\0\0\0\0\0\0§)\0\0Ý#\0\0\0\0\0\0-\0\0\r\0\0\0\0\0\0\0\0\0\0\0÷\0\0S\0\0g\0\0\0\0\0\0Ý\0\0\0\0Á\0\0\0\0Í\0\0ü\0\0\0\0\0\0\0\0\0B\0\00_\0\0\0\0\0\0&\0\0\0\0\0\0\0\0\0\0\0\0\0\0`	\0\0\0\0\0\0\0\0\0ò\0\09\0\0\0\0\0\0\0\0\0\0\0\0\0\0\0\0\0\0\0\0÷\0\0\0\0\0\0\0\0\0ò\0\0\0\0\0\0\0\0\0\0\0\0\0\0\0\0\0\0\0\0\0\0\0\0÷\0\0\0\0\0\0\0\0\0\0U2\0\0Ý#\0\0\0\0\0\0\0\0\0\0\r\0\0\0\0\0\0\0\0\0\0\0÷\0\0\n\0\0\0\0xV4\0\0\0b\0\0\0\0\0\0\0\0\0\0\0\0\0\0\0\0\0\0\0\0\0\0\0\0\0\0\0\0\0\0\0\0\0\0\0\0\0\0\0\0	\0\0\0\n\0\0\0\0\0\0d\0b\0o\0\0\0\r\0\0\0i\0n\0v\0e\0s\0t\0i\0g\0a\0t\0o\0r\0\0\0\0\0åÿÿ¿\0\0Äàÿÿ¿\0\0\0\0\0\0\0\0\0ððð\0\0\0\0\0\0\0\0\0\0\0\0\0\0\0\0\0\0\0\0\0\0\0\0\0\0\0gÝÿÿý¼\0\0G\0\0X\0\0:\0\0\0\0\0\0\0G\0\0X\0\0\0\0\0\0\0\0\0\0\0\0\0\0\0\0\0\0DB\0Tahoma\0F\0K\09\06\07\0B\0B\0B\0A\09\08\04\03\0B\04\04\0E\03\0!C4\0\0\0\\\0\0cC\0\0xV4\0\0\0\0\0i\0n\0v\0o\0i\0c\0e\0\0\0\0/C:\\\0\0\0\0\0\0\0\0\0\0\0\0\0\0\0\0\0\0\0t\01\0\0\0\0\0jFa\0Users\0`\0\0\0ï¾î:\ZjFa*\0\0\0É\0\0\0\0\0\0\0\0\0\0\0\0\06\0\0\0\0\0U\0s\0e\0r\0s\0\0\0@\0s\0h\0e\0l\0l\03\02\0.\0d\0l\0l\0,\0-\02\01\08\01\03\0\0\0\0P\01\0\0\0\0\0jF\0nohl01\0\0:\0\0\0ï¾jFajF*\0\0\0ði\0\0\0\0\0\0\0\0\0\0\0\0\0\0\0\0\0\0\0n\0o\0h\0l\00\01\0\0\0\0R\0\0\0\0\0\0\0\0\0\0\0\0\0\0\0\0T\0\0\0,\0\0\0,\0\0\0,\0\0\04\0\0\0\0\0\0\0\0\0\0\0§)\0\0Ý#\0\0\0\0\0\0-\0\0\r\0\0\0\0\0\0\0\0\0\0\0÷\0\0S\0\0g\0\0\0\0\0\0Ý\0\0\0\0Á\0\0\0\0Í\0\0ü\0\0\0\0\0\0\0\0\0\\\0\0cC\0\0\0\0\0\0\0\0\0\0\0\0\0\0\0\0\0\0\0\0æ\n\0\0\0\0\0\0\0\0\0ò\0\0f\0\0\0\0\0\0\0\0\0\0\0\0\0\0\0\0\0\0\0\0÷\0\0\0\0\0\0\0\0\0ò\0\0\0\0\0\0\0\0\0\0\0\0\0\0\0\0\0\0\0\0\0\0\0\0÷\0\0\0\0\0\0\0\0\0\0U2\0\0Ý#\0\0\0\0\0\0\0\0\0\0\r\0\0\0\0\0\0\0\0\0\0\0÷\0\0\n\0\0\0\0xV4\0\0\0X\0\0\0\0\0\0\0\0\0\0\0\0\0\0\0\0\0\0\0\0\0\0\0\0\0\0\0\0\0\0\0\0\0\0\0\0\0\0\0\0	\0\0\0\n\0\0\0\0\0\0d\0b\0o\0\0\0\0\0\0i\0n\0v\0o\0i\0c\0e\0\0\0\0\0ÉÿÿÍ\0\0ÆÿÿÍ\0\0\0\0\0\0\0\0\0ððð\0\0\0\0\0\0\0\0\0\0\0\0\0\0\0\0\0\0\0\0\0\0\0\0\0\0\0ÁÁÿÿ\rË\0\0\0\0X\0\02\0\0\0\0\0\0\0\0\0X\0\0\0\0\0\0\0\0\0\0\0\0\0\0\0\0\0\0DB\0Tahoma\0F\0K\07\04\0D\06\04\03\02\0D\0D\05\04\00\02\0B\04\04\0!C4\0\0\0A\0\0ì\0\0xV4\0\0\0\0\0m\0e\0a\0s\0u\0r\0e\0m\0e\0n\0t\0\0\0\0\0\0\0\0\0\0\0\0\0\0\0\0\0\0\0\0\0\0\0\0\0\0\0\0\0\0\0\0\0\0\0\0\0\0\0\0\0\0\0\0\0\0\0\0\0\0\0\0\0\0\0\0\0\0\0\0\0\0\0\0\0\0\0\0\0\0\0\0\0\0\0\0\0\0\0\0\0\0\0\0\0\0\0\0\0\0\0\0\0\0\0\0\0\0\0\0\0\0\0\0\0\0\0\0\0\0\0\0\0\0\0\0\0\0\0\0\0\0\0\0\0\0\0\0\0\0\0\0\0\0\0\0\0\0\0\0\0\0\0\0\0\0\0\0\0\0\0\0\0\0\0\0\0\0\0\0\0\0\0\0\0\0\0\0\0\0\0\0\0\0\0\0\0\0\0\0\0\0\0\0\0\0\0\0\0\0\0\0\0\0\0\0\0\0\0\0\0\0\0\0\0\0\0\0\0\0\0\0\0\0\0\0\0\0\0\0\0\0\0\0\0\0\0\0\0\0\0\0\0T\0\0\0,\0\0\0,\0\0\0,\0\0\04\0\0\0\0\0\0\0\0\0\0\0§)\0\09\0\0\0\0\0\0-\0\0\0\0\0\0\0\0\0\0\0\0\0÷\0\0S\0\0g\0\0\0\0\0\0Ý\0\0\0\0Á\0\0\0\0Í\0\0ü\0\0\0\0\0\0\0\0\0A\0\0ì\0\0\0\0\0\0\0\0\0\0\0\0\0\0\0\0\0\0\0\0È\n\0\0\0\0\0\0\0\0\0ò\0\0N\0\0\0\0\0\0\0\0\0\0\0\0\0\0\0\0\0\0\0\0÷\0\0\0\0\0\0\0\0\0ò\0\0\0\0\0\0\0\0\0\0\0\0\0\0\0\0\0\0\0\0\0\0\0\0÷\0\0\0\0\0\0\0\0\0\0U2\0\0Ý#\0\0\0\0\0\0\0\0\0\0\r\0\0\0\0\0\0\0\0\0\0\0÷\0\0\n\0\0\0\0xV4\0\0\0`\0\0\0\0\0\0\0\0\0\0\0\0\0\0\0\0\0\0\0\0\0\0\0\0\0\0\0\0\0\0\0\0\0\0\0\0\0\0\0\0	\0\0\0\n\0\0\0\0\0\0d\0b\0o\0\0\0\0\0\0m\0e\0a\0s\0u\0r\0e\0m\0e\0n\0t\0\0\0!C4\0\0\0J\0\00\0\0xV4\0\0\0\0\0m\0e\0d\0i\0c\0a\0l\0_\0h\0i\0s\0t\0o\0r\0y\0\0\0\0\0\0\0\0\0\0\0\0\0\0\0\0\0\0\0\0\0\0\0\0\0\0\0\0\0\0\0\0\0\0\0\0\0\0\0\0\0\0\0\0\0\0\0\0\0\0\0\0\0\0\0\0\0\0\0\0\0\0\0\0\0\0\0\0\0\0\0\0\0\0\0\0\0\0\0\0\0\0\0\0\0\0\0\0\0\0\0\0\0\0\0\0\0\0\0\0\0\0\0\0\0\0\0\0\0\0\0\0\0\0\0\0\0\0\0\0\0\0\0\0\0\0\0\0\0\0\0\0\0\0\0\0\0\0\0\0\0\0\0\0\0\0\0\0\0\0\0\0\0\0\0\0\0\0\0\0\0\0\0\0\0\0\0\0\0\0\0\0\0\0\0\0\0\0\0\0\0\0\0\0\0\0\0\0\0\0\0\0\0\0\0\0\0\0\0\0\0\0\0\0\0\0\0\0\0\0\0\0\0\0\0\0\0\0\0\0\0\0\0\0\0T\0\0\0,\0\0\0,\0\0\0,\0\0\04\0\0\0\0\0\0\0\0\0\0\0§)\0\0Å\Z\0\0\0\0\0\0-\0\0	\0\0\0\0\0\0\0\0\0\0\0÷\0\0S\0\0g\0\0\0\0\0\0Ý\0\0\0\0Á\0\0\0\0Í\0\0ü\0\0\0\0\0\0\0\0\0J\0\00\0\0\0\0\0\0\0\0\0\0\0\0\0\0\0\0\0\0\0\0È\n\0\0\0\0\0\0\0\0\0ò\0\0f\0\0\0\0\0\0\0\0\0\0\0\0\0\0\0\0\0\0\0\0÷\0\0\0\0\0\0\0\0\0ò\0\0\0\0\0\0\0\0\0\0\0\0\0\0\0\0\0\0\0\0\0\0\0\0÷\0\0\0\0\0\0\0\0\0\0U2\0\0Ý#\0\0\0\0\0\0\0\0\0\0\r\0\0\0\0\0\0\0\0\0\0\0÷\0\0\n\0\0\0\0xV4\0\0\0h\0\0\0\0\0\0\0\0\0\0\0\0\0\0\0\0\0\0\0\0\0\0\0\0\0\0\0\0\0\0\0\0\0\0\0\0\0\0\0\0	\0\0\0\n\0\0\0\0\0\0d\0b\0o\0\0\0\0\0\0m\0e\0d\0i\0c\0a\0l\0_\0h\0i\0s\0t\0o\0r\0y\0\0\0\0\0H©ÿÿþ[\0\0F£ÿÿþ[\0\0\0\0\0\0\0\0\0ððð\0\0\0\0\0\0\0\0\0\0\0\0\0\0\0\0\0\0\0\0\0\0\0\0\0\0\0 ÿÿ÷Y\0\0\0\0X\0\02\0\0\0\0\0\0\0\0\0X\0\0\0\0\0\0\0\0\0\0\0\0\0\0\0\0\0\0DB\0Tahoma\0F\0K\02\06\0E\0B\08\04\0E\06\0E\0E\0E\05\0D\09\0A\0D\0!C4\0\0\0A\0\0/\0\0xV4\0\0\0\0\0m\0e\0d\0i\0c\0a\0t\0i\0o\0n\0\0\0\0\0\0\0\0\0\0\0\0\0\0\0\0\0\0\0\0\0\0\0\0\0\0\0\0\0\0\0\0\0\0\0\0\0\0\0\0\0\0\0\0\0\0\0\0\0\0\0\0\0\0\0\0\0\0\0\0\0\0\0\0\0\0\0\0\0\0\0\0\0\0\0\0\0\0\0\0\0\0\0\0\0\0\0\0\0\0\0\0\0\0\0\0\0\0\0\0\0\0\0\0\0\0\0\0\0\0\0\0\0\0\0\0\0\0\0\0\0\0\0\0\0\0\0\0\0\0\0\0\0\0\0\0\0\0\0\0\0\0\0\0\0\0\0\0\0\0\0\0\0\0\0\0\0\0\0\0\0\0\0\0\0\0\0\0\0\0\0\0\0\0\0\0\0\0\0\0\0\0\0\0\0\0\0\0\0\0\0\0\0\0\0\0\0\0\0\0\0\0\0\0\0\0\0\0\0\0\0\0\0\0\0\0\0\0\0\0\0\0\0\0\0\0\0\0\0\0\0\0\0\0\0T\0\0\0,\0\0\0,\0\0\0,\0\0\04\0\0\0\0\0\0\0\0\0\0\0§)\0\0\0\0\0\0\0\0-\0\0\n\0\0\0\0\0\0\0\0\0\0\0÷\0\0S\0\0g\0\0\0\0\0\0Ý\0\0\0\0Á\0\0\0\0Í\0\0ü\0\0\0\0\0\0\0\0\0A\0\0/\0\0\0\0\0\0\0\0\0\0\0\0\0\0\0\0\0\0\0\0o	\0\0\0\0\0\0\0\0\0ò\0\0Ú\n\0\0\0\0\0\0\0\0\0\0\0\0\0\0\0\0\0\0\0\0÷\0\0\0\0\0\0\0\0\0ò\0\0\0\0\0\0\0\0\0\0\0\0\0\0\0\0\0\0\0\0\0\0\0\0÷\0\0\0\0\0\0\0\0\0\0U2\0\0Ý#\0\0\0\0\0\0\0\0\0\0\r\0\0\0\0\0\0\0\0\0\0\0÷\0\0\n\0\0\0\0xV4\0\0\0^\0\0\0\0\0\0\0\0\0\0\0\0\0\0\0\0\0\0\0\0\0\0\0\0\0\0\0\0\0\0\0\0\0\0\0\0\0\0\0\0	\0\0\0\n\0\0\0\0\0\0d\0b\0o\0\0\0\0\0\0m\0e\0d\0i\0c\0a\0t\0i\0o\0n\0\0\0\0\0H©ÿÿØr\0\0=£ÿÿØr\0\0\0\0\0\0\0\0\0ððð\0\0\0\0\0\0\0\0\0\0\0\0\0\0\0\0\0\0\0\0\0\0\0\0\0\0\0×ÿÿÑp\0\0×\0\0X\0\02\0\0\0\0\0\0\0×\0\0X\0\0\0\0\0\0\0\0\0\0\0\0\0\0\0\0\0\0DB\0Tahoma\0F\0K\07\07\02\05\0C\0A\0C\0F\0E\0E\0E\05\0D\09\0A\0D\0!C4\0\0\0\'\0\0[\0\0xV4\0\0\0\0\0p\0a\0t\0i\0e\0n\0t\0\0\0\0\0\0\0\0\0\0\0\0\0\0\0\0\0\0\0\0\0\0\0\0\0\0\0\0\0\0\0\0\0\0\0\0\0\0\0\0\0\0\0\0\0\0\0\0\0\0\0\0\0\0\0\0\0\0\0\0\0\0\0\0\0\0\0\0\0\0\0\0\0\0\0\0\0\0\0\0\0\0\0\0\0\0\0\0\0\0\0\0\0\0\0\0\0\0\0\0\0\0\0\0\0\0\0\0\0\0\0\0\0\0\0\0\0\0\0\0\0\0\0\0\0\0\0\0\0\0\0\0\0\0\0\0\0\0\0\0\0\0\0\0\0\0\0\0\0\0\0\0\0\0\0\0\0\0\0\0\0\0\0\0\0\0\0\0\0\0\0\0\0\0\0\0\0\0\0\0\0\0\0\0\0\0\0\0\0\0\0\0\0\0\0\0\0\0\0\0\0\0\0\0\0\0\0\0\0\0\0\0\0\0\0\0\0\0\0\0\0\0\0\0\0\0\0\0\0\0\0\0\0\0\0\0\0\0\0\0\0T\0\0\0,\0\0\0,\0\0\0,\0\0\04\0\0\0\0\0\0\0\0\0\0\0§)\0\0!\0\0\0\0\0\0-\0\0\0\0\0\0\0\0\0\0\0\0\0÷\0\0S\0\0g\0\0\0\0\0\0Ý\0\0\0\0Á\0\0\0\0Í\0\0ü\0\0\0\0\0\0\0\0\0\'\0\0[\0\0\0\0\0\0\n\0\0\0\n\0\0\0\0\0\0\0\0\0\0\0`	\0\0\0\0\0\0\0\0\0ò\0\0f\0\0\0\0\0\0\0\0\0\0\0\0\0\0\0\0\0\0\0\0÷\0\0\0\0\0\0\0\0\0ò\0\0\0\0\0\0\0\0\0\0\0\0\0\0\0\0\0\0\0\0\0\0\0\0÷\0\0\0\0\0\0\0\0\0\0U2\0\0Ý#\0\0\0\0\0\0\0\0\0\0\r\0\0\0\0\0\0\0\0\0\0\0÷\0\0\n\0\0\0\0xV4\0\0\0X\0\0\0\0\0\0\0\0\0\0\0\0\0\0\0\0\0\0\0\0\0\0\0\0\0\0\0\0\0\0\0\0\0\0\0\0\0\0\0\0	\0\0\0\n\0\0\0\0\0\0d\0b\0o\0\0\0\0\0\0p\0a\0t\0i\0e\0n\0t\0\0\0\0\0Jãÿÿ=\0\0JãÿÿæF\0\0\0\0\0\0\0\0\0ððð\0\0\0\0\0\0\0\0\0\0\0\0\0\0\0\0\0\0\0\0\0\0\0\0\0\0\0TÖÿÿA\0\0G\0\0X\0\02\0\0\0\0\0\0\0G\0\0X\0\0\0\0\0\0\0\0\0\0\0\0\0\0\0\0\0\0DB\0Tahoma\0F\0K\02\0E\09\07\08\08\0A\07\05\00\03\0B\05\0F\03\00\0\0\0´âÿÿ,\0\0»Ýÿÿ,\0\0\0\0\0\0\0\0\0ððð\0\0\0\0\0\0\0\0\0\0\0\0\0\0\0\0\0\0\0\0!\0\0\0\0\0\0\0Úÿÿ*\0\0c\0\0X\0\02\0\0\0\0\0\0\0c\0\0X\0\0\0\0\0\0\0\0\0\0\0\0\0\0\0\0\0\0DB\0Tahoma\0F\0K\03\08\0B\06\0C\00\01\0A\05\00\03\0B\05\0F\03\00\0!C4\0\0\0A\0\0â\0\0xV4\0\0\0\0\0p\0r\0o\0j\0e\0c\0t\0\0\0p\0r\0o\0t\0o\0c\0o\0l\0\0\0F\0i\0l\0e\0s\0 \0(\0x\08\06\0)\0/\0M\0i\0c\0r\0o\0s\0o\0f\0t\0 \0S\0Q\0L\0 \0S\0e\0r\0v\0e\0r\0/\01\01\00\0/\0T\0o\0o\0l\0s\0/\0B\0i\0n\0n\0/\0M\0a\0n\0a\0g\0e\0m\0e\0n\0t\0S\0t\0u\0d\0i\0o\0/\0I\0D\0E\0/\0P\0r\0i\0v\0a\0t\0e\0A\0s\0s\0e\0m\0b\0l\0i\0e\0s\0/\0M\0i\0c\0r\0o\0s\0o\0f\0t\0.\0S\0q\0l\0S\0e\0\0\0\0\0\0\0\0\0\0\0\0\0\0\0\0\0T\0\0\0,\0\0\0,\0\0\0,\0\0\04\0\0\0\0\0\0\0\0\0\0\0§)\0\09\0\0\0\0\0\0-\0\0\0\0\0\0\0\0\0\0\0\0\0÷\0\0S\0\0g\0\0\0\0\0\0Ý\0\0\0\0Á\0\0\0\0Í\0\0ü\0\0\0\0\0\0\0\0\0A\0\0â\0\0\0\0\0\0\0\0\0\0\0\0\0\0\0\0\0\0\0\0È\n\0\0\0\0\0\0\0\0\0ò\0\0\0\0\0\0\0\0\0\0\0\0\0\0\0\0\0\0\0\0\0\0÷\0\0\0\0\0\0\0\0\0ò\0\0\0\0\0\0\0\0\0\0\0\0\0\0\0\0\0\0\0\0\0\0\0\0÷\0\0\0\0\0\0\0\0\0\0U2\0\0Ý#\0\0\0\0\0\0\0\0\0\0\r\0\0\0\0\0\0\0\0\0\0\0÷\0\0\n\0\0\0\0xV4\0\0\0X\0\0\0\0\0\0\0\0\0\0\0\0\0\0\0\0\0\0\0\0\0\0\0\0\0\0\0\0\0\0\0\0\0\0\0\0\0\0\0\0	\0\0\0\n\0\0\0\0\0\0d\0b\0o\0\0\0\0\0\0p\0r\0o\0j\0e\0c\0t\0\0\0!C4\0\0\0×\0\0­\0\0xV4\0\0\0\0\0p\0r\0o\0t\0o\0c\0o\0l\0\0\0L\0E\0C\0T\0 \0n\0a\0m\0e\0,\0 \0v\0a\0l\0u\0e\0 \0F\0R\0O\0M\0 \0s\0y\0s\0.\0e\0x\0t\0e\0n\0d\0e\0d\0_\0p\0r\0o\0p\0e\0r\0t\0i\0e\0s\0 \0W\0H\0E\0R\0E\0 \0(\0c\0l\0a\0s\0s\0 \0=\0 \01\0)\0 \0A\0N\0D\0 \0(\0m\0a\0j\0o\0r\0_\0i\0d\0 \0=\0 \0O\0B\0J\0E\0C\0T\0_\0I\0D\0(\0N\0\'\0[\0d\0b\0o\0]\0.\0[\0c\0o\0n\0s\0e\0n\0t\0]\0\'\0)\0)\0\0\0\0\0\0\0\0\0\0\0\0\0\0\0\0\0T\0\0\0,\0\0\0,\0\0\0,\0\0\04\0\0\0\0\0\0\0\0\0\0\0§)\0\09\0\0\0\0\0\0-\0\0\0\0\0\0\0\0\0\0\0\0\0÷\0\0S\0\0g\0\0\0\0\0\0Ý\0\0\0\0Á\0\0\0\0Í\0\0ü\0\0\0\0\0\0\0\0\0×\0\0­\0\0\0\0\0\0\0\0\0\0\0\0\0\0\0\0\0\0\0\0\n\0\0\0\0\0\0\0\0\0ò\0\0N\0\0\0\0\0\0\0\0\0\0\0\0\0\0\0\0\0\0\0\0÷\0\0\0\0\0\0\0\0\0ò\0\0\0\0\0\0\0\0\0\0\0\0\0\0\0\0\0\0\0\0\0\0\0\0÷\0\0\0\0\0\0\0\0\0\0U2\0\0Ý#\0\0\0\0\0\0\0\0\0\0\r\0\0\0\0\0\0\0\0\0\0\0÷\0\0\n\0\0\0\0xV4\0\0\0Z\0\0\0\0\0\0\0\0\0\0\0\0\0\0\0\0\0\0\0\0\0\0\0\0\0\0\0\0\0\0\0\0\0\0\0\0\0\0\0\0	\0\0\0\n\0\0\0\0\0\0d\0b\0o\0\0\0	\0\0\0p\0r\0o\0t\0o\0c\0o\0l\0\0\0\0\0¤ÿÿ&\0\0Þ©ÿÿ&\0\0\0\0\0\0\0\0\0ððð\0\0\0\0\0\0\0\0\0\0\0\0\0\0\0\0\0\0\0\0%\0\0\0\0\0\0\0£ ÿÿÅ&\0\0»\0\0X\0\05\0\0\0\0\0\0\0»\0\0X\0\0\0\0\0\0\0\0\0\0\0\0\0\0\0\0\0\0DB\0Tahoma\0F\0K\0E\02\0C\06\07\0D\01\0D\0F\0A\0C\01\03\05\0E\04\0!C4\0\0\0\'\0\0Þ\0\0xV4\0\0\0\0\0q\0c\0_\0b\0a\0t\0c\0h\0\0\0p\0r\0o\0c\0e\0d\0u\0r\0e\0\0\0l\0e\0s\0 \0(\0x\08\06\0)\0/\0M\0i\0c\0r\0o\0s\0o\0f\0t\0 \0S\0Q\0L\0 \0S\0e\0r\0v\0e\0r\0/\01\01\00\0/\0T\0o\0o\0l\0s\0/\0B\0i\0n\0n\0/\0M\0a\0n\0a\0g\0e\0m\0e\0n\0t\0S\0t\0u\0d\0i\0o\0/\0I\0D\0E\0/\0P\0u\0b\0l\0i\0c\0A\0s\0s\0e\0m\0b\0l\0i\0e\0s\0/\0M\0i\0c\0r\0o\0s\0o\0f\0t\0.\0S\0q\0l\0S\0e\0r\0\0\0\0\0\0\0\0\0\0\0\0\0\0\0\0\0T\0\0\0,\0\0\0,\0\0\0,\0\0\04\0\0\0\0\0\0\0\0\0\0\0§)\0\0!\0\0\0\0\0\0-\0\0\0\0\0\0\0\0\0\0\0\0\0÷\0\0S\0\0g\0\0\0\0\0\0Ý\0\0\0\0Á\0\0\0\0Í\0\0ü\0\0\0\0\0\0\0\0\0\'\0\0Þ\0\0\0\0\0\0\n\0\0\0\n\0\0\0\0\0\0\0\0\0\0\0`	\0\0\0\0\0\0\0\0\0ò\0\0\0\0\0\0\0\0\0\0\0\0\0\0\0\0\0\0\0\0\0\0÷\0\0\0\0\0\0\0\0\0ò\0\0\0\0\0\0\0\0\0\0\0\0\0\0\0\0\0\0\0\0\0\0\0\0÷\0\0\0\0\0\0\0\0\0\0U2\0\0Ý#\0\0\0\0\0\0\0\0\0\0\r\0\0\0\0\0\0\0\0\0\0\0÷\0\0\n\0\0\0\0xV4\0\0\0Z\0\0\0\0\0\0\0\0\0\0\0\0\0\0\0\0\0\0\0\0\0\0\0\0\0\0\0\0\0\0\0\0\0\0\0\0\0\0\0\0	\0\0\0\n\0\0\0\0\0\0d\0b\0o\0\0\0	\0\0\0q\0c\0_\0b\0a\0t\0c\0h\0\0\0!C4\0\0\0A\0\0ùE\0\0xV4\0\0\0\0\0q\0c\0_\0r\0e\0s\0u\0l\0t\0\0\0e\0w\0\0\0r\0a\0m\0 \0F\0i\0l\0e\0s\0 \0(\0x\08\06\0)\0/\0M\0i\0c\0r\0o\0s\0o\0f\0t\0 \0S\0Q\0L\0 \0S\0e\0r\0v\0e\0r\0/\01\01\00\0/\0T\0o\0o\0l\0s\0/\0B\0i\0n\0n\0/\0M\0a\0n\0a\0g\0e\0m\0e\0n\0t\0S\0t\0u\0d\0i\0o\0/\0I\0D\0E\0/\0P\0r\0o\0j\0e\0c\0t\0C\0o\0m\0p\0o\0n\0e\0n\0t\0s\0/\0M\0i\0c\0r\0o\0s\0o\0f\0t\0.\0S\0q\0l\0S\0e\0\0\0\0\0\0\0\0\0\0\0\0\0\0\0\0\0T\0\0\0,\0\0\0,\0\0\0,\0\0\04\0\0\0\0\0\0\0\0\0\0\0§)\0\0Ý#\0\0\0\0\0\0-\0\0\r\0\0\0\0\0\0\0\0\0\0\0÷\0\0S\0\0g\0\0\0\0\0\0Ý\0\0\0\0Á\0\0\0\0Í\0\0ü\0\0\0\0\0\0\0\0\0A\0\0ùE\0\0\0\0\0\0\Z\0\0\0\0\0\0\0\0\0\0\0\0\0\0o	\0\0\0\0\0\0\0\0\0ò\0\0Q\0\0\0\0\0\0\0\0\0\0\0\0\0\0\0\0\0\0\0\0÷\0\0\0\0\0\0\0\0\0ò\0\0\0\0\0\0\0\0\0\0\0\0\0\0\0\0\0\0\0\0\0\0\0\0÷\0\0\0\0\0\0\0\0\0\0U2\0\0Ý#\0\0\0\0\0\0\0\0\0\0\r\0\0\0\0\0\0\0\0\0\0\0÷\0\0\n\0\0\0\0xV4\0\0\0\\\0\0\0\0\0\0\0\0\0\0\0\0\0\0\0\0\0\0\0\0\0\0\0\0\0\0\0\0\0\0\0\0\0\0\0\0\0\0\0\0	\0\0\0\n\0\0\0\0\0\0d\0b\0o\0\0\0\n\0\0\0q\0c\0_\0r\0e\0s\0u\0l\0t\0\0\0!C4\0\0\0A\0\0:\r\0\0xV4\0\0\0\0\0s\0h\0i\0p\0m\0e\0n\0t\0\0\0L\0E\0C\0T\0 \0n\0a\0m\0e\0,\0 \0v\0a\0l\0u\0e\0 \0F\0R\0O\0M\0 \0s\0y\0s\0.\0e\0x\0t\0e\0n\0d\0e\0d\0_\0p\0r\0o\0p\0e\0r\0t\0i\0e\0s\0 \0W\0H\0E\0R\0E\0 \0(\0c\0l\0a\0s\0s\0 \0=\0 \01\0)\0 \0A\0N\0D\0 \0(\0m\0a\0j\0o\0r\0_\0i\0d\0 \0=\0 \0O\0B\0J\0E\0C\0T\0_\0I\0D\0(\0N\0\'\0[\0d\0b\0o\0]\0.\0[\0a\0g\0e\0_\0u\0n\0i\0t\0]\0\'\0)\0\0\0\0\0\0\0\0\0\0\0\0\0\0\0\0\0T\0\0\0,\0\0\0,\0\0\0,\0\0\04\0\0\0\0\0\0\0\0\0\0\0§)\0\09\0\0\0\0\0\0-\0\0\0\0\0\0\0\0\0\0\0\0\0÷\0\0S\0\0g\0\0\0\0\0\0Ý\0\0\0\0Á\0\0\0\0Í\0\0ü\0\0\0\0\0\0\0\0\0A\0\0:\r\0\0\0\0\0\0\0\0\0\0\0\0\0\0\0\0\0\0\0\0È\n\0\0\0\0\0\0\0\0\0ò\0\0N\0\0\0\0\0\0\0\0\0\0\0\0\0\0\0\0\0\0\0\0÷\0\0\0\0\0\0\0\0\0ò\0\0\0\0\0\0\0\0\0\0\0\0\0\0\0\0\0\0\0\0\0\0\0\0÷\0\0\0\0\0\0\0\0\0\0U2\0\0Ý#\0\0\0\0\0\0\0\0\0\0\r\0\0\0\0\0\0\0\0\0\0\0÷\0\0\n\0\0\0\0xV4\0\0\0Z\0\0\0\0\0\0\0\0\0\0\0\0\0\0\0\0\0\0\0\0\0\0\0\0\0\0\0\0\0\0\0\0\0\0\0\0\0\0\0\0	\0\0\0\n\0\0\0\0\0\0d\0b\0o\0\0\0	\0\0\0s\0h\0i\0p\0m\0e\0n\0t\0\0\0!C4\0\0\0½\0\0ãX\0\0xV4\0\0\0\0\0s\0h\0i\0p\0p\0i\0n\0g\0_\0c\0a\0r\0t\0\0\0n\0a\0m\0e\0,\0 \0v\0a\0l\0u\0e\0 \0F\0R\0O\0M\0 \0s\0y\0s\0.\0e\0x\0t\0e\0n\0d\0e\0d\0_\0p\0r\0o\0p\0e\0r\0t\0i\0e\0s\0 \0W\0H\0E\0R\0E\0 \0(\0c\0l\0a\0s\0s\0 \0=\0 \01\0)\0 \0A\0N\0D\0 \0(\0m\0a\0j\0o\0r\0_\0i\0d\0 \0=\0 \0O\0B\0J\0E\0C\0T\0_\0I\0D\0(\0N\0\'\0[\0d\0b\0o\0]\0.\0[\0a\0d\0d\0r\0e\0s\0s\0]\0\'\0)\0)\0\0\0\0\0\0\0\0\0\0\0\0\0\0\0\0\0T\0\0\0,\0\0\0,\0\0\0,\0\0\04\0\0\0\0\0\0\0\0\0\0\0§)\0\0Ý#\0\0\0\0\0\0-\0\0\r\0\0\0\0\0\0\0\0\0\0\0÷\0\0S\0\0g\0\0\0\0\0\0Ý\0\0\0\0Á\0\0\0\0Í\0\0ü\0\0\0\0\0\0\0\0\0½\0\0ãX\0\0\0\0\0\0\0\0\0\0\0\0\0\0\0\0\0\0\0\0\n\0\0\0\0\0\0\0\0\0ò\0\0ò\0\0\0\0\0\0\0\0\0\0\0\0\0\0\0\0\0\0\0\0÷\0\0\0\0\0\0\0\0\0ò\0\0\0\0\0\0\0\0\0\0\0\0\0\0\0\0\0\0\0\0\0\0\0\0÷\0\0\0\0\0\0\0\0\0\0U2\0\0Ý#\0\0\0\0\0\0\0\0\0\0\r\0\0\0\0\0\0\0\0\0\0\0÷\0\0\n\0\0\0\0xV4\0\0\0d\0\0\0\0\0\0\0\0\0\0\0\0\0\0\0\0\0\0\0\0\0\0\0\0\0\0\0\0\0\0\0\0\0\0\0\0\0\0\0\0	\0\0\0\n\0\0\0\0\0\0d\0b\0o\0\0\0\0\0\0s\0h\0i\0p\0p\0i\0n\0g\0_\0c\0a\0r\0t\0\0\0\0\0Éÿÿ¤µ\0\0íªÿÿ¤µ\0\0\0\0\0\0\0\0\0ððð\0\0\0\0\0\0\0\0\0\0\0\0\0\0\0\0\0\0\0\0+\0\0\0\0\0\0\0´ÿÿ³\0\0G\0\0X\0\02\0\0\0\0\0\0\0G\0\0X\0\0\0\0\0\0\0\0\0\0\0\0\0\0\0\0\0\0DB\0Tahoma\0F\0K\02\00\05\0B\0B\03\01\01\0D\05\04\00\02\0B\04\04\0\0\0$¯ÿÿÚ\0\0íªÿÿÚ\0\0\0\0\0\0\0\0\0ððð\0\0\0\0\0\0\0\0\0\0\0\0\0\0\0\0\0\0\0\0-\0\0\0\0\0\0\0ó¦ÿÿØ\0\0+\0\0X\0\02\0\0\0\0\0\0\0+\0\0X\0\0\0\0\0\0\0\0\0\0\0\0\0\0\0\0\0\0DB\0Tahoma\0F\0K\02\00\05\0B\0B\03\01\01\0E\01\00\0E\08\0E\03\00\0!C4\0\0\0¢\0\0q\n\0\0xV4\0\0\0\0\0s\0h\0i\0p\0p\0i\0n\0g\0_\0c\0a\0r\0t\0_\0c\0h\0a\0r\0t\0_\0r\0e\0v\0i\0e\0w\0s\0\0\0/\0M\0i\0c\0r\0o\0s\0o\0f\0t\0 \0S\0Q\0L\0 \0S\0e\0r\0v\0e\0r\0/\01\01\00\0/\0T\0o\0o\0l\0s\0/\0B\0i\0n\0n\0/\0M\0a\0n\0a\0g\0e\0m\0e\0n\0t\0S\0t\0u\0d\0i\0o\0/\0I\0D\0E\0/\0P\0r\0o\0j\0e\0c\0t\0C\0o\0m\0p\0o\0n\0e\0n\0t\0s\0/\0M\0i\0c\0r\0o\0s\0o\0f\0t\0.\0S\0q\0l\0S\0e\0\0\0\0\0\0\0\0\0\0\0\0\0\0\0\0\0T\0\0\0,\0\0\0,\0\0\0,\0\0\04\0\0\0\0\0\0\0\0\0\0\0§)\0\09\0\0\0\0\0\0-\0\0\0\0\0\0\0\0\0\0\0\0\0÷\0\0S\0\0g\0\0\0\0\0\0Ý\0\0\0\0Á\0\0\0\0Í\0\0ü\0\0\0\0\0\0\0\0\0¢\0\0q\n\0\0\0\0\0\0\0\0\0\0\0\0\0\0\0\0\0\0\0\00\0\0\0\0\0\0\0\0\0ò\0\0\0\0\0\0\0\0\0\0\0\0\0\0\0\0\0\0\0\0\0\0÷\0\0\0\0\0\0\0\0\0ò\0\0\0\0\0\0\0\0\0\0\0\0\0\0\0\0\0\0\0\0\0\0\0\0÷\0\0\0\0\0\0\0\0\0\0U2\0\0Ý#\0\0\0\0\0\0\0\0\0\0\r\0\0\0\0\0\0\0\0\0\0\0÷\0\0\n\0\0\0\0xV4\0\0\0\0\0\0\0\0\0\0\0\0\0\0\0\0\0\0\0\0\0\0\0\0\0\0\0\0\0\0\0\0\0\0\0\0\0\0\0\0\0\0\0	\0\0\0\n\0\0\0\0\0\0d\0b\0o\0\0\0\0\0\0s\0h\0i\0p\0p\0i\0n\0g\0_\0c\0a\0r\0t\0_\0c\0h\0a\0r\0t\0_\0r\0e\0v\0i\0e\0w\0s\0\0\0\0\0ª¡ÿÿL³\0\0ª¡ÿÿ_£\0\0\0\0\0\0\0\0\0ððð\0\0\0\0\0\0\0\0\0\0\0\0\0\0\0\0\0\0\0\00\0\0\0\0\0\0\0Y¢ÿÿ©ª\0\0»\0\0X\0\02\0\0\0\0\0\0\0»\0\0X\0\0\0\0\0\0\0\0\0\0\0\0\0\0\0\0\0\0DB\0Tahoma\0F\0K\0A\06\09\0B\00\08\00\0C\0C\0D\03\04\0A\05\02\01\0\0\0²ÿÿ\0\0²ÿÿ^\0\0¤ÿÿ^\0\0¤ÿÿî\0\0\0\0\0\0\0\0\0ððð\0\0\0\0\0\0\0\0\0\0\0\0\0\0\0\0\0\0\0\02\0\0\0\0\0\0\0<£ÿÿW\0\0»\0\0X\0\02\0\0\0\0\0\0\0»\0\0X\0\0\0\0\0\0\0\0\0\0\0\0\0\0\0\0\0\0DB\0Tahoma\0F\0K\0A\06\09\0B\00\08\00\0C\0E\0E\0E\05\0D\09\0A\0D\0!C4\0\0\08\0\0õ\n\0\0xV4\0\0\0\0\0s\0h\0i\0r\0o\0_\0r\0o\0l\0e\0_\0p\0e\0r\0m\0i\0s\0s\0i\0o\0n\0s\0\0\0(\0x\08\06\0)\0/\0M\0i\0c\0r\0o\0s\0o\0f\0t\0 \0S\0Q\0L\0 \0S\0e\0r\0v\0e\0r\0/\01\01\00\0/\0T\0o\0o\0l\0s\0/\0B\0i\0n\0n\0/\0M\0a\0n\0a\0g\0e\0m\0e\0n\0t\0S\0t\0u\0d\0i\0o\0/\0I\0D\0E\0/\0C\0o\0m\0m\0o\0n\0E\0x\0t\0e\0n\0s\0i\0o\0n\0s\0/\0M\0i\0c\0r\0o\0s\0o\0f\0t\0/\0T\0e\0m\0p\0l\0a\0\0\0\0\0\0\0\0\0\0\0\0\0\0\0\0\0T\0\0\0,\0\0\0,\0\0\0,\0\0\04\0\0\0\0\0\0\0\0\0\0\0§)\0\09\0\0\0\0\0\0-\0\0\0\0\0\0\0\0\0\0\0\0\0÷\0\0S\0\0g\0\0\0\0\0\0Ý\0\0\0\0Á\0\0\0\0Í\0\0ü\0\0\0\0\0\0\0\0\08\0\0õ\n\0\0\0\0\0\0\0\0\0\0\0\0\0\0\0\0\0\0\0\0ô\0\0\0\0\0\0\0\0\0ò\0\0N\0\0\0\0\0\0\0\0\0\0\0\0\0\0\0\0\0\0\0\0÷\0\0\0\0\0\0\0\0\0ò\0\0\0\0\0\0\0\0\0\0\0\0\0\0\0\0\0\0\0\0\0\0\0\0÷\0\0\0\0\0\0\0\0\0\0U2\0\0Ý#\0\0\0\0\0\0\0\0\0\0\r\0\0\0\0\0\0\0\0\0\0\0÷\0\0\n\0\0\0\0xV4\0\0\0v\0\0\0\0\0\0\0\0\0\0\0\0\0\0\0\0\0\0\0\0\0\0\0\0\0\0\0\0\0\0\0\0\0\0\0\0\0\0\0\0	\0\0\0\n\0\0\0\0\0\0d\0b\0o\0\0\0\0\0\0s\0h\0i\0r\0o\0_\0r\0o\0l\0e\0_\0p\0e\0r\0m\0i\0s\0s\0i\0o\0n\0s\0\0\0!C4\0\0\0A\0\00\0\0xV4\0\0\0\0\0s\0h\0i\0r\0o\0_\0u\0s\0e\0r\0\0\0_\0i\0n\0t\0e\0r\0n\0a\0l\0\0\0s\0 \0(\0x\08\06\0)\0/\0M\0i\0c\0r\0o\0s\0o\0f\0t\0 \0S\0Q\0L\0 \0S\0e\0r\0v\0e\0r\0/\01\01\00\0/\0T\0o\0o\0l\0s\0/\0B\0i\0n\0n\0/\0M\0a\0n\0a\0g\0e\0m\0e\0n\0t\0S\0t\0u\0d\0i\0o\0/\0I\0D\0E\0/\0S\0t\0a\0r\0t\0P\0a\0g\0e\0A\0s\0s\0e\0m\0b\0l\0i\0e\0s\0/\0M\0i\0c\0r\0o\0s\0o\0f\0t\0.\0D\0a\0t\0\0\0\0\0\0\0\0\0\0\0\0\0\0\0\0\0T\0\0\0,\0\0\0,\0\0\0,\0\0\04\0\0\0\0\0\0\0\0\0\0\0§)\0\0Å\Z\0\0\0\0\0\0-\0\0	\0\0\0\0\0\0\0\0\0\0\0÷\0\0S\0\0g\0\0\0\0\0\0Ý\0\0\0\0Á\0\0\0\0Í\0\0ü\0\0\0\0\0\0\0\0\0A\0\00\0\0\0\0\0\0\0\0\0\0\0\0\0\0\0\0\0\0\0\0`	\0\0\0\0\0\0\0\0\0ò\0\0\0\0\0\0\0\0\0\0\0\0\0\0\0\0\0\0\0\0\0\0÷\0\0\0\0\0\0\0\0\0ò\0\0\0\0\0\0\0\0\0\0\0\0\0\0\0\0\0\0\0\0\0\0\0\0÷\0\0\0\0\0\0\0\0\0\0U2\0\0Ý#\0\0\0\0\0\0\0\0\0\0\r\0\0\0\0\0\0\0\0\0\0\0÷\0\0\n\0\0\0\0xV4\0\0\0^\0\0\0\0\0\0\0\0\0\0\0\0\0\0\0\0\0\0\0\0\0\0\0\0\0\0\0\0\0\0\0\0\0\0\0\0\0\0\0\0	\0\0\0\n\0\0\0\0\0\0d\0b\0o\0\0\0\0\0\0s\0h\0i\0r\0o\0_\0u\0s\0e\0r\0\0\0!C4\0\0\0A\0\0q\n\0\0xV4\0\0\0\0\0s\0h\0i\0r\0o\0_\0u\0s\0e\0r\0_\0p\0e\0r\0m\0i\0s\0s\0i\0o\0n\0s\0\0\0\0\0\0\0\0þÿÿÿÈÿô\0\0\0°\'õ(ç1\0#àw\0\0\0\0Üç1\0\0\0\0°\'õ<ç1\0­Cv\0\0U\0\0\0\0\0¸\'õPç1\0\"b9j\0\0U\0\0\0\0\0¸\'õ\0\0\0\0\0\0\0è\0\0\0\0\0\0\0ç1\0ha9j\0\0U\0\0\0\0\0ya9jX¯ è1\0\0\0\0\0\0\0\0W\0\0\0Ðç1\0üÒjÿÿÿÿya9jµa9j\0\0U\0\0\0\0\0à\0\0\0Üç1\04a9j¸½\nbh9j\0\0\0\0\0\0\0\0\0\0\0\0\0\0\0\0T\0\0\0,\0\0\0,\0\0\0,\0\0\04\0\0\0\0\0\0\0\0\0\0\0§)\0\09\0\0\0\0\0\0-\0\0\0\0\0\0\0\0\0\0\0\0\0÷\0\0S\0\0g\0\0\0\0\0\0Ý\0\0\0\0Á\0\0\0\0Í\0\0ü\0\0\0\0\0\0\0\0\0A\0\0q\n\0\0\0\0\0\0\0\0\0\0\0\0\0\0\0\0\0\0\0\0È\n\0\0\0\0\0\0\0\0\0ò\0\0N\0\0\0\0\0\0\0\0\0\0\0\0\0\0\0\0\0\0\0\0÷\0\0\0\0\0\0\0\0\0ò\0\0\0\0\0\0\0\0\0\0\0\0\0\0\0\0\0\0\0\0\0\0\0\0÷\0\0\0\0\0\0\0\0\0\0U2\0\0Ý#\0\0\0\0\0\0\0\0\0\0\r\0\0\0\0\0\0\0\0\0\0\0÷\0\0\n\0\0\0\0xV4\0\0\0v\0\0\0\0\0\0\0\0\0\0\0\0\0\0\0\0\0\0\0\0\0\0\0\0\0\0\0\0\0\0\0\0\0\0\0\0\0\0\0\0	\0\0\0\n\0\0\0\0\0\0d\0b\0o\0\0\0\0\0\0s\0h\0i\0r\0o\0_\0u\0s\0e\0r\0_\0p\0e\0r\0m\0i\0s\0s\0i\0o\0n\0s\0\0\0\0\0óÿÿÜ\0\06÷ÿÿÜ\0\0\0\0\0\0\0\0\0ððð\0\0\0\0\0\0\0\0\0\0\0\0\0\0\0\0\0\0\0\07\0\0\0\0\0\0\0îÿÿ\0\0\0\0X\0\07\0\0\0\0\0\0\0\0\0X\0\0\0\0\0\0\0ÿÿÿ\0\0\0\0\0\0\0\0\0\0DB\0Tahoma\0F\0K\03\04\05\05\05\0A\09\0E\0A\0D\0E\05\00\0E\0F\0D\0!C4\0\0\0\'\0\0q\n\0\0xV4\0\0\0\0\0s\0h\0i\0r\0o\0_\0u\0s\0e\0r\0_\0r\0o\0l\0e\0s\0\0\0\0\0\0\0\0\0\0\0\0UªÿÕ+\0\0\0\0\0\0\0\0\0\0\0\0\0\0\0\0\0\0\0\0\0\0\0\0\0\0\0\0\0\0UªÿÕ+\0\0\0\0\0\0\0\0\0\0\0\0\0\0\0\0\0\0\0\0\0UªÿÕ+\0\0\0UªÿÕ+\0\0\0\0\0+ÕÿÿÿÿÿÿÿªU\0\0\0\0UªÿÕ+\0\0\0UªÿÕ+\0\0\0UªÿÕ+\0\0\0\0\0UªÕ+\0\0UªÿÕ+\0\0\0UªÿÕ+\0\0+ÕÿÿÿÿÿÿÿÿÿÿÿÿªU\0\0UªÿÕ+\0\0\0UªÿÕ+\0\0+ÕÿªU\0\0\0\0\0\0\0\0\0\0\0\0\0\0\0\0\0T\0\0\0,\0\0\0,\0\0\0,\0\0\04\0\0\0\0\0\0\0\0\0\0\0§)\0\09\0\0\0\0\0\0-\0\0\0\0\0\0\0\0\0\0\0\0\0÷\0\0S\0\0g\0\0\0\0\0\0Ý\0\0\0\0Á\0\0\0\0Í\0\0ü\0\0\0\0\0\0\0\0\0\'\0\0q\n\0\0\0\0\0\0\0\0\0\0\0\0\0\0\0\0\0\0\0\0È\n\0\0\0\0\0\0\0\0\0ò\0\0\0\0\0\0\0\0\0\0\0\0\0\0\0\0\0\0\0\0\0\0÷\0\0\0\0\0\0\0\0\0ò\0\0\0\0\0\0\0\0\0\0\0\0\0\0\0\0\0\0\0\0\0\0\0\0÷\0\0\0\0\0\0\0\0\0\0U2\0\0Ý#\0\0\0\0\0\0\0\0\0\0\r\0\0\0\0\0\0\0\0\0\0\0÷\0\0\n\0\0\0\0xV4\0\0\0j\0\0\0\0\0\0\0\0\0\0\0\0\0\0\0\0\0\0\0\0\0\0\0\0\0\0\0\0\0\0\0\0\0\0\0\0\0\0\0\0	\0\0\0\n\0\0\0\0\0\0d\0b\0o\0\0\0\0\0\0s\0h\0i\0r\0o\0_\0u\0s\0e\0r\0_\0r\0o\0l\0e\0s\0\0\0\0\0BÜÿÿ\"¡\0\0ÅÓÿÿ\"¡\0\0\0\0\0\0\0\0\0ððð\0\0\0\0\0\0\0\0\0\0\0\0\0\0\0\0\0\0\0\0:\0\0\0\0\0\0\0êÑÿÿ\0\0\0\0X\0\07\0\0\0\0\0\0\0\0\0X\0\0\0\0\0\0\0ÿÿÿ\0\0\0\0\0\0\0\0\0\0DB\0Tahoma\0F\0K\0B\0A\02\02\01\00\05\07\0A\0D\0E\05\00\0E\0F\0D\0!C4\0\0\0\'\0\0A\0\0xV4\0\0\0\0\0s\0p\0e\0c\0i\0m\0e\0n\0\0\0\0\0\0\0\0\0\0\0LB\0\0@A\0\0PA\0\0\0Ø´êü´ê\0\0\0\0\0\0\0\0\0\0PB\0\0\0@\0\00C\0\0A\0\0\0\0\0\0\0\0°Õ=°Õ=\0\0\0\0\0\0\0\0\0\0Øo§\n\0\0\0\0ÌÕ=ÌÕ=\0\0\0\0\0\0\0\0\0\0\0\0\0\0\0\0\0\0èÕ=èÕ=\0\0\0\0\0\0\0\0\0\0\0\0\0\0\0\0\0\0\0\0\0\0\0\0\0\0+dd]\0\0\0\0ódÿÿÿÿ\0\0\0\0\0\0\0\0\0\0\0\0\0\0\0\0\0\0\0\0\0@\0\0@A\0\0PA\0\0\0)è&)è\0\0\0\0\0\0\0\0\0\0\0\0\0\0\0\0\0\0\0\0\0\0T\0\0\0,\0\0\0,\0\0\0,\0\0\04\0\0\0\0\0\0\0\0\0\0\0§)\0\0Ý#\0\0\0\0\0\0-\0\0\r\0\0\0\0\0\0\0\0\0\0\0÷\0\0S\0\0g\0\0\0\0\0\0Ý\0\0\0\0Á\0\0\0\0Í\0\0ü\0\0\0\0\0\0\0\0\0\'\0\0A\0\0\0\0\0\0\0\0\0\0\0\0\0\0\0\0\0\0\0\0È\n\0\0\0\0\0\0\0\0\0ò\0\0Q\0\0\0\0\0\0\0\0\0\0\0\0\0\0\0\0\0\0\0\0÷\0\0\0\0\0\0\0\0\0ò\0\0\0\0\0\0\0\0\0\0\0\0\0\0\0\0\0\0\0\0\0\0\0\0÷\0\0\0\0\0\0\0\0\0\0U2\0\0Ý#\0\0\0\0\0\0\0\0\0\0\r\0\0\0\0\0\0\0\0\0\0\0÷\0\0\n\0\0\0\0xV4\0\0\0Z\0\0\0\0\0\0\0\0\0\0\0\0\0\0\0\0\0\0\0\0\0\0\0\0\0\0\0\0\0\0\0\0\0\0\0\0\0\0\0\0	\0\0\0\n\0\0\0\0\0\0d\0b\0o\0\0\0	\0\0\0s\0p\0e\0c\0i\0m\0e\0n\0\0\0\0\0C\n\0\0*]\0\0Ú\0\0*]\0\0\0\0\0\0\0\0ððð\0\0\0\0\0\0\0\0\0\0\0\0\0\0\0\0\0\0\0\0=\0\0\0\0\0\0\0²\n\0\0Ù]\0\0·\0\0X\0\02\0\0\0\0\0\0\0·\0\0X\0\0\0\0\0\0\0ÿÿÿ\0\0\0\0\0\0\0\0\0\0DB\0Tahoma\0F\0K\08\00\07\01\0E\0E\0A\0A\0F\02\0F\09\0F\0E\04\0\0\0säÿÿ2d\0\0óÿÿ2d\0\0\0\0\0\0\0\0\0ððð\0\0\0\0\0\0\0\0\0\0\0\0\0\0\0\0\0\0\0\0?\0\0\0\0\0\0\0åÿÿád\0\0c\0\0X\0\02\0\0\0\0\0\0\0c\0\0X\0\0\0\0\0\0\0ÿÿÿ\0\0\0\0\0\0\0\0\0\0DB\0Tahoma\0F\0K\08\00\0D\0F\00\03\00\08\09\07\0F\0A\01\06\0F\00\0\0\0Ü\0\0ôC\0\0Ü\0\0ÔI\0\0\0\0\0\0\0\0\0ððð\0\0\0\0\0\0\0\0\0\0\0\0\0\0\0\0\0\0\0\0A\0\0\0\0\0\0\0øÿÿ8F\0\0\0\0X\0\02\0\0\0\0\0\0\0\0\0X\0\0\0\0\0\0\0ÿÿÿ\0\0\0\0\0\0\0\0\0\0DB\0Tahoma\0F\0K\08\00\0D\0F\00\03\00\08\0D\02\06\07\0C\0B\0A\0B\0!C4\0\0\0/\0\0â\0\0xV4\0\0\0\0\0s\0p\0e\0c\0i\0m\0e\0n\0_\0n\0u\0m\0b\0e\0r\0_\0t\0r\0a\0c\0k\0e\0r\0\0\0¨ú¨ú¨ú¨ ú¨ú¨ú¨ú¨ú¨¤ú¨ú¨uú¨ú¨¡ú¨£ú¨¢ú¨{ú¨ú¨ú¨tú¨ú¨OD¨QD¨RD¨SD¨XD¨YD¨ZD¨[D¨\\D¨]D¨^D¨_Dh#þh3þ¨úh+þh&þ²9¤9¥9¦9`\n`y\n`±\n¼½¾¿\0\0\0\0\0\0\0\0\0\0\0\0\0\0\0\0T\0\0\0,\0\0\0,\0\0\0,\0\0\04\0\0\0\0\0\0\0\0\0\0\0§)\0\09\0\0\0\0\0\0-\0\0\0\0\0\0\0\0\0\0\0\0\0÷\0\0S\0\0g\0\0\0\0\0\0Ý\0\0\0\0Á\0\0\0\0Í\0\0ü\0\0\0\0\0\0\0\0\0/\0\0â\0\0\0\0\0\0\0\0\0\0\0\0\0\0\0\0\0\0\0\0^\0\0\0\0\0\0\0\0\0ò\0\0N\0\0\0\0\0\0\0\0\0\0\0\0\0\0\0\0\0\0\0\0÷\0\0\0\0\0\0\0\0\0ò\0\0\0\0\0\0\0\0\0\0\0\0\0\0\0\0\0\0\0\0\0\0\0\0÷\0\0\0\0\0\0\0\0\0\0U2\0\0Ý#\0\0\0\0\0\0\0\0\0\0\r\0\0\0\0\0\0\0\0\0\0\0÷\0\0\n\0\0\0\0xV4\0\0\0x\0\0\0\0\0\0\0\0\0\0\0\0\0\0\0\0\0\0\0\0\0\0\0\0\0\0\0\0\0\0\0\0\0\0\0\0\0\0\0\0	\0\0\0\n\0\0\0\0\0\0d\0b\0o\0\0\0\0\0\0s\0p\0e\0c\0i\0m\0e\0n\0_\0n\0u\0m\0b\0e\0r\0_\0t\0r\0a\0c\0k\0e\0r\0\0\0!C4\0\0\0A\0\0]\0\0xV4\0\0\0\0\0s\0u\0r\0g\0i\0c\0a\0l\0_\0h\0i\0s\0t\0o\0r\0y\0\0\0\0\0\0\0\0\0\0\0\0\0\0\0\0\0ðÚ=ðÚ=\0\0\0\0\0\0\0\0\0\0\0\0\0\0\0\0\0\0\0\0\0\0@\0\0\0ôed]\0\0\0£\0ódÿÿÿÿ\0\0\0\0\0\0\0\0\0\0\0	\0\0\0\0\0\0\0\0\0LB\0\0@A\0\0PA\0\0\0@!UR!U\0\0\0\0\0\0\0\0\0\0PB\0\0\0@\0\0âB\0\0A\0\0\0\0\0\0\0\0pÛ=pÛ=\0\0\0\0\0\0\0\0\0\0¨§\n\0\0\0\0Û=Û=\0\0\0\0\0\0\0\0\0\0\0\0\0\0\0\0\0\0¨Û=¨Û\0\0\0\0\0\0\0\0\0\0\0\0\0\0\0\0T\0\0\0,\0\0\0,\0\0\0,\0\0\04\0\0\0\0\0\0\0\0\0\0\0§)\0\0\0\0\0\0\0\0-\0\0\0\0\0\0\0\0\0\0\0\0\0÷\0\0S\0\0g\0\0\0\0\0\0Ý\0\0\0\0Á\0\0\0\0Í\0\0ü\0\0\0\0\0\0\0\0\0A\0\0]\0\0\0\0\0\0\0\0\0\0\0\0\0\0\0\0\0\0\0\0È\n\0\0\0\0\0\0\0\0\0ò\0\0 \r\0\0\0\0\0\0\0\0\0\0\0\0\0\0\0\0\0\0\0\0÷\0\0\0\0\0\0\0\0\0ò\0\0\0\0\0\0\0\0\0\0\0\0\0\0\0\0\0\0\0\0\0\0\0\0÷\0\0\0\0\0\0\0\0\0\0U2\0\0Ý#\0\0\0\0\0\0\0\0\0\0\r\0\0\0\0\0\0\0\0\0\0\0÷\0\0\n\0\0\0\0xV4\0\0\0j\0\0\0\0\0\0\0\0\0\0\0\0\0\0\0\0\0\0\0\0\0\0\0\0\0\0\0\0\0\0\0\0\0\0\0\0\0\0\0\0	\0\0\0\n\0\0\0\0\0\0d\0b\0o\0\0\0\0\0\0s\0u\0r\0g\0i\0c\0a\0l\0_\0h\0i\0s\0t\0o\0r\0y\0\0\0\0\0H©ÿÿæF\0\0=£ÿÿæF\0\0\0\0\0\0\0\0\0ððð\0\0\0\0\0\0\0\0\0\0\0\0\0\0\0\0\0\0\0\0J\0\0\0\0\0\0\0ôÿÿßD\0\0\0\0X\0\02\0\0\0\0\0\0\0\0\0X\0\0\0\0\0\0\0ÿÿÿ\0\0\0\0\0\0\0\0\0\0DB\0Tahoma\0F\0K\08\0E\01\09\0D\02\0B\01\0E\0E\0E\05\0D\09\0A\0D\0!C4\0\0\0d\0\0\0\0xV4\0\0\0\0\0t\0i\0s\0s\0u\0e\0_\0r\0e\0q\0u\0e\0s\0t\0\0\0\0\0\0\0\0\0§\n\0\0\0\0DÜ=DÜ=\0\0\0\0\0\0\0\0\0\0\0\0\0\0\0\0\0\0`Ü=`Ü=\0\0\0\0\0\0\0\0\0\0\0\0\0\0\0\0\0\0\0\0\0\0\0\0\0\0\Zed]\0\0\0Ñ\0ódÿÿÿÿ\0\0\0\0\0\0\0\0\0\0\0\0\0\0\0\0\0\0\0\0LB\0\0@A\0\0PA\0\0\0¨_Ø_\0\0\0\0\0\0\0\0\0\0PB\0\0\0@\0\0ZC\0\0A\0\0\0\0\0\0\0\0àÜ=àÜ=\0\0\0\0\0\0\0\0\0\0ø§\n\0\0\0\0üÜ=üÜ=\0\0\0\0\0\0\0\0\0\0\0\0\0\0\0\0\0T\0\0\0,\0\0\0,\0\0\0,\0\0\04\0\0\0\0\0\0\0\0\0\0\0§)\0\0Q\0\0\0\0\0\0-\0\0\0\0\0\0\0\0\0\0\0\0\0÷\0\0S\0\0g\0\0\0\0\0\0Ý\0\0\0\0Á\0\0\0\0Í\0\0ü\0\0\0\0\0\0\0\0\0d\0\0\0\0\0\0\0\0	\0\0\0	\0\0\0\0\0\0\0\0\0\0\0|\0\0\0\0\0\0\0\0\0ò\0\0f\0\0\0\0\0\0\0\0\0\0\0\0\0\0\0\0\0\0\0\0÷\0\0\0\0\0\0\0\0\0ò\0\0\0\0\0\0\0\0\0\0\0\0\0\0\0\0\0\0\0\0\0\0\0\0÷\0\0\0\0\0\0\0\0\0\0U2\0\0Ý#\0\0\0\0\0\0\0\0\0\0\r\0\0\0\0\0\0\0\0\0\0\0÷\0\0\n\0\0\0\0xV4\0\0\0f\0\0\0\0\0\0\0\0\0\0\0\0\0\0\0\0\0\0\0\0\0\0\0\0\0\0\0\0\0\0\0\0\0\0\0\0\0\0\0\0	\0\0\0\n\0\0\0\0\0\0d\0b\0o\0\0\0\0\0\0t\0i\0s\0s\0u\0e\0_\0r\0e\0q\0u\0e\0s\0t\0\0\0\0\0Äàÿÿò\0\0väÿÿò\0\0\0\0\0\0\0\0\0ððð\0\0\0\0\0\0\0\0\0\0\0\0\0\0\0\0\0\0\0\0M\0\0\0\0\0\0\0zÜÿÿCó\0\0G\0\0X\0\02\0\0\0\0\0\0\0G\0\0X\0\0\0\0\0\0\0ÿÿÿ\0\0\0\0\0\0\0\0\0\0DB\0Tahoma\0F\0K\07\06\03\05\0B\05\03\05\0D\05\04\00\02\0B\04\04\0!C4\0\0\0 \0\0úe\0\0xV4\0\0\0\0\0s\0u\0b\0s\0p\0e\0c\0i\0m\0e\0n\0\0\0w\0s\0.\0F\0o\0r\0m\0s\0,\0 \0V\0e\0r\0s\0i\0o\0n\0=\04\0.\00\0.\00\0.\00\0,\0 \0C\0u\0l\0t\0u\0r\0e\0=\0n\0e\0u\0t\0r\0a\0l\0,\0 \0P\0u\0b\0l\0i\0c\0K\0e\0y\0T\0o\0k\0e\0n\0=\0b\07\07\0a\05\0c\05\06\01\09\03\04\0e\00\08\09\0\0\0\0\0\0\0\0\0\0\0\0\0\0\0\0\0\0\0\0\0\0\0\0\0\0\0\0\0\0\0\0\0\0\0\0\0\0\0\0\0\0\0\0\0\0\0\0\0\0\0\0\0\0\0\0\0\0\0\0\0\0\0\0\0\0\0\0\0\0\0\0\0\0\0\0\0\0\0\0\0T\0\0\0,\0\0\0,\0\0\0,\0\0\04\0\0\0\0\0\0\0\0\0\0\0­\0\0)\0\0\0\0\0\0-\0\0\r\0\0\0\0\0\0\0\0\0\0\0\r\0\0³\0\0g\0\0\0\0\0\0\0\0\0\0Á\0\0\0\0Í\0\0ü\0\0\0\0\0\0\0\0\0 \0\0úe\0\0\0\0\0\0\0\0\0\0\0\0\0\0\0\0\0\0\0\0Ò\0\0\0\0\0\0\0\0\0É\0\0-!\0\0\0\0\0\0\0\0\0\0\0\0\0\0\0\0\0\0\0\0\r\0\0\0\0\0\0\0\0\0É\0\0W\0\0\0\0\0\0\0\0\0\0\0\0\0\0\0\0\0\0\0\0\0\0\r\0\0\0\0\0\0\0\0\0\0¾\0\0)\0\0\0\0\0\0\0\0\0\0\r\0\0\0\0\0\0\0\0\0\0\0\r\0\0v\0\0\0\0xV4\0\0\0`\0\0\0\0\0\0\0\0\0\0\0\0\0\0\0\0\0\0\0\0\0\0\0\0\0\0\0\0\0\0\0\0\0\0\0\0\0\0\0\0	\0\0\0\n\0\0\0\0\0\0d\0b\0o\0\0\0\0\0\0s\0u\0b\0s\0p\0e\0c\0i\0m\0e\0n\0\0\0\0\0íªÿÿ\n\0¸\0\0\n\0\0\0\0\0\0\0\0ððð\0\0\0\0\0\0\0\0\0\0\0\0\0\0\0\0\0\0\0\0P\0\0\0\0\0\0\0ÜÕÿÿI\0\0\0X\0\03\0\0\0\0\0\0\0\0\0X\0\0\0\0\0\0\0ÿÿÿ\0\0\0\0\0\0\0\0\0\0DB\0Tahoma\0F\0K\0C\0B\05\0E\08\01\04\08\0C\0D\03\04\0A\05\02\01\0\0\0C\n\0\0{\0\0È\0\0{\0\0È\0\0h¦\0\0\0\0\0\0\0\0\0ððð\0\0\0\0\0\0\0\0\0\0\0\0\0\0\0\0\0\0\0\0R\0\0\0\0\0\0\0¶\0\0ÿ\0\0c\0\0X\0\02\0\0\0\0\0\0\0c\0\0X\0\0\0\0\0\0\0ÿÿÿ\0\0\0\0\0\0\0\0\0\0DB\0Tahoma\0F\0K\0C\0B\05\0E\08\01\04\08\0A\0F\02\0F\09\0F\0E\04\0\0\0Úüÿÿò\0\0¸\0\0ò\0\0\0\0\0\0\0\0\0ððð\0\0\0\0\0\0\0\0\0\0\0\0\0\0\0\0\0\0\0\0T\0\0\0\0\0\0\0þÿÿCó\0\0\0\0X\0\03\0\0\0\0\0\0\0\0\0X\0\0\0\0\0\0\0ÿÿÿ\0\0\0\0\0\0\0\0\0\0DB\0Tahoma\0F\0K\0C\0B\05\0E\08\01\04\08\0D\06\0C\0F\09\01\06\05\0\0\0ÄàÿÿðÒ\0\0¸\0\0ðÒ\0\0\0\0\0\0\0\0\0ððð\0\0\0\0\0\0\0\0\0\0\0\0\0\0\0\0\0\0\0\0V\0\0\0\0\0\0\0[ðÿÿÓ\0\0c\0\0X\0\03\0\0\0\0\0\0\0c\0\0X\0\0\0\0\0\0\0ÿÿÿ\0\0\0\0\0\0\0\0\0\0DB\0Tahoma\0F\0K\0C\0B\05\0E\08\01\04\08\0D\05\04\00\02\0B\04\04\0\0\0\0\0\0\0\0\0\0\0\0\0\0\0\0\0\0\0\0\0\0\0\0\0\0\0\0\0\0\0\0\0\0\0\0\0\0\0\0\0\0\0\0\0\0\0\0\0\0\0\0\0\0\0\0\0\0\0\0\0\0\0\0\0\0\0\0\0\0\0\0\0\0\0\0\0\0\0\0\0\0\0\0\0\0\0\0\0\0\0\0\0\0\0\0\0\0\0\0\0\0\0\0\0\0\0\0\0\0\0\0\0\0\0\0\0\0\0\0\0\0\0\0\0\0\0\0\0\0\0\0\0\0\0\0\0\0\0\0\0\0\0\0\0\0\0\0\0\0\0\0\0\0\0\0\0\0\0\0\0\0\0\0\0\0\0\0\0\0\0\0\0\0\0\0\0\0\0\0\0\0\0\0\0\0\0\0\0\0\0\0\0\0\0\0\0\0\0\0\0\0\0\0\0\0\0\0\0\0\0\0\0\0\0\0\0\0\0\0\0\0\0\0\0\0\0\0\0\0\0\0\0\0\0\0\0\0\0\0\0\0\0\0\0\0\0\0\0\0\0\0\0\0\0\0\0\0\0\0\0\0\0\0\0\0\0\0\0\0\0\0\0\0\0\0\0\0\0\0\0\0\0\0\0\0\0\0\0\0\0\0\0\0\0\0\0\0\0\0\0\0\0\0\0\0\0\0\0\0\0\0\0\0\0\0\0\0\0\0\0\0\0\0\0\0\0\0\0\0\0\0\0\0\0\0\0\0\0\0þÿÿÿþÿÿÿ\0\0\0\0\0\0\0\0\0\0\0\0\0\0\0	\0\0\0\n\0\0\0\0\0\0\0\0\0\r\0\0\0\0\0\0\0\0\0\0\0\0\0\0\0\0\0\0\0\0\0\0\0\0\0\0\0\0\0\0\0\0\0\0\0\0\0\0\0\Z\0\0\0\0\0\0\0\0\0\0\0\0\0\0\0\0\0\0 \0\0\0!\0\0\0þÿÿÿþÿÿÿÿÿÿÿÿÿÿÿÿÿÿÿÿÿÿÿÿÿÿÿÿÿÿÿÿÿÿÿÿÿÿÿÿÿÿÿÿÿÿÿÿÿÿÿÿÿÿÿÿÿÿÿÿÿÿÿÿÿÿÿÿÿÿÿÿÿÿÿÿÿÿÿÿÿÿÿÿÿÿÿÿÿÿÿÿÿÿÿÿÿÿÿÿÿÿÿÿÿÿÿÿÿÿÿÿÿÿÿÿÿÿÿÿÿÿÿÿÿÿÿÿÿÿÿÿÿÿÿÿÿÿÿÿÿÿÿÿÿÿÿÿÿÿÿÿÿÿÿÿÿÿÿÿÿÿÿÿÿÿÿÿÿÿÿÿÿÿÿÿÿÿÿÿÿÿÿÿÿÿÿÿÿÿÿÿÿÿÿÿÿÿÿÿÿÿÿÿÿÿÿÿÿÿÿÿÿÿÿÿÿÿÿÿÿÿÿÿÿÿÿÿÿÿÿÿÿÿÿÿÿÿÿÿÿÿÿÿÿÿÿÿÿÿÿÿÿÿÿÿÿÿÿÿÿÿÿÿÿÿÿÿÿÿÿÿÿÿÿÿÿÿÿÿÿÿÿÿÿÿÿÿÿÿÿÿÿÿÿÿÿÿÿÿÿÿÿÿÿÿÿÿÿÿÿÿÿÿÿÿÿÿÿÿÿÿÿÿÿÿÿÿÿÿÿÿÿÿÿÿÿÿÿÿÿÿÿÿÿÿÿÿÿÿÿÿÿÿÿÿÿÿÿÿÿÿÿÿÿÿÿÿÿÿÿÿÿÿÿÿÿÿÿ\0þÿ\n\0\0ÿÿÿÿ\0\0\0\0\0\0\0\0\0\0\0\0\0\0\0\0\0\0\0Microsoft DDS Form 2.0\0\0\0\0Embedded Object\0\0\0\0\0ô9²q\0\0\0\0\0\0\0\0\0\0\0\0\0\0\0\0\0\0\0\0\0\0\0\0\0\0\0\0\0\0\0\0\0\0\0\0\0\0\0\0\0\0\0\0\0\0\0\0\0\0\0\0\0\0\0\0\0\0\0Na¼\0\0\0\0\0\0\0\0\0\0\0\0\0\0\0\0\0\0\0\0\0\0\0\0\0\0\0\0\0\0\0\0\0\0\0\0\0\0\0\0\0\0\0Ûæ°éÐ­Q\0 ÉW9\0\0\0àìOIL¨Ð\0\0HE\0\0\0\0\0\0\0\0\0\0\0\0\0\0\0\0\0\0\0D\0a\0t\0a\0 \0S\0o\0u\0r\0c\0e\0=\0P\0T\0H\0-\0T\0P\0S\0S\0Q\0L\0-\0V\0T\00\01\0;\0I\0n\0i\0t\0i\0a\0l\0 \0C\0a\0t\0a\0l\0o\0g\0=\0h\0b\0i\0s\0;\0P\0e\0r\0s\0i\0s\0t\0 \0S\0e\0c\0u\0r\0i\0t\0y\0 \0I\0n\0f\0o\0=\0T\0r\0u\0e\0;\0U\0s\0e\0r\0 \0I\0D\0=\0t\0p\0s\0a\0d\0m\0i\0n\0;\0M\0u\0l\0t\0i\0p\0l\0e\0A\0c\0t\0i\0v\0e\0R\0e\0s\0u\0l\0t\0S\0e\0t\0s\0=\0F\0a\0l\0s\0e\0;\0P\0a\0c\0k\0e\0t\0 \0S\0\0D\0d\0s\0S\0t\0r\0e\0a\0m\0\0\0\0\0\0\0\0\0\0\0\0\0\0\0\0\0\0\0\0\0\0\0\0\0\0\0\0\0\0\0\0\0\0\0\0\0\0\0\0\0\0\0\0\0\0\0\0\0\0\0\0\0ÿÿÿÿ\0\0\0\0\0\0\0\0\0\0\0\0\0\0\0\0\0\0\0\0\0\0\0\0\0\0\0\0\0\0\0\0\0\0\0\0B\0\0\0¶J\0\0\0\0\0\0S\0c\0h\0e\0m\0a\0 \0U\0D\0V\0 \0D\0e\0f\0a\0u\0l\0t\0\0\0\0\0\0\0\0\0\0\0\0\0\0\0\0\0\0\0\0\0\0\0\0\0\0\0\0\0&\0\0ÿÿÿÿÿÿÿÿÿÿÿÿ\0\0\0\0\0\0\0\0\0\0\0\0\0\0\0\0\0\0\0\0\0\0\0\0\0\0\0\0\0\0\0\0\0\0\0\0\0\0\0\0\0\0\0\0\0\0D\0S\0R\0E\0F\0-\0S\0C\0H\0E\0M\0A\0-\0C\0O\0N\0T\0E\0N\0T\0S\0\0\0\0\0\0\0\0\0\0\0\0\0\0\0\0\0\0\0\0\0\0\0,\0\0\0\0\0\0\0ÿÿÿÿ\0\0\0\0\0\0\0\0\0\0\0\0\0\0\0\0\0\0\0\0\0\0\0\0\0\0\0\0\0\0\0\0\0\0\0\0\0\0\0®\0\0\0\0\0\0S\0c\0h\0e\0m\0a\0 \0U\0D\0V\0 \0D\0e\0f\0a\0u\0l\0t\0 \0P\0o\0s\0t\0 \0V\06\0\0\0\0\0\0\0\0\0\0\0\0\06\0\0ÿÿÿÿÿÿÿÿÿÿÿÿ\0\0\0\0\0\0\0\0\0\0\0\0\0\0\0\0\0\0\0\0\0\0\0\0\0\0\0\0\0\0\0\0\0\0\0\0\"\0\0\0\0\0\0\0\0\0\0\0\0\0Ïxÿÿ\0\0\0&\0\0\0s\0c\0h\0_\0l\0a\0b\0e\0l\0s\0_\0v\0i\0s\0i\0b\0l\0e\0\0\0\0\0\0\0\0\0\0\0\0\0\0\0\0\0\0\0\0\0\0\0\0\0\0\0\0d\0\0\0\0\0\0\0\0\0\0\0\0\0\0\0\0\0\0\0\0\0\0\0\0\0\0\0\0\0\0\0\0\0\0\0\0\0\0\0\0\0\0\0\0\0\0\0Ð\0\0\0(\0\0\0A\0c\0t\0i\0v\0e\0T\0a\0b\0l\0e\0V\0i\0e\0w\0M\0o\0d\0e\0\0\0\0\0\0\0\0\0\01\0\0\0 \0\0\0T\0a\0b\0l\0e\0V\0i\0e\0w\0M\0o\0d\0e\0:\00\0\0\0\0\0\0\0:\0\0\04\0,\00\0,\02\08\04\0,\00\0,\02\02\09\05\0,\01\0,\01\08\07\05\0,\05\0,\01\02\04\05\0\0\0 \0\0\0T\0a\0b\0l\0e\0V\0i\0e\0w\0M\0o\0d\0e\0:\01\0\0\0\0\0\0\0\0\0\02\0,\00\0,\02\08\04\0,\00\0,\02\07\06\00\0\0\0 \0\0\0T\0a\0b\0l\0e\0V\0i\0e\0w\0M\0o\0d\0e\0:\02\0\0\0\0\0\0\0\0\0\02\0,\00\0,\02\08\04\0,\00\0,\02\02\09\05\0\0\0 \0\0\0T\0a\0b\0l\0e\0V\0i\0e\0w\0M\0o\0d\0e\0:\03\0\0\0\0\0\0\0\0\0\02\0,\00\0,\02\08\04\0,\00\0,\02\02\09\05\0\0\0 \0\0\0T\0a\0b\0l\0e\0V\0i\0e\0w\0M\0o\0d\0e\0:\04\0\0\0\0\0\0\0>\0\0\04\0,\00\0,\02\08\04\0,\00\0,\02\02\09\05\0,\01\02\0,\02\07\01\05\0,\01\01\0,\01\06\06\05\0\0\0\0\0\0\0\0\0\0\0\0\0\0\0\0\0\0\0\0\0\0\0\0\0Ð\0\0\0(\0\0\0A\0c\0t\0i\0v\0e\0T\0a\0b\0l\0e\0V\0i\0e\0w\0M\0o\0d\0e\0\0\0\0\0\0\0\0\0\01\0\0\0 \0\0\0T\0a\0b\0l\0e\0V\0i\0e\0w\0M\0o\0d\0e\0:\00\0\0\0\0\0\0\0:\0\0\04\0,\00\0,\02\08\04\0,\00\0,\02\02\09\05\0,\01\0,\01\08\07\05\0,\05\0,\01\02\04\05\0\0\0 \0\0\0T\0a\0b\0l\0e\0V\0i\0e\0w\0M\0o\0d\0e\0:\01\0\0\0\0\0\0\0\0\0\02\0,\00\0,\02\08\04\0,\00\0,\02\07\06\00\0\0\0 \0\0\0T\0a\0b\0l\0e\0V\0i\0e\0w\0M\0o\0d\0e\0:\02\0\0\0\0\0\0\0\0\0\02\0,\00\0,\02\08\04\0,\00\0,\02\02\09\05\0\0\0 \0\0\0T\0a\0b\0l\0e\0V\0i\0e\0w\0M\0o\0d\0e\0:\03\0\0\0\0\0\0\0\0\0\02\0,\00\0,\02\08\04\0,\00\0,\02\02\09\05\0\0\0 \0\0\0T\0a\0b\0l\0e\0V\0i\0e\0w\0M\0o\0d\0e\0:\04\0\0\0\0\0\0\0>\0\0\04\0,\00\0,\02\08\04\0,\00\0,\02\02\09\05\0,\01\02\0,\02\07\01\05\0,\01\01\0,\01\06\06\05\0\0\0\0\0\0\0\0\0\0\0\0\0\0\0\0\0\0\0\0\0\0\0\0\0Ð\0\0\0(\0\0\0A\0c\0t\0i\0v\0e\0T\0a\0b\0l\0e\0V\0i\0e\0w\0M\0o\0d\0e\0\0\0\0\0\0\0\0\0\01\0\0\0 \0\0\0T\0a\0b\0l\0e\0V\0i\0e\0w\0M\0o\0d\0e\0:\00\0\0\0\0\0\0\0:\0\0\04\0,\00\0,\02\08\04\0,\00\0,\02\02\09\05\0,\01\0,\01\08\07\05\0,\05\0,\01\02\04\05\0\0\0 \0\0\0T\0a\0b\0l\0e\0V\0i\0e\0w\0M\0o\0d\0e\0:\01\0\0\0\0\0\0\0\0\0\02\0,\00\0,\02\08\04\0,\00\0,\02\07\06\00\0\0\0 \0\0\0T\0a\0b\0l\0e\0V\0i\0e\0w\0M\0o\0d\0e\0:\02\0\0\0\0\0\0\0\0\0\02\0,\00\0,\02\08\04\0,\00\0,\02\02\09\05\0\0\0 \0\0\0T\0a\0b\0l\0e\0V\0i\0e\0w\0M\0o\0d\0e\0:\03\0\0\0\0\0\0\0\0\0\02\0,\00\0,\02\08\04\0,\00\0,\02\02\09\05\0\0\0 \0\0\0T\0a\0b\0l\0e\0V\0i\0e\0w\0M\0o\0d\0e\0:\04\0\0\0\0\0\0\0>\0\0\04\0,\00\0,\02\08\04\0,\00\0,\02\02\09\05\0,\01\02\0,\02\07\01\05\0,\01\01\0,\01\06\06\05\0\0\0\0\0\0\0\0\0\0\0\0\0\0\0\0\0\0\0\0\0\0\0\0\0Ð\0\0\0(\0\0\0A\0c\0t\0i\0v\0e\0T\0a\0b\0l\0e\0V\0i\0e\0w\0M\0o\0d\0e\0\0\0\0\0\0\0\0\0\01\0\0\0 \0\0\0T\0a\0b\0l\0e\0V\0i\0e\0w\0M\0o\0d\0e\0:\00\0\0\0\0\0\0\0:\0\0\04\0,\00\0,\02\08\04\0,\00\0,\02\02\09\05\0,\01\0,\01\08\07\05\0,\05\0,\01\02\04\05\0\0\0 \0\0\0T\0a\0b\0l\0e\0V\0i\0e\0w\0M\0o\0d\0e\0:\01\0\0\0\0\0\0\0\0\0\02\0,\00\0,\02\08\04\0,\00\0,\02\07\09\00\0\0\0 \0\0\0T\0a\0b\0l\0e\0V\0i\0e\0w\0M\0o\0d\0e\0:\02\0\0\0\0\0\0\0\0\0\02\0,\00\0,\02\08\04\0,\00\0,\02\02\09\05\0\0\0 \0\0\0T\0a\0b\0l\0e\0V\0i\0e\0w\0M\0o\0d\0e\0:\03\0\0\0\0\0\0\0\0\0\02\0,\00\0,\02\08\04\0,\00\0,\02\02\09\05\0\0\0 \0\0\0T\0a\0b\0l\0e\0V\0i\0e\0w\0M\0o\0d\0e\0:\04\0\0\0\0\0\0\0>\0\0\04\0,\00\0,\02\08\04\0,\00\0,\02\02\09\05\0,\01\02\0,\02\07\01\05\0,\01\01\0,\01\06\06\05\0\0\0\0\0\0\0\0\0\0\0\0\06\0\0\0°\0\0\0d\0b\0o\0\0\0F\0K\02\0E\09\07\08\08\0A\07\0E\0E\0E\05\0D\09\0A\0D\0\0\0\0\0\0\0\0\0\0\0Ä\0\0\0\0\0\0\0\0\0\0\0\0\0\0\0\0}|}|\0\0\0\0\0\0\0\0­\0\0\0\0\0\0\0\0\0\0\0\0\0\0\06\0\0\0°\0\0\0d\0b\0o\0\0\0F\0K\08\08\0B\00\02\06\0D\09\09\07\0F\0A\01\06\0F\00\0\0\0\0\0\0\0\0\0\0\0Ä\0\0\0\0\0\0\0\0\0\0\0\0\0\0\0\0­P­\0\0\0\0\0\0\0\0­\0\0\0\0\0	\0\0\0	\0\0\0\0\0\0\0\0\0\0\0\0\0\0\0\0\0\0\0Ð\0\0\0(\0\0\0A\0c\0t\0i\0v\0e\0T\0a\0b\0l\0e\0V\0i\0e\0w\0M\0o\0d\0e\0\0\0\0\0\0\0\0\0\01\0\0\0 \0\0\0T\0a\0b\0l\0e\0V\0i\0e\0w\0M\0o\0d\0e\0:\00\0\0\0\0\0\0\0:\0\0\04\0,\00\0,\02\08\04\0,\00\0,\02\02\09\05\0,\01\0,\01\08\07\05\0,\05\0,\01\02\04\05\0\0\0 \0\0\0T\0a\0b\0l\0e\0V\0i\0e\0w\0M\0o\0d\0e\0:\01\0\0\0\0\0\0\0\0\0\02\0,\00\0,\02\08\04\0,\00\0,\02\04\00\00\0\0\0 \0\0\0T\0a\0b\0l\0e\0V\0i\0e\0w\0M\0o\0d\0e\0:\02\0\0\0\0\0\0\0\0\0\02\0,\00\0,\02\08\04\0,\00\0,\02\02\09\05\0\0\0 \0\0\0T\0a\0b\0l\0e\0V\0i\0e\0w\0M\0o\0d\0e\0:\03\0\0\0\0\0\0\0\0\0\02\0,\00\0,\02\08\04\0,\00\0,\02\02\09\05\0\0\0 \0\0\0T\0a\0b\0l\0e\0V\0i\0e\0w\0M\0o\0d\0e\0:\04\0\0\0\0\0\0\0>\0\0\04\0,\00\0,\02\08\04\0,\00\0,\02\02\09\05\0,\01\02\0,\02\07\01\05\0,\01\01\0,\01\06\06\05\0\0\0\n\0\0\0\n\0\0\0\0\0\0\0\0\0\0\0\0\0\0\0\0\0\0\0Ð\0\0\0(\0\0\0A\0c\0t\0i\0v\0e\0T\0a\0b\0l\0e\0V\0i\0e\0w\0M\0o\0d\0e\0\0\0\0\0\0\0\0\0\01\0\0\0 \0\0\0T\0a\0b\0l\0e\0V\0i\0e\0w\0M\0o\0d\0e\0:\00\0\0\0\0\0\0\0:\0\0\04\0,\00\0,\02\08\04\0,\00\0,\02\02\09\05\0,\01\0,\01\08\07\05\0,\05\0,\01\02\04\05\0\0\0 \0\0\0T\0a\0b\0l\0e\0V\0i\0e\0w\0M\0o\0d\0e\0:\01\0\0\0\0\0\0\0\0\0\02\0,\00\0,\02\08\04\0,\00\0,\02\07\06\00\0\0\0 \0\0\0T\0a\0b\0l\0e\0V\0i\0e\0w\0M\0o\0d\0e\0:\02\0\0\0\0\0\0\0\0\0\02\0,\00\0,\02\08\04\0,\00\0,\02\02\09\05\0\0\0 \0\0\0T\0a\0b\0l\0e\0V\0i\0e\0w\0M\0o\0d\0e\0:\03\0\0\0\0\0\0\0\0\0\02\0,\00\0,\02\08\04\0,\00\0,\02\02\09\05\0\0\0 \0\0\0T\0a\0b\0l\0e\0V\0i\0e\0w\0M\0o\0d\0e\0:\04\0\0\0\0\0\0\0>\0\0\04\0,\00\0,\02\08\04\0,\00\0,\02\02\09\05\0,\01\02\0,\02\07\01\05\0,\01\01\0,\01\06\06\05\0\0\0\0\0\0\0\0\0\0\0\0\06\0\0\0°\0\0\0d\0b\0o\0\0\0F\0K\0E\02\0C\06\07\0D\01\0D\02\06\00\08\0A\06\0B\04\0\0\0\0\0\0\0\0\0\0\0Ä\0\0\0\0\0\0\0\0\0\0\0\0\0\0\0\0­Ð­\0\0\0\0\0\0\0\0­\0\0\0\0\0\r\0\0\0\r\0\0\0\0\0\0\0\0\0\0\0\0\0\0\0\0\0\0\0Ð\0\0\0(\0\0\0A\0c\0t\0i\0v\0e\0T\0a\0b\0l\0e\0V\0i\0e\0w\0M\0o\0d\0e\0\0\0\0\0\0\0\0\0\01\0\0\0 \0\0\0T\0a\0b\0l\0e\0V\0i\0e\0w\0M\0o\0d\0e\0:\00\0\0\0\0\0\0\0:\0\0\04\0,\00\0,\02\08\04\0,\00\0,\02\02\09\05\0,\01\0,\01\08\07\05\0,\05\0,\01\02\04\05\0\0\0 \0\0\0T\0a\0b\0l\0e\0V\0i\0e\0w\0M\0o\0d\0e\0:\01\0\0\0\0\0\0\0\0\0\02\0,\00\0,\02\08\04\0,\00\0,\02\07\06\00\0\0\0 \0\0\0T\0a\0b\0l\0e\0V\0i\0e\0w\0M\0o\0d\0e\0:\02\0\0\0\0\0\0\0\0\0\02\0,\00\0,\02\08\04\0,\00\0,\02\02\09\05\0\0\0 \0\0\0T\0a\0b\0l\0e\0V\0i\0e\0w\0M\0o\0d\0e\0:\03\0\0\0\0\0\0\0\0\0\02\0,\00\0,\02\08\04\0,\00\0,\02\02\09\05\0\0\0 \0\0\0T\0a\0b\0l\0e\0V\0i\0e\0w\0M\0o\0d\0e\0:\04\0\0\0\0\0\0\0>\0\0\04\0,\00\0,\02\08\04\0,\00\0,\02\02\09\05\0,\01\02\0,\02\07\01\05\0,\01\01\0,\01\06\06\05\0\0\0\0\0\0\0\0\0\0\0\0\06\0\0\0°\0\0\0d\0b\0o\0\0\0F\0K\09\0D\09\08\04\02\0B\09\0E\0E\0E\05\0D\09\0A\0D\0\0\0\0\0\0\0\0\0\0\0Ä\0\0\0\0\0\0\0\0\0\0\0\0\0\0\0\0­­\0\0\0\0\0\0\0\0­\0\0\0\0\0\0\0\0\0\0\0\0\0\0\0\0\0\0\0\0\0\0\0\0\0\0\0Ð\0\0\0(\0\0\0A\0c\0t\0i\0v\0e\0T\0a\0b\0l\0e\0V\0i\0e\0w\0M\0o\0d\0e\0\0\0\0\0\0\0\0\0\01\0\0\0 \0\0\0T\0a\0b\0l\0e\0V\0i\0e\0w\0M\0o\0d\0e\0:\00\0\0\0\0\0\0\0:\0\0\04\0,\00\0,\02\08\04\0,\00\0,\02\02\09\05\0,\01\0,\01\08\07\05\0,\05\0,\01\02\04\05\0\0\0 \0\0\0T\0a\0b\0l\0e\0V\0i\0e\0w\0M\0o\0d\0e\0:\01\0\0\0\0\0\0\0\0\0\02\0,\00\0,\02\08\04\0,\00\0,\02\04\00\00\0\0\0 \0\0\0T\0a\0b\0l\0e\0V\0i\0e\0w\0M\0o\0d\0e\0:\02\0\0\0\0\0\0\0\0\0\02\0,\00\0,\02\08\04\0,\00\0,\02\02\09\05\0\0\0 \0\0\0T\0a\0b\0l\0e\0V\0i\0e\0w\0M\0o\0d\0e\0:\03\0\0\0\0\0\0\0\0\0\02\0,\00\0,\02\08\04\0,\00\0,\02\02\09\05\0\0\0 \0\0\0T\0a\0b\0l\0e\0V\0i\0e\0w\0M\0o\0d\0e\0:\04\0\0\0\0\0\0\0>\0\0\04\0,\00\0,\02\08\04\0,\00\0,\02\02\09\05\0,\01\02\0,\02\07\01\05\0,\01\01\0,\01\06\06\05\0\0\0\0\0\0\0\0\0\0\0\0\06\0\0\0°\0\0\0d\0b\0o\0\0\0F\0K\09\06\07\0B\0B\0B\0A\09\08\04\03\0B\04\04\0E\03\0\0\0\0\0\0\0\0\0\0\0Ä\0\0\0\0\0\0\0\0\0\0\0\0\0\0\0\0­P­\0\0\0\0\0\0\0\0­\0\0\0\0\0\0\0\0\0\0\0\0\0\0\0\0\0\0\0\0\0\0\0\0\0\0\0Ð\0\0\0(\0\0\0A\0c\0t\0i\0v\0e\0T\0a\0b\0l\0e\0V\0i\0e\0w\0M\0o\0d\0e\0\0\0\0\0\0\0\0\0\01\0\0\0 \0\0\0T\0a\0b\0l\0e\0V\0i\0e\0w\0M\0o\0d\0e\0:\00\0\0\0\0\0\0\0:\0\0\04\0,\00\0,\02\08\04\0,\00\0,\02\02\09\05\0,\01\0,\01\08\07\05\0,\05\0,\01\02\04\05\0\0\0 \0\0\0T\0a\0b\0l\0e\0V\0i\0e\0w\0M\0o\0d\0e\0:\01\0\0\0\0\0\0\0\0\0\02\0,\00\0,\02\08\04\0,\00\0,\02\07\09\00\0\0\0 \0\0\0T\0a\0b\0l\0e\0V\0i\0e\0w\0M\0o\0d\0e\0:\02\0\0\0\0\0\0\0\0\0\02\0,\00\0,\02\08\04\0,\00\0,\02\02\09\05\0\0\0 \0\0\0T\0a\0b\0l\0e\0V\0i\0e\0w\0M\0o\0d\0e\0:\03\0\0\0\0\0\0\0\0\0\02\0,\00\0,\02\08\04\0,\00\0,\02\02\09\05\0\0\0 \0\0\0T\0a\0b\0l\0e\0V\0i\0e\0w\0M\0o\0d\0e\0:\04\0\0\0\0\0\0\0>\0\0\04\0,\00\0,\02\08\04\0,\00\0,\02\02\09\05\0,\01\02\0,\02\07\01\05\0,\01\01\0,\01\06\06\05\0\0\0\0\0\0\0\0\0\0\0\0\06\0\0\0°\0\0\0d\0b\0o\0\0\0F\0K\07\04\0D\06\04\03\02\0D\0D\05\04\00\02\0B\04\04\0\0\0\0\0\0\0\0\0\0\0Ä\0\0\0\0\0\0\0\0\0\0\0\0\0\0\0\0­­\0\0\0\0\0\0\0\0­\0\0\0\0\0\0\0\0\0\0\0\0\0\0\0\0\0\0\0\0\0\0\0\0\0\0\0Ð\0\0\0(\0\0\0A\0c\0t\0i\0v\0e\0T\0a\0b\0l\0e\0V\0i\0e\0w\0M\0o\0d\0e\0\0\0\0\0\0\0\0\0\01\0\0\0 \0\0\0T\0a\0b\0l\0e\0V\0i\0e\0w\0M\0o\0d\0e\0:\00\0\0\0\0\0\0\0:\0\0\04\0,\00\0,\02\08\04\0,\00\0,\02\02\09\05\0,\01\0,\01\08\07\05\0,\05\0,\01\02\04\05\0\0\0 \0\0\0T\0a\0b\0l\0e\0V\0i\0e\0w\0M\0o\0d\0e\0:\01\0\0\0\0\0\0\0\0\0\02\0,\00\0,\02\08\04\0,\00\0,\02\07\06\00\0\0\0 \0\0\0T\0a\0b\0l\0e\0V\0i\0e\0w\0M\0o\0d\0e\0:\02\0\0\0\0\0\0\0\0\0\02\0,\00\0,\02\08\04\0,\00\0,\02\02\09\05\0\0\0 \0\0\0T\0a\0b\0l\0e\0V\0i\0e\0w\0M\0o\0d\0e\0:\03\0\0\0\0\0\0\0\0\0\02\0,\00\0,\02\08\04\0,\00\0,\02\02\09\05\0\0\0 \0\0\0T\0a\0b\0l\0e\0V\0i\0e\0w\0M\0o\0d\0e\0:\04\0\0\0\0\0\0\0>\0\0\04\0,\00\0,\02\08\04\0,\00\0,\02\02\09\05\0,\01\02\0,\02\07\01\05\0,\01\01\0,\01\06\06\05\0\0\0\0\0\0\0\0\0\0\0\0\0\0\0\0\0\0\0\0\0\0\0\0\0Ð\0\0\0(\0\0\0A\0c\0t\0i\0v\0e\0T\0a\0b\0l\0e\0V\0i\0e\0w\0M\0o\0d\0e\0\0\0\0\0\0\0\0\0\01\0\0\0 \0\0\0T\0a\0b\0l\0e\0V\0i\0e\0w\0M\0o\0d\0e\0:\00\0\0\0\0\0\0\0:\0\0\04\0,\00\0,\02\08\04\0,\00\0,\02\02\09\05\0,\01\0,\01\08\07\05\0,\05\0,\01\02\04\05\0\0\0 \0\0\0T\0a\0b\0l\0e\0V\0i\0e\0w\0M\0o\0d\0e\0:\01\0\0\0\0\0\0\0\0\0\02\0,\00\0,\02\08\04\0,\00\0,\02\07\06\00\0\0\0 \0\0\0T\0a\0b\0l\0e\0V\0i\0e\0w\0M\0o\0d\0e\0:\02\0\0\0\0\0\0\0\0\0\02\0,\00\0,\02\08\04\0,\00\0,\02\02\09\05\0\0\0 \0\0\0T\0a\0b\0l\0e\0V\0i\0e\0w\0M\0o\0d\0e\0:\03\0\0\0\0\0\0\0\0\0\02\0,\00\0,\02\08\04\0,\00\0,\02\02\09\05\0\0\0 \0\0\0T\0a\0b\0l\0e\0V\0i\0e\0w\0M\0o\0d\0e\0:\04\0\0\0\0\0\0\0>\0\0\04\0,\00\0,\02\08\04\0,\00\0,\02\02\09\05\0,\01\02\0,\02\07\01\05\0,\01\01\0,\01\06\06\05\0\0\0\0\0\0\0\0\0\0\0\0\06\0\0\0°\0\0\0d\0b\0o\0\0\0F\0K\02\06\0E\0B\08\04\0E\06\0E\0E\0E\05\0D\09\0A\0D\0\0\0\0\0\0\0\0\0\0\0Ä\0\0\0\0\0\0\0\0\0\0\0\0\0\0\0\0­Ð­\0\0\0\0\0\0\0\0­\0\0\0\0\0\Z\0\0\0\Z\0\0\0\0\0\0\0\0\0\0\0\0\0\0\0\0\0\0\0Ð\0\0\0(\0\0\0A\0c\0t\0i\0v\0e\0T\0a\0b\0l\0e\0V\0i\0e\0w\0M\0o\0d\0e\0\0\0\0\0\0\0\0\0\01\0\0\0 \0\0\0T\0a\0b\0l\0e\0V\0i\0e\0w\0M\0o\0d\0e\0:\00\0\0\0\0\0\0\0:\0\0\04\0,\00\0,\02\08\04\0,\00\0,\02\02\09\05\0,\01\0,\01\08\07\05\0,\05\0,\01\02\04\05\0\0\0 \0\0\0T\0a\0b\0l\0e\0V\0i\0e\0w\0M\0o\0d\0e\0:\01\0\0\0\0\0\0\0\0\0\02\0,\00\0,\02\08\04\0,\00\0,\02\04\01\05\0\0\0 \0\0\0T\0a\0b\0l\0e\0V\0i\0e\0w\0M\0o\0d\0e\0:\02\0\0\0\0\0\0\0\0\0\02\0,\00\0,\02\08\04\0,\00\0,\02\02\09\05\0\0\0 \0\0\0T\0a\0b\0l\0e\0V\0i\0e\0w\0M\0o\0d\0e\0:\03\0\0\0\0\0\0\0\0\0\02\0,\00\0,\02\08\04\0,\00\0,\02\02\09\05\0\0\0 \0\0\0T\0a\0b\0l\0e\0V\0i\0e\0w\0M\0o\0d\0e\0:\04\0\0\0\0\0\0\0>\0\0\04\0,\00\0,\02\08\04\0,\00\0,\02\02\09\05\0,\01\02\0,\02\07\01\05\0,\01\01\0,\01\06\06\05\0\0\0\0\0\0\0\0\0\0\0\0\06\0\0\0°\0\0\0d\0b\0o\0\0\0F\0K\07\07\02\05\0C\0A\0C\0F\0E\0E\0E\05\0D\09\0A\0D\0\0\0\0\0\0\0\0\0\0\0Ä\0\0\0\0\0\0\0\0\0\0\0\0\0\0\0\0­P­\0\0\0\0\0\0\0\0­\0\0\0\0\0\0\0\0\0\0\0\0\0\0\0\0\0\0\0\0\0\0\0\0\0\0\0Ð\0\0\0(\0\0\0A\0c\0t\0i\0v\0e\0T\0a\0b\0l\0e\0V\0i\0e\0w\0M\0o\0d\0e\0\0\0\0\0\0\0\0\0\01\0\0\0 \0\0\0T\0a\0b\0l\0e\0V\0i\0e\0w\0M\0o\0d\0e\0:\00\0\0\0\0\0\0\0:\0\0\04\0,\00\0,\02\08\04\0,\00\0,\02\02\09\05\0,\01\0,\01\08\07\05\0,\05\0,\01\02\04\05\0\0\0 \0\0\0T\0a\0b\0l\0e\0V\0i\0e\0w\0M\0o\0d\0e\0:\01\0\0\0\0\0\0\0\0\0\02\0,\00\0,\02\08\04\0,\00\0,\02\04\00\00\0\0\0 \0\0\0T\0a\0b\0l\0e\0V\0i\0e\0w\0M\0o\0d\0e\0:\02\0\0\0\0\0\0\0\0\0\02\0,\00\0,\02\08\04\0,\00\0,\02\02\09\05\0\0\0 \0\0\0T\0a\0b\0l\0e\0V\0i\0e\0w\0M\0o\0d\0e\0:\03\0\0\0\0\0\0\0\0\0\02\0,\00\0,\02\08\04\0,\00\0,\02\02\09\05\0\0\0 \0\0\0T\0a\0b\0l\0e\0V\0i\0e\0w\0M\0o\0d\0e\0:\04\0\0\0\0\0\0\0>\0\0\04\0,\00\0,\02\08\04\0,\00\0,\02\02\09\05\0,\01\02\0,\02\07\01\05\0,\01\01\0,\01\06\06\05\0\0\0\0\0\0\0\0\0\0\0\0\06\0\0\0°\0\0\0d\0b\0o\0\0\0F\0K\02\0E\09\07\08\08\0A\07\05\00\03\0B\05\0F\03\00\0\0\0\0\0\0\0\0\0\0\0Ä\0\0\0\0\0\0\0\0\0\0\0\0\0\0\0\0­­\0\0\0\0\0\0\0\0­\0\0\0\0\0 \0\0\0 \0\0\0\0\0\0\06\0\0\0°\0\0\0d\0b\0o\0\0\0F\0K\03\08\0B\06\0C\00\01\0A\05\00\03\0B\05\0F\03\00\0\0\0\0\0\0\0\0\0\0\0Ä\0\0\0\0!\0\0\0!\0\0\0 \0\0\0\0\0\0­Ð­\0\0\0\0\0\0\0\0­\0\0\0\0\0\"\0\0\0\"\0\0\0\0\0\0\0\0\0\0\0\0\0\0\0\0\0\0\0Ð\0\0\0(\0\0\0A\0c\0t\0i\0v\0e\0T\0a\0b\0l\0e\0V\0i\0e\0w\0M\0o\0d\0e\0\0\0\0\0\0\0\0\0\01\0\0\0 \0\0\0T\0a\0b\0l\0e\0V\0i\0e\0w\0M\0o\0d\0e\0:\00\0\0\0\0\0\0\0:\0\0\04\0,\00\0,\02\08\04\0,\00\0,\02\02\09\05\0,\01\0,\01\08\07\05\0,\05\0,\01\02\04\05\0\0\0 \0\0\0T\0a\0b\0l\0e\0V\0i\0e\0w\0M\0o\0d\0e\0:\01\0\0\0\0\0\0\0\0\0\02\0,\00\0,\02\08\04\0,\00\0,\02\07\06\00\0\0\0 \0\0\0T\0a\0b\0l\0e\0V\0i\0e\0w\0M\0o\0d\0e\0:\02\0\0\0\0\0\0\0\0\0\02\0,\00\0,\02\08\04\0,\00\0,\02\02\09\05\0\0\0 \0\0\0T\0a\0b\0l\0e\0V\0i\0e\0w\0M\0o\0d\0e\0:\03\0\0\0\0\0\0\0\0\0\02\0,\00\0,\02\08\04\0,\00\0,\02\02\09\05\0\0\0 \0\0\0T\0a\0b\0l\0e\0V\0i\0e\0w\0M\0o\0d\0e\0:\04\0\0\0\0\0\0\0>\0\0\04\0,\00\0,\02\08\04\0,\00\0,\02\02\09\05\0,\01\02\0,\02\07\01\05\0,\01\01\0,\01\06\06\05\0\0\0#\0\0\0#\0\0\0\0\0\0\0\0\0\0\0\0\0\0\0\0\0\0\0Ð\0\0\0(\0\0\0A\0c\0t\0i\0v\0e\0T\0a\0b\0l\0e\0V\0i\0e\0w\0M\0o\0d\0e\0\0\0\0\0\0\0\0\0\01\0\0\0 \0\0\0T\0a\0b\0l\0e\0V\0i\0e\0w\0M\0o\0d\0e\0:\00\0\0\0\0\0\0\0:\0\0\04\0,\00\0,\02\08\04\0,\00\0,\02\02\09\05\0,\01\0,\01\08\07\05\0,\05\0,\01\02\04\05\0\0\0 \0\0\0T\0a\0b\0l\0e\0V\0i\0e\0w\0M\0o\0d\0e\0:\01\0\0\0\0\0\0\0\0\0\02\0,\00\0,\02\08\04\0,\00\0,\02\07\00\00\0\0\0 \0\0\0T\0a\0b\0l\0e\0V\0i\0e\0w\0M\0o\0d\0e\0:\02\0\0\0\0\0\0\0\0\0\02\0,\00\0,\02\08\04\0,\00\0,\02\02\09\05\0\0\0 \0\0\0T\0a\0b\0l\0e\0V\0i\0e\0w\0M\0o\0d\0e\0:\03\0\0\0\0\0\0\0\0\0\02\0,\00\0,\02\08\04\0,\00\0,\02\02\09\05\0\0\0 \0\0\0T\0a\0b\0l\0e\0V\0i\0e\0w\0M\0o\0d\0e\0:\04\0\0\0\0\0\0\0>\0\0\04\0,\00\0,\02\08\04\0,\00\0,\02\02\09\05\0,\01\02\0,\02\07\01\05\0,\01\01\0,\01\06\06\05\0\0\0$\0\0\0$\0\0\0\0\0\0\06\0\0\0°\0\0\0d\0b\0o\0\0\0F\0K\0E\02\0C\06\07\0D\01\0D\0F\0A\0C\01\03\05\0E\04\0\0\0\0\0\0\0\0\0\0\0Ä\0\0\0\0%\0\0\0%\0\0\0$\0\0\0\0\0\0­­\0\0\0\0\0\0\0\0­\0\0\0\0\0&\0\0\0&\0\0\0\0\0\0\0\0\0\0\0\0\0\0\0\0\0\0\0Ð\0\0\0(\0\0\0A\0c\0t\0i\0v\0e\0T\0a\0b\0l\0e\0V\0i\0e\0w\0M\0o\0d\0e\0\0\0\0\0\0\0\0\0\01\0\0\0 \0\0\0T\0a\0b\0l\0e\0V\0i\0e\0w\0M\0o\0d\0e\0:\00\0\0\0\0\0\0\0:\0\0\04\0,\00\0,\02\08\04\0,\00\0,\02\02\09\05\0,\01\0,\01\08\07\05\0,\05\0,\01\02\04\05\0\0\0 \0\0\0T\0a\0b\0l\0e\0V\0i\0e\0w\0M\0o\0d\0e\0:\01\0\0\0\0\0\0\0\0\0\02\0,\00\0,\02\08\04\0,\00\0,\02\04\00\00\0\0\0 \0\0\0T\0a\0b\0l\0e\0V\0i\0e\0w\0M\0o\0d\0e\0:\02\0\0\0\0\0\0\0\0\0\02\0,\00\0,\02\08\04\0,\00\0,\02\02\09\05\0\0\0 \0\0\0T\0a\0b\0l\0e\0V\0i\0e\0w\0M\0o\0d\0e\0:\03\0\0\0\0\0\0\0\0\0\02\0,\00\0,\02\08\04\0,\00\0,\02\02\09\05\0\0\0 \0\0\0T\0a\0b\0l\0e\0V\0i\0e\0w\0M\0o\0d\0e\0:\04\0\0\0\0\0\0\0>\0\0\04\0,\00\0,\02\08\04\0,\00\0,\02\02\09\05\0,\01\02\0,\02\07\01\05\0,\01\01\0,\01\06\06\05\0\0\0\'\0\0\0\'\0\0\0\0\0\0\0\0\0\0\0\0\0\0\0\0\0\0\0Ð\0\0\0(\0\0\0A\0c\0t\0i\0v\0e\0T\0a\0b\0l\0e\0V\0i\0e\0w\0M\0o\0d\0e\0\0\0\0\0\0\0\0\0\01\0\0\0 \0\0\0T\0a\0b\0l\0e\0V\0i\0e\0w\0M\0o\0d\0e\0:\00\0\0\0\0\0\0\0:\0\0\04\0,\00\0,\02\08\04\0,\00\0,\02\02\09\05\0,\01\0,\01\08\07\05\0,\05\0,\01\02\04\05\0\0\0 \0\0\0T\0a\0b\0l\0e\0V\0i\0e\0w\0M\0o\0d\0e\0:\01\0\0\0\0\0\0\0\0\0\02\0,\00\0,\02\08\04\0,\00\0,\02\04\01\05\0\0\0 \0\0\0T\0a\0b\0l\0e\0V\0i\0e\0w\0M\0o\0d\0e\0:\02\0\0\0\0\0\0\0\0\0\02\0,\00\0,\02\08\04\0,\00\0,\02\02\09\05\0\0\0 \0\0\0T\0a\0b\0l\0e\0V\0i\0e\0w\0M\0o\0d\0e\0:\03\0\0\0\0\0\0\0\0\0\02\0,\00\0,\02\08\04\0,\00\0,\02\02\09\05\0\0\0 \0\0\0T\0a\0b\0l\0e\0V\0i\0e\0w\0M\0o\0d\0e\0:\04\0\0\0\0\0\0\0>\0\0\04\0,\00\0,\02\08\04\0,\00\0,\02\02\09\05\0,\01\02\0,\02\07\01\05\0,\01\01\0,\01\06\06\05\0\0\0(\0\0\0(\0\0\0\0\0\0\0\0\0\0\0\0\0\0\0\0\0\0\0Ð\0\0\0(\0\0\0A\0c\0t\0i\0v\0e\0T\0a\0b\0l\0e\0V\0i\0e\0w\0M\0o\0d\0e\0\0\0\0\0\0\0\0\0\01\0\0\0 \0\0\0T\0a\0b\0l\0e\0V\0i\0e\0w\0M\0o\0d\0e\0:\00\0\0\0\0\0\0\0:\0\0\04\0,\00\0,\02\08\04\0,\00\0,\02\02\09\05\0,\01\0,\01\08\07\05\0,\05\0,\01\02\04\05\0\0\0 \0\0\0T\0a\0b\0l\0e\0V\0i\0e\0w\0M\0o\0d\0e\0:\01\0\0\0\0\0\0\0\0\0\02\0,\00\0,\02\08\04\0,\00\0,\02\07\06\00\0\0\0 \0\0\0T\0a\0b\0l\0e\0V\0i\0e\0w\0M\0o\0d\0e\0:\02\0\0\0\0\0\0\0\0\0\02\0,\00\0,\02\08\04\0,\00\0,\02\02\09\05\0\0\0 \0\0\0T\0a\0b\0l\0e\0V\0i\0e\0w\0M\0o\0d\0e\0:\03\0\0\0\0\0\0\0\0\0\02\0,\00\0,\02\08\04\0,\00\0,\02\02\09\05\0\0\0 \0\0\0T\0a\0b\0l\0e\0V\0i\0e\0w\0M\0o\0d\0e\0:\04\0\0\0\0\0\0\0>\0\0\04\0,\00\0,\02\08\04\0,\00\0,\02\02\09\05\0,\01\02\0,\02\07\01\05\0,\01\01\0,\01\06\06\05\0\0\0)\0\0\0)\0\0\0\0\0\0\0\0\0\0\0\0\0\0\0\0\0\0\0Ð\0\0\0(\0\0\0A\0c\0t\0i\0v\0e\0T\0a\0b\0l\0e\0V\0i\0e\0w\0M\0o\0d\0e\0\0\0\0\0\0\0\0\0\01\0\0\0 \0\0\0T\0a\0b\0l\0e\0V\0i\0e\0w\0M\0o\0d\0e\0:\00\0\0\0\0\0\0\0:\0\0\04\0,\00\0,\02\08\04\0,\00\0,\02\02\09\05\0,\01\0,\01\08\07\05\0,\05\0,\01\02\04\05\0\0\0 \0\0\0T\0a\0b\0l\0e\0V\0i\0e\0w\0M\0o\0d\0e\0:\01\0\0\0\0\0\0\0\0\0\02\0,\00\0,\02\08\04\0,\00\0,\02\07\00\00\0\0\0 \0\0\0T\0a\0b\0l\0e\0V\0i\0e\0w\0M\0o\0d\0e\0:\02\0\0\0\0\0\0\0\0\0\02\0,\00\0,\02\08\04\0,\00\0,\02\02\09\05\0\0\0 \0\0\0T\0a\0b\0l\0e\0V\0i\0e\0w\0M\0o\0d\0e\0:\03\0\0\0\0\0\0\0\0\0\02\0,\00\0,\02\08\04\0,\00\0,\02\02\09\05\0\0\0 \0\0\0T\0a\0b\0l\0e\0V\0i\0e\0w\0M\0o\0d\0e\0:\04\0\0\0\0\0\0\0>\0\0\04\0,\00\0,\02\08\04\0,\00\0,\02\02\09\05\0,\01\02\0,\02\07\01\05\0,\01\01\0,\01\06\06\05\0\0\0*\0\0\0*\0\0\0\0\0\0\06\0\0\0°\0\0\0d\0b\0o\0\0\0F\0K\02\00\05\0B\0B\03\01\01\0D\05\04\00\02\0B\04\04\0\0\0\0\0\0\0\0\0\0\0Ä\0\0\0\0+\0\0\0+\0\0\0*\0\0\0\0\0\0­P­\0\0\0\0\0\0\0\0­\0\0\0\0\0,\0\0\0,\0\0\0\0\0\0\06\0\0\0°\0\0\0d\0b\0o\0\0\0F\0K\02\00\05\0B\0B\03\01\01\0E\01\00\0E\08\0E\03\00\0\0\0\0\0\0\0\0\0\0\0Ä\0\0\0\0-\0\0\0-\0\0\0,\0\0\0\0\0\0­­\0\0\0\0\0\0\0\0­\0\0\0\0\0.\0\0\0.\0\0\0\0\0\0\0\0\0\0\0\0\0\0\0\0\0\0\0Ð\0\0\0(\0\0\0A\0c\0t\0i\0v\0e\0T\0a\0b\0l\0e\0V\0i\0e\0w\0M\0o\0d\0e\0\0\0\0\0\0\0\0\0\01\0\0\0 \0\0\0T\0a\0b\0l\0e\0V\0i\0e\0w\0M\0o\0d\0e\0:\00\0\0\0\0\0\0\0:\0\0\04\0,\00\0,\02\08\04\0,\00\0,\02\02\09\05\0,\01\0,\01\08\07\05\0,\05\0,\01\02\04\05\0\0\0 \0\0\0T\0a\0b\0l\0e\0V\0i\0e\0w\0M\0o\0d\0e\0:\01\0\0\0\0\0\0\0\0\0\02\0,\00\0,\02\08\04\0,\00\0,\03\01\02\00\0\0\0 \0\0\0T\0a\0b\0l\0e\0V\0i\0e\0w\0M\0o\0d\0e\0:\02\0\0\0\0\0\0\0\0\0\02\0,\00\0,\02\08\04\0,\00\0,\02\02\09\05\0\0\0 \0\0\0T\0a\0b\0l\0e\0V\0i\0e\0w\0M\0o\0d\0e\0:\03\0\0\0\0\0\0\0\0\0\02\0,\00\0,\02\08\04\0,\00\0,\02\02\09\05\0\0\0 \0\0\0T\0a\0b\0l\0e\0V\0i\0e\0w\0M\0o\0d\0e\0:\04\0\0\0\0\0\0\0>\0\0\04\0,\00\0,\02\08\04\0,\00\0,\02\02\09\05\0,\01\02\0,\02\07\01\05\0,\01\01\0,\01\06\06\05\0\0\0/\0\0\0/\0\0\0\0\0\0\06\0\0\0°\0\0\0d\0b\0o\0\0\0F\0K\0A\06\09\0B\00\08\00\0C\0C\0D\03\04\0A\05\02\01\0\0\0\0\0\0\0\0\0\0\0Ä\0\0\0\00\0\0\00\0\0\0/\0\0\0\0\0\0­­\0\0\0\0\0\0\0\0­\0\0\0\0\01\0\0\01\0\0\0\0\0\0\06\0\0\0°\0\0\0d\0b\0o\0\0\0F\0K\0A\06\09\0B\00\08\00\0C\0E\0E\0E\05\0D\09\0A\0D\0\0\0\0\0\0\0\0\0\0\0Ä\0\0\0\02\0\0\02\0\0\01\0\0\0\0\0\0­­\0\0\0\0\0\0\0\0­\0\0\0\0\03\0\0\03\0\0\0\0\0\0\0\0\0\0\0\0\0\0\0\0\0\0\0Ð\0\0\0(\0\0\0A\0c\0t\0i\0v\0e\0T\0a\0b\0l\0e\0V\0i\0e\0w\0M\0o\0d\0e\0\0\0\0\0\0\0\0\0\01\0\0\0 \0\0\0T\0a\0b\0l\0e\0V\0i\0e\0w\0M\0o\0d\0e\0:\00\0\0\0\0\0\0\0:\0\0\04\0,\00\0,\02\08\04\0,\00\0,\02\02\09\05\0,\01\0,\01\08\07\05\0,\05\0,\01\02\04\05\0\0\0 \0\0\0T\0a\0b\0l\0e\0V\0i\0e\0w\0M\0o\0d\0e\0:\01\0\0\0\0\0\0\0\0\0\02\0,\00\0,\02\08\04\0,\00\0,\03\00\06\00\0\0\0 \0\0\0T\0a\0b\0l\0e\0V\0i\0e\0w\0M\0o\0d\0e\0:\02\0\0\0\0\0\0\0\0\0\02\0,\00\0,\02\08\04\0,\00\0,\02\02\09\05\0\0\0 \0\0\0T\0a\0b\0l\0e\0V\0i\0e\0w\0M\0o\0d\0e\0:\03\0\0\0\0\0\0\0\0\0\02\0,\00\0,\02\08\04\0,\00\0,\02\02\09\05\0\0\0 \0\0\0T\0a\0b\0l\0e\0V\0i\0e\0w\0M\0o\0d\0e\0:\04\0\0\0\0\0\0\0>\0\0\04\0,\00\0,\02\08\04\0,\00\0,\02\02\09\05\0,\01\02\0,\02\07\01\05\0,\01\01\0,\01\06\06\05\0\0\04\0\0\04\0\0\0\0\0\0\0\0\0\0\0\0\0\0\0\0\0\0\0Ð\0\0\0(\0\0\0A\0c\0t\0i\0v\0e\0T\0a\0b\0l\0e\0V\0i\0e\0w\0M\0o\0d\0e\0\0\0\0\0\0\0\0\0\01\0\0\0 \0\0\0T\0a\0b\0l\0e\0V\0i\0e\0w\0M\0o\0d\0e\0:\00\0\0\0\0\0\0\0:\0\0\04\0,\00\0,\02\08\04\0,\00\0,\02\02\09\05\0,\01\0,\01\08\07\05\0,\05\0,\01\02\04\05\0\0\0 \0\0\0T\0a\0b\0l\0e\0V\0i\0e\0w\0M\0o\0d\0e\0:\01\0\0\0\0\0\0\0\0\0\02\0,\00\0,\02\08\04\0,\00\0,\02\04\00\00\0\0\0 \0\0\0T\0a\0b\0l\0e\0V\0i\0e\0w\0M\0o\0d\0e\0:\02\0\0\0\0\0\0\0\0\0\02\0,\00\0,\02\08\04\0,\00\0,\02\02\09\05\0\0\0 \0\0\0T\0a\0b\0l\0e\0V\0i\0e\0w\0M\0o\0d\0e\0:\03\0\0\0\0\0\0\0\0\0\02\0,\00\0,\02\08\04\0,\00\0,\02\02\09\05\0\0\0 \0\0\0T\0a\0b\0l\0e\0V\0i\0e\0w\0M\0o\0d\0e\0:\04\0\0\0\0\0\0\0>\0\0\04\0,\00\0,\02\08\04\0,\00\0,\02\02\09\05\0,\01\02\0,\02\07\01\05\0,\01\01\0,\01\06\06\05\0\0\05\0\0\05\0\0\0\0\0\0\0\0\0\0\0\0\0\0\0\0\0\0\0Ð\0\0\0(\0\0\0A\0c\0t\0i\0v\0e\0T\0a\0b\0l\0e\0V\0i\0e\0w\0M\0o\0d\0e\0\0\0\0\0\0\0\0\0\01\0\0\0 \0\0\0T\0a\0b\0l\0e\0V\0i\0e\0w\0M\0o\0d\0e\0:\00\0\0\0\0\0\0\0:\0\0\04\0,\00\0,\02\08\04\0,\00\0,\02\02\09\05\0,\01\0,\01\08\07\05\0,\05\0,\01\02\04\05\0\0\0 \0\0\0T\0a\0b\0l\0e\0V\0i\0e\0w\0M\0o\0d\0e\0:\01\0\0\0\0\0\0\0\0\0\02\0,\00\0,\02\08\04\0,\00\0,\02\07\06\00\0\0\0 \0\0\0T\0a\0b\0l\0e\0V\0i\0e\0w\0M\0o\0d\0e\0:\02\0\0\0\0\0\0\0\0\0\02\0,\00\0,\02\08\04\0,\00\0,\02\02\09\05\0\0\0 \0\0\0T\0a\0b\0l\0e\0V\0i\0e\0w\0M\0o\0d\0e\0:\03\0\0\0\0\0\0\0\0\0\02\0,\00\0,\02\08\04\0,\00\0,\02\02\09\05\0\0\0 \0\0\0T\0a\0b\0l\0e\0V\0i\0e\0w\0M\0o\0d\0e\0:\04\0\0\0\0\0\0\0>\0\0\04\0,\00\0,\02\08\04\0,\00\0,\02\02\09\05\0,\01\02\0,\02\07\01\05\0,\01\01\0,\01\06\06\05\0\0\06\0\0\06\0\0\0\0\0\0\06\0\0\0°\0\0\0d\0b\0o\0\0\0F\0K\03\04\05\05\05\0A\09\0E\0A\0D\0E\05\00\0E\0F\0D\0\0\0\0\0\0\0\0\0\0\0Ä\0\0\0\07\0\0\07\0\0\06\0\0\0\0\0\0­Ð­\0\0\0\0\0\0\0\0­\0\0\0\0\08\0\0\08\0\0\0\0\0\0\0\0\0\0\0\0\0\0\0\0\0\0\0Ð\0\0\0(\0\0\0A\0c\0t\0i\0v\0e\0T\0a\0b\0l\0e\0V\0i\0e\0w\0M\0o\0d\0e\0\0\0\0\0\0\0\0\0\01\0\0\0 \0\0\0T\0a\0b\0l\0e\0V\0i\0e\0w\0M\0o\0d\0e\0:\00\0\0\0\0\0\0\0:\0\0\04\0,\00\0,\02\08\04\0,\00\0,\02\02\09\05\0,\01\0,\01\08\07\05\0,\05\0,\01\02\04\05\0\0\0 \0\0\0T\0a\0b\0l\0e\0V\0i\0e\0w\0M\0o\0d\0e\0:\01\0\0\0\0\0\0\0\0\0\02\0,\00\0,\02\08\04\0,\00\0,\02\07\06\00\0\0\0 \0\0\0T\0a\0b\0l\0e\0V\0i\0e\0w\0M\0o\0d\0e\0:\02\0\0\0\0\0\0\0\0\0\02\0,\00\0,\02\08\04\0,\00\0,\02\02\09\05\0\0\0 \0\0\0T\0a\0b\0l\0e\0V\0i\0e\0w\0M\0o\0d\0e\0:\03\0\0\0\0\0\0\0\0\0\02\0,\00\0,\02\08\04\0,\00\0,\02\02\09\05\0\0\0 \0\0\0T\0a\0b\0l\0e\0V\0i\0e\0w\0M\0o\0d\0e\0:\04\0\0\0\0\0\0\0>\0\0\04\0,\00\0,\02\08\04\0,\00\0,\02\02\09\05\0,\01\02\0,\02\07\01\05\0,\01\01\0,\01\06\06\05\0\0\09\0\0\09\0\0\0\0\0\0\06\0\0\0°\0\0\0d\0b\0o\0\0\0F\0K\0B\0A\02\02\01\00\05\07\0A\0D\0E\05\00\0E\0F\0D\0\0\0\0\0\0\0\0\0\0\0Ä\0\0\0\0:\0\0\0:\0\0\09\0\0\0\0\0\0­P­\0\0\0\0\0\0\0\0­\0\0\0\0\0;\0\0\0;\0\0\0\0\0\0\0\0\0\0\0\0\0\0\0\0\0\0\0Ð\0\0\0(\0\0\0A\0c\0t\0i\0v\0e\0T\0a\0b\0l\0e\0V\0i\0e\0w\0M\0o\0d\0e\0\0\0\0\0\0\0\0\0\01\0\0\0 \0\0\0T\0a\0b\0l\0e\0V\0i\0e\0w\0M\0o\0d\0e\0:\00\0\0\0\0\0\0\0:\0\0\04\0,\00\0,\02\08\04\0,\00\0,\02\02\09\05\0,\01\0,\01\08\07\05\0,\05\0,\01\02\04\05\0\0\0 \0\0\0T\0a\0b\0l\0e\0V\0i\0e\0w\0M\0o\0d\0e\0:\01\0\0\0\0\0\0\0\0\0\02\0,\00\0,\02\08\04\0,\00\0,\02\07\06\00\0\0\0 \0\0\0T\0a\0b\0l\0e\0V\0i\0e\0w\0M\0o\0d\0e\0:\02\0\0\0\0\0\0\0\0\0\02\0,\00\0,\02\08\04\0,\00\0,\02\02\09\05\0\0\0 \0\0\0T\0a\0b\0l\0e\0V\0i\0e\0w\0M\0o\0d\0e\0:\03\0\0\0\0\0\0\0\0\0\02\0,\00\0,\02\08\04\0,\00\0,\02\02\09\05\0\0\0 \0\0\0T\0a\0b\0l\0e\0V\0i\0e\0w\0M\0o\0d\0e\0:\04\0\0\0\0\0\0\0>\0\0\04\0,\00\0,\02\08\04\0,\00\0,\02\02\09\05\0,\01\02\0,\02\07\01\05\0,\01\01\0,\01\06\06\05\0\0\0<\0\0\0<\0\0\0\0\0\0\04\0\0\0°\0\0\0d\0b\0o\0\0\0F\0K\08\00\07\01\0E\0E\0A\0A\0F\02\0F\09\0F\0E\04\0\0\0\0\0\0\0\0\0\0\0Ä\0\0\0\0=\0\0\0=\0\0\0<\0\0\0\0\0\0­­\0\0\0\0\0\0\0\0­\0\0\0\0\0>\0\0\0>\0\0\0\0\0\0\06\0\0\0°\0\0\0d\0b\0o\0\0\0F\0K\08\00\0D\0F\00\03\00\08\09\07\0F\0A\01\06\0F\00\0\0\0\0\0\0\0\0\0\0\0Ä\0\0\0\0?\0\0\0?\0\0\0>\0\0\0\0\0\0­Ð­\0\0\0\0\0\0\0\0­\0\0\0\0\0@\0\0\0@\0\0\0\0\0\0\06\0\0\0°\0\0\0d\0b\0o\0\0\0F\0K\08\00\0D\0F\00\03\00\08\0D\02\06\07\0C\0B\0A\0B\0\0\0\0\0\0\0\0\0\0\0Ä\0\0\0\0A\0\0\0A\0\0\0@\0\0\0\0\0\0­P­\0\0\0\0\0\0\0\0­\0\0\0\0\0B\0\0\0B\0\0\0\0\0\0\0\0\0\0\0\0\0\0\0\0\0\0\0Ð\0\0\0(\0\0\0A\0c\0t\0i\0v\0e\0T\0a\0b\0l\0e\0V\0i\0e\0w\0M\0o\0d\0e\0\0\0\0\0\0\0\0\0\01\0\0\0 \0\0\0T\0a\0b\0l\0e\0V\0i\0e\0w\0M\0o\0d\0e\0:\00\0\0\0\0\0\0\0:\0\0\04\0,\00\0,\02\08\04\0,\00\0,\02\02\09\05\0,\01\0,\01\08\07\05\0,\05\0,\01\02\04\05\0\0\0 \0\0\0T\0a\0b\0l\0e\0V\0i\0e\0w\0M\0o\0d\0e\0:\01\0\0\0\0\0\0\0\0\0\02\0,\00\0,\02\08\04\0,\00\0,\02\09\01\00\0\0\0 \0\0\0T\0a\0b\0l\0e\0V\0i\0e\0w\0M\0o\0d\0e\0:\02\0\0\0\0\0\0\0\0\0\02\0,\00\0,\02\08\04\0,\00\0,\02\02\09\05\0\0\0 \0\0\0T\0a\0b\0l\0e\0V\0i\0e\0w\0M\0o\0d\0e\0:\03\0\0\0\0\0\0\0\0\0\02\0,\00\0,\02\08\04\0,\00\0,\02\02\09\05\0\0\0 \0\0\0T\0a\0b\0l\0e\0V\0i\0e\0w\0M\0o\0d\0e\0:\04\0\0\0\0\0\0\0>\0\0\04\0,\00\0,\02\08\04\0,\00\0,\02\02\09\05\0,\01\02\0,\02\07\01\05\0,\01\01\0,\01\06\06\05\0\0\0H\0\0\0H\0\0\0\0\0\0\0\0\0\0\0\0\0\0\0\0\0\0\0Ð\0\0\0(\0\0\0A\0c\0t\0i\0v\0e\0T\0a\0b\0l\0e\0V\0i\0e\0w\0M\0o\0d\0e\0\0\0\0\0\0\0\0\0\01\0\0\0 \0\0\0T\0a\0b\0l\0e\0V\0i\0e\0w\0M\0o\0d\0e\0:\00\0\0\0\0\0\0\0:\0\0\04\0,\00\0,\02\08\04\0,\00\0,\02\02\09\05\0,\01\0,\01\08\07\05\0,\05\0,\01\02\04\05\0\0\0 \0\0\0T\0a\0b\0l\0e\0V\0i\0e\0w\0M\0o\0d\0e\0:\01\0\0\0\0\0\0\0\0\0\02\0,\00\0,\02\08\04\0,\00\0,\02\07\06\00\0\0\0 \0\0\0T\0a\0b\0l\0e\0V\0i\0e\0w\0M\0o\0d\0e\0:\02\0\0\0\0\0\0\0\0\0\02\0,\00\0,\02\08\04\0,\00\0,\02\02\09\05\0\0\0 \0\0\0T\0a\0b\0l\0e\0V\0i\0e\0w\0M\0o\0d\0e\0:\03\0\0\0\0\0\0\0\0\0\02\0,\00\0,\02\08\04\0,\00\0,\02\02\09\05\0\0\0 \0\0\0T\0a\0b\0l\0e\0V\0i\0e\0w\0M\0o\0d\0e\0:\04\0\0\0\0\0\0\0>\0\0\04\0,\00\0,\02\08\04\0,\00\0,\02\02\09\05\0,\01\02\0,\02\07\01\05\0,\01\01\0,\01\06\06\05\0\0\0I\0\0\0I\0\0\0\0\0\0\06\0\0\0°\0\0\0d\0b\0o\0\0\0F\0K\08\0E\01\09\0D\02\0B\01\0E\0E\0E\05\0D\09\0A\0D\0\0\0\0\0\0\0\0\0\0\0Ä\0\0\0\0J\0\0\0J\0\0\0I\0\0\0\0\0\0­­\0\0\0\0\0\0\0\0­\0\0\0\0\0K\0\0\0K\0\0\0\0\0\0\0\0\0\0\0\0\0\0\0\0\0\0\0Ð\0\0\0(\0\0\0A\0c\0t\0i\0v\0e\0T\0a\0b\0l\0e\0V\0i\0e\0w\0M\0o\0d\0e\0\0\0\0\0\0\0\0\0\01\0\0\0 \0\0\0T\0a\0b\0l\0e\0V\0i\0e\0w\0M\0o\0d\0e\0:\00\0\0\0\0\0\0\0:\0\0\04\0,\00\0,\02\08\04\0,\00\0,\02\02\09\05\0,\01\0,\01\08\07\05\0,\05\0,\01\02\04\05\0\0\0 \0\0\0T\0a\0b\0l\0e\0V\0i\0e\0w\0M\0o\0d\0e\0:\01\0\0\0\0\0\0\0\0\0\02\0,\00\0,\02\08\04\0,\00\0,\02\09\04\00\0\0\0 \0\0\0T\0a\0b\0l\0e\0V\0i\0e\0w\0M\0o\0d\0e\0:\02\0\0\0\0\0\0\0\0\0\02\0,\00\0,\02\08\04\0,\00\0,\02\02\09\05\0\0\0 \0\0\0T\0a\0b\0l\0e\0V\0i\0e\0w\0M\0o\0d\0e\0:\03\0\0\0\0\0\0\0\0\0\02\0,\00\0,\02\08\04\0,\00\0,\02\02\09\05\0\0\0 \0\0\0T\0a\0b\0l\0e\0V\0i\0e\0w\0M\0o\0d\0e\0:\04\0\0\0\0\0\0\0>\0\0\04\0,\00\0,\02\08\04\0,\00\0,\02\02\09\05\0,\01\02\0,\02\07\01\05\0,\01\01\0,\01\06\06\05\0\0\0L\0\0\0L\0\0\0\0\0\0\06\0\0\0°\0\0\0d\0b\0o\0\0\0F\0K\07\06\03\05\0B\05\03\05\0D\05\04\00\02\0B\04\04\0\0\0\0\0\0\0\0\0\0\0Ä\0\0\0\0M\0\0\0M\0\0\0L\0\0\0\0\0\0­Ð­\0\0\0\0\0\0\0\0­\0\0\0\0\0N\0\0\0N\0\0\0\0\0\0\0\0\0\0\0\0\0\0\0\0\0\0\0Ð\0\0\0(\0\0\0A\0c\0t\0i\0v\0e\0T\0a\0b\0l\0e\0V\0i\0e\0w\0M\0o\0d\0e\0\0\0\0\0\0\0\0\0\01\0\0\0 \0\0\0T\0a\0b\0l\0e\0V\0i\0e\0w\0M\0o\0d\0e\0:\00\0\0\0\0\0\0\04\0\0\04\0,\00\0,\02\08\04\0,\00\0,\05\02\05\0,\01\0,\04\03\05\0,\05\0,\02\08\05\0\0\0 \0\0\0T\0a\0b\0l\0e\0V\0i\0e\0w\0M\0o\0d\0e\0:\01\0\0\0\0\0\0\0\0\0\02\0,\00\0,\02\08\04\0,\00\0,\04\00\05\00\0\0\0 \0\0\0T\0a\0b\0l\0e\0V\0i\0e\0w\0M\0o\0d\0e\0:\02\0\0\0\0\0\0\0\0\0\02\0,\00\0,\02\08\04\0,\00\0,\05\02\05\0\0\0 \0\0\0T\0a\0b\0l\0e\0V\0i\0e\0w\0M\0o\0d\0e\0:\03\0\0\0\0\0\0\0\0\0\02\0,\00\0,\02\08\04\0,\00\0,\05\02\05\0\0\0 \0\0\0T\0a\0b\0l\0e\0V\0i\0e\0w\0M\0o\0d\0e\0:\04\0\0\0\0\0\0\08\0\0\04\0,\00\0,\02\08\04\0,\00\0,\05\02\05\0,\01\02\0,\06\03\00\0,\01\01\0,\03\09\00\0\0\0O\0\0\0O\0\0\0\0\0\0\06\0\0\0°\0\0\0d\0b\0o\0\0\0F\0K\0C\0B\05\0E\08\01\04\08\0C\0D\03\04\0A\05\02\01\0\0\0\0\0\0\0\0\0\0\0Ä\0\0\0\0P\0\0\0P\0\0\0O\0\0\0\0\0\0­­\0\0\0\0\0\0\0\0­\0\0\0\0\0Q\0\0\0Q\0\0\0\0\0\0\06\0\0\0°\0\0\0d\0b\0o\0\0\0F\0K\0C\0B\05\0E\08\01\04\08\0A\0F\02\0F\09\0F\0E\04\0\0\0\0\0\0\0\0\0\0\0Ä\0\0\0\0R\0\0\0R\0\0\0Q\0\0\0\0\0\0­­\0\0\0\0\0\0\0\0­\0\0\0\0\0S\0\0\0S\0\0\0\0\0\0\06\0\0\0°\0\0\0d\0b\0o\0\0\0F\0K\0C\0B\05\0E\08\01\04\08\0D\06\0C\0F\09\01\06\05\0\0\0\0\0\0\0\0\0\0\0Ä\0\0\0\0T\0\0\0T\0\0\0S\0\0\0\0\0\0­­\0\0\0\0\0\0\0\0­\0\0\0\0\0U\0\0\0U\0\0\0\0\0\0\06\0\0\0°\0\0\0d\0b\0o\0\0\0F\0K\0C\0B\05\0E\08\01\04\08\0D\05\04\00\02\0B\04\04\0\0\0\0\0\0\0\0\0\0\0Ä\0\0\0\0V\0\0\0V\0\0\0U\0\0\0\0\0\0­­\0\0\0\0\0\0\0\0­\0\0\0\0\0\0\0\0I\0\0\0\0\0\0H\0\0\0\0\0\0M\0\0\01\0\0\0\0\0\0.\0\0\0\0\0\06\0\0\0\0\0\0\0\0\0\Z\0\0\0(\0\0M\0\0\0\0\0\0\0\0\0\0\0\0Ú\0\0\0O\0\0\0\0\0\0\0\0\0\r\0\0\0T\0\0\0M\0\0\0\0\0\0\0\0\0\0\0\0ý\0\0\0¶\0\0\0\0\0\0\0\0\0\0\0\0f\0\0\0\0\0\0>\0\0\0\0\0\0;\0\0\0±\0\0\0¤\0\0\0\0\0\0\0\0\0\0\0\0°\0\0\0÷\0\0\0\0\0\0	\0\0\0\n\0\0\0b\0\0\0]\0\0\0U\0\0\0\0\0\0N\0\0\0Ù\0\0\0\0\0L\0\0\0\0\0\0K\0\0\0E\0\0\0\0\0*\0\0\0\0\0\0)\0\0\0t\0\0\0S\0\0\0\0\0\0\0\0\0\0\0\0Ä\0\0\0\0\0\0,\0\0\0\0\0\0)\0\0\0¶\0\0\0Ñ\0\0\0 \0\0\0\0\0\0	\0\0\0t\0\0\0u\0\0\0\0\0\0\0\0\0\0\0\0\0\0\0J\0\0\0$\0\0\0#\0\0\0\n\0\0\0_\0\0\0X\0\0\0@\0\0\0&\0\0\0;\0\0\0\0\0\0>\0\0\0O\0\0\0)\0\0\0N\0\0\0u\0\0À\0\0/\0\0\0)\0\0\0.\0\0\0,\0\0\0/\0\0\09\0\0\04\0\0\08\0\0\0~\0\0\0Y\0\0\06\0\0\04\0\0\05\0\0\0m\0\0\0Z\0\0\0Q\0\0\0;\0\0\0N\0\0\0ó\0\0\0.\0\0\0<\0\0\0;\0\0\0\'\0\0\0\0\0\0\0\0S\0\0\0K\0\0\0N\0\0\0\0\0\0n\0\0\0\0\0\0\0\0\0\0\0\0\0\0\0\0\0\0\0\0\0\0\0\0\0\0\0\0\0\0\0\0\0\0\0\0\0\0\0\0\0\0\0\0\0\0\0\0\0\0\0\0\0\0\0\0\0\0\0\0\0\0\0\0\0\0\0\0\0\0\0\0\0\0\0\0\0\0\0\0\0\0\0\0\0\0\0\0\0\0\0\0\0\0\0\0\0\0\0\0\0\0\0\0\0\0\0\0\0\0\0\0\0\0\0\0\0\0\0\0\0\0\0\0\0\0\0\0\0\0\0\0\0\0\0\0\0\0\0\0\0\0\0\0\0\0\0\0\0\0\0\0\0\0\0\0\0\0\0\0\0\0\0\0\0\0\0\0\0\0\0\0\0\0\0\0\0\0\0\0\0\0\0\0\0\0\0\0\0\0\0\0\0\0\0\0\0\0\0\0\0\0\0\0\0\0\0\0\0\0\0\0\0\0\0\0\0\0\0\0\0\0\0\0\0\0\0\0\0\0\0\0\0\0\0\0\0\0\0\0\0\0\0\0\0\0\0\0\0\0\0\0\0\0\0\0\0\0\0\0\0\0\0\0\0\0\0\0\0\0\0\0\0\0\0\0\0\0\0\0\0\0\0\0\0\0\0\0\0\0\0\0\0\0\0\0\0\0\0\0\0\0\0\0\0\0\0\0\0\0\0\0\0\0\0\0\0\0\0\0\0\0\0\0\0\0\0\0\0\0\0\0i\0z\0e\0=\04\00\09\06\0;\0A\0p\0p\0l\0i\0c\0a\0t\0i\0o\0n\0 \0N\0a\0m\0e\0=\0\"\0M\0i\0c\0r\0o\0s\0o\0f\0t\0 \0S\0Q\0L\0 \0S\0e\0r\0v\0e\0r\0 \0M\0a\0n\0a\0g\0e\0m\0e\0n\0t\0 \0S\0t\0u\0d\0i\0o\0\"\0\0\0\0\0\0\0\0N\0o\0L\0o\0o\0k\0U\0p\0s\0\0\0\0&\0\0\0\0s\0u\0b\0s\0p\0e\0c\0i\0m\0e\0n\0\0\0\0\0\0d\0b\0o\0\0\0\0&\0\0\0\0t\0i\0s\0s\0u\0e\0_\0r\0e\0q\0u\0e\0s\0t\0\0\0\0\0\0d\0b\0o\0\0\0\0&\0\"\0\0\0s\0u\0r\0g\0i\0c\0a\0l\0_\0h\0i\0s\0t\0o\0r\0y\0\0\0\0\0\0d\0b\0o\0\0\0\0&\00\0\0\0s\0p\0e\0c\0i\0m\0e\0n\0_\0n\0u\0m\0b\0e\0r\0_\0t\0r\0a\0c\0k\0e\0r\0\0\0\0\0\0d\0b\0o\0\0\0\0&\0\0\0\0s\0p\0e\0c\0i\0m\0e\0n\0\0\0\0\0\0d\0b\0o\0\0\0\0&\0\"\0\0\0s\0h\0i\0r\0o\0_\0u\0s\0e\0r\0_\0r\0o\0l\0e\0s\0\0\0\0\0\0d\0b\0o\0\0\0\0&\0.\0\0\0s\0h\0i\0r\0o\0_\0u\0s\0e\0r\0_\0p\0e\0r\0m\0i\0s\0s\0i\0o\0n\0s\0\0\0\0\0\0d\0b\0o\0\0\0\0&\0\0\0\0s\0h\0i\0r\0o\0_\0u\0s\0e\0r\0\0\0\0\0\0d\0b\0o\0\0\0\0&\0.\0\0\0s\0h\0i\0r\0o\0_\0r\0o\0l\0e\0_\0p\0e\0r\0m\0i\0s\0s\0i\0o\0n\0s\0\0\0\0\0\0d\0b\0o\0\0\0\0&\08\0\0\0s\0h\0i\0p\0p\0i\0n\0g\0_\0c\0a\0r\0t\0_\0c\0h\0a\0r\0t\0_\0r\0e\0v\0i\0e\0w\0s\0\0\0\0\0\0d\0b\0o\0\0\0\0&\0\0\0\0s\0h\0i\0p\0p\0i\0n\0g\0_\0c\0a\0r\0t\0\0\0\0\0\0d\0b\0o\0\0\0\0&\0\0\0\0s\0h\0i\0p\0m\0e\0n\0t\0\0\0\0\0\0d\0b\0o\0\0\0\0&\0\0\0\0q\0c\0_\0r\0e\0s\0u\0l\0t\0\0\0\0\0\0d\0b\0o\0\0\0\0&\0\0\0\0q\0c\0_\0b\0a\0t\0c\0h\0\0\0\0\0\0d\0b\0o\0\0\0\0&\0\0\0\0p\0r\0o\0t\0o\0c\0o\0l\0\0\0\0\0\0d\0b\0o\0\0\0\0&\0\0\0\0p\0r\0o\0j\0e\0c\0t\0\0\0\0\0\0d\0b\0o\0\0\0\0&\0\0\0\0p\0a\0t\0i\0e\0n\0t\0\0\0\0\0\0d\0b\0o\0\0\0\0&\0\0\0\0m\0e\0d\0i\0c\0a\0t\0i\0o\0n\0\0\0\0\0\0d\0b\0o\0\0\0\0&\0 \0\0\0m\0e\0d\0i\0c\0a\0l\0_\0h\0i\0s\0t\0o\0r\0y\0\0\0\0\0\0d\0b\0o\0\0\0\0&\0\0\0\0m\0e\0a\0s\0u\0r\0e\0m\0e\0n\0t\0\0\0\0\0\0d\0b\0o\0\0\0\0&\0\0\0\0i\0n\0v\0o\0i\0c\0e\0\0\0\0\0\0d\0b\0o\0\0\0\0&\0\Z\0\0\0i\0n\0v\0e\0s\0t\0i\0g\0a\0t\0o\0r\0\0\0\0\0\0d\0b\0o\0\0\0\0&\0\0\0\0f\0a\0m\0i\0l\0y\0_\0h\0i\0s\0t\0o\0r\0y\0\0\0\0\0\0d\0b\0o\0\0\0\0&\0\"\0\0\0c\0o\0n\0s\0e\0n\0t\0_\0p\0r\0o\0t\0o\0c\0o\0l\0\0\0\0\0\0d\0b\0o\0\0\0\0&\0\0\0\0c\0o\0n\0s\0e\0n\0t\0\0\0\0\0\0d\0b\0o\0\0\0\0&\0&\0\0\0c\0l\0i\0n\0i\0c\0a\0l\0_\0p\0r\0o\0c\0e\0d\0u\0r\0e\0\0\0\0\0\0d\0b\0o\0\0\0\0&\0\0\0\0c\0h\0t\0n\0_\0d\0i\0v\0i\0s\0i\0o\0n\0\0\0\0\0\0d\0b\0o\0\0\0\0&\0\Z\0\0\0c\0h\0a\0r\0t\0_\0r\0e\0v\0i\0e\0w\0\0\0\0\0\0d\0b\0o\0\0\0\0$\0\0\0\0a\0d\0d\0r\0e\0s\0s\0\0\0\0\0\0d\0b\0o\0\0\0\0\0\0Ö	³»kòE¸7dð2p\0N\0\0\0{\01\06\03\04\0C\0D\0D\07\0-\00\08\08\08\0-\04\02\0E\03\0-\09\0F\0A\02\0-\0B\06\0D\03\02\05\06\03\0B\09\01\0D\0}\0\0\0\0\0\0\0\0\0\0\0\0\0\0\0\0\0\0\0\0\0\0\0\0\0\0\0\0\0\0\0\0\0\0\0\0\0\0\0\0\0\0\0\0\0\0\0\0\0\0\0\0\0\0\0\0\0\0\0\0\0\0\0\0\0\0\0\0\0\0\0\0\0\0\0\0\0\0\0\0\0\0\0\0\0\0\0\0\0\0\0\0\0\0\0\0\0\0\0\0\0\0\0\0\0\0\0\0\0\0\0\0\0\0\0\0\0\0\0\0\0\0\0\0\0\0\0\0\0\0\0\0\0\0\0\0\0\0\0\0\0\0\0\0\0\0\0\0\0\0\0\0\0\0\0\0\0\0\0\0\0\0\0\0\0\0\0\0\0\0\0\0\0\0\0\0\0\0\0\0\0\0\0\0\0\0\0\0\0\0\0\0\0\0\0\0\0\0\0\0\0\0\0\0\0\0\0\0\0\0\0\0\0\0\0\0\0\0\0\0\0\0\0\0\0\0\0\0\0\0\0\0\0\0\0\0\0\0\0\0\0\0\0\0\0\0\0\0\0\0\0\0\0\0\0\0\0\0\0\0\0\0\0\0\0\0\0\0\0\0\0\0\0\0\0\0\0\0\0\0\0\0\0\0\0\0\0\0\0\0\0\0\0\0\0\0\0\0\0\0\0\0\0\0\0\0\0\0\0\0\0\0\0\0\0\0\0\0\0\0\0\0\0\0\0\0\0\0\0\0\0\0\0\0\0\0\0\0\0\0\0\0\0\0\0\0\0\0\0\0\0\0\0\0\0\0\0\0\0\0\0\0\0\0\0\0\0\0\0\0\0\0\0\0\0\0\0\0\0\0\0\0\0\0\0\0\0\0\0\0\0\0\0\0\0\0\0\0\0\0\0bR');
/*!40000 ALTER TABLE `sysdiagrams` ENABLE KEYS */;
UNLOCK TABLES;

--
-- Table structure for table `tissue_qc_match`
--

DROP TABLE IF EXISTS `tissue_qc_match`;
/*!40101 SET @saved_cs_client     = @@character_set_client */;
/*!40101 SET character_set_client = utf8 */;
CREATE TABLE `tissue_qc_match` (
  `id` bigint(20) NOT NULL AUTO_INCREMENT,
  `version` bigint(20) NOT NULL,
  `description` varchar(255) NOT NULL,
  PRIMARY KEY (`id`)
) ENGINE=InnoDB AUTO_INCREMENT=8 DEFAULT CHARSET=latin1;
/*!40101 SET character_set_client = @saved_cs_client */;

--
-- Dumping data for table `tissue_qc_match`
--

LOCK TABLES `tissue_qc_match` WRITE;
/*!40000 ALTER TABLE `tissue_qc_match` DISABLE KEYS */;
INSERT INTO `tissue_qc_match` VALUES (1,0,'Pass'),(2,0,'Pass Benign (on review)'),(3,0,'Fail - Insufficient'),(4,0,'Pass Adjusted (on review)'),(5,0,'Pass Normal (on review)'),(6,0,'Pass Adjusted (on review)'),(7,0,'NA');
/*!40000 ALTER TABLE `tissue_qc_match` ENABLE KEYS */;
UNLOCK TABLES;

--
-- Table structure for table `tissue_request`
--

DROP TABLE IF EXISTS `tissue_request`;
/*!40101 SET @saved_cs_client     = @@character_set_client */;
/*!40101 SET character_set_client = utf8 */;
CREATE TABLE `tissue_request` (
  `id` bigint(20) NOT NULL AUTO_INCREMENT,
  `version` bigint(20) NOT NULL,
  `contact_method_id` bigint(20) NOT NULL,
  `investigator_id` bigint(20) NOT NULL,
  `name` varchar(255) DEFAULT NULL,
  `old_tissue_request_id` int(11) DEFAULT NULL,
  `project_tissue_quest_id` varchar(255) DEFAULT NULL,
  `status_id` bigint(20) NOT NULL,
  `tissue_request_tissue_quest_id` varchar(255) NOT NULL,
  PRIMARY KEY (`id`),
  UNIQUE KEY `UQ__tissue_r__63861B6569971C3E` (`tissue_request_tissue_quest_id`),
  KEY `FK7635B535D5402B44` (`investigator_id`),
  KEY `FK7635B5352C8A1BDB` (`contact_method_id`),
  KEY `FK7635B5351E781D9A` (`status_id`),
  CONSTRAINT `FK7635B5351E781D9A` FOREIGN KEY (`status_id`) REFERENCES `tissue_request_status` (`id`) ON DELETE NO ACTION ON UPDATE NO ACTION,
  CONSTRAINT `FK7635B5352C8A1BDB` FOREIGN KEY (`contact_method_id`) REFERENCES `tissue_request_contact_method` (`id`) ON DELETE NO ACTION ON UPDATE NO ACTION,
  CONSTRAINT `FK7635B535D5402B44` FOREIGN KEY (`investigator_id`) REFERENCES `investigator` (`id`) ON DELETE NO ACTION ON UPDATE NO ACTION
) ENGINE=InnoDB AUTO_INCREMENT=12 DEFAULT CHARSET=latin1;
/*!40101 SET character_set_client = @saved_cs_client */;

--
-- Dumping data for table `tissue_request`
--

LOCK TABLES `tissue_request` WRITE;
/*!40000 ALTER TABLE `tissue_request` DISABLE KEYS */;
INSERT INTO `tissue_request` VALUES (1,0,1,351,NULL,NULL,NULL,1,'REQ1234'),(2,0,1,972,NULL,NULL,NULL,1,'REQ1111'),(4,0,3,1035,'DGNtestrequest',NULL,'0987654321',1,'1234567890DGN'),(5,0,1,1,'New Test request',NULL,NULL,1,'REQ99999'),(6,0,2,10,NULL,NULL,NULL,1,'REQ99998'),(7,0,3,965,'Malignant Breast',NULL,NULL,1,'11223'),(8,0,3,301,NULL,NULL,NULL,1,'18580'),(9,0,1,987,'Test Request',NULL,NULL,1,'REQ123'),(10,0,2,987,'Another one',NULL,NULL,1,'REQ000001'),(11,0,1,987,'Yet another',NULL,NULL,1,'REQ00045');
/*!40000 ALTER TABLE `tissue_request` ENABLE KEYS */;
UNLOCK TABLES;

--
-- Table structure for table `tissue_request_contact_method`
--

DROP TABLE IF EXISTS `tissue_request_contact_method`;
/*!40101 SET @saved_cs_client     = @@character_set_client */;
/*!40101 SET character_set_client = utf8 */;
CREATE TABLE `tissue_request_contact_method` (
  `id` bigint(20) NOT NULL AUTO_INCREMENT,
  `version` bigint(20) NOT NULL,
  `description` varchar(255) NOT NULL,
  PRIMARY KEY (`id`)
) ENGINE=InnoDB AUTO_INCREMENT=4 DEFAULT CHARSET=latin1;
/*!40101 SET character_set_client = @saved_cs_client */;

--
-- Dumping data for table `tissue_request_contact_method`
--

LOCK TABLES `tissue_request_contact_method` WRITE;
/*!40000 ALTER TABLE `tissue_request_contact_method` DISABLE KEYS */;
INSERT INTO `tissue_request_contact_method` VALUES (1,0,'Email'),(2,0,'Phone'),(3,0,'None');
/*!40000 ALTER TABLE `tissue_request_contact_method` ENABLE KEYS */;
UNLOCK TABLES;

--
-- Table structure for table `tissue_request_status`
--

DROP TABLE IF EXISTS `tissue_request_status`;
/*!40101 SET @saved_cs_client     = @@character_set_client */;
/*!40101 SET character_set_client = utf8 */;
CREATE TABLE `tissue_request_status` (
  `id` bigint(20) NOT NULL AUTO_INCREMENT,
  `version` bigint(20) NOT NULL,
  `description` varchar(255) NOT NULL,
  PRIMARY KEY (`id`)
) ENGINE=InnoDB AUTO_INCREMENT=6 DEFAULT CHARSET=latin1;
/*!40101 SET character_set_client = @saved_cs_client */;

--
-- Dumping data for table `tissue_request_status`
--

LOCK TABLES `tissue_request_status` WRITE;
/*!40000 ALTER TABLE `tissue_request_status` DISABLE KEYS */;
INSERT INTO `tissue_request_status` VALUES (1,0,'Active'),(2,0,'Inactive'),(3,0,'On Hold'),(4,0,'Pending'),(5,0,'Withdrawn');
/*!40000 ALTER TABLE `tissue_request_status` ENABLE KEYS */;
UNLOCK TABLES;

--
-- Table structure for table `tissue_type`
--

DROP TABLE IF EXISTS `tissue_type`;
/*!40101 SET @saved_cs_client     = @@character_set_client */;
/*!40101 SET character_set_client = utf8 */;
CREATE TABLE `tissue_type` (
  `id` bigint(20) NOT NULL AUTO_INCREMENT,
  `version` bigint(20) NOT NULL,
  `description` varchar(255) NOT NULL,
  PRIMARY KEY (`id`)
) ENGINE=InnoDB AUTO_INCREMENT=7 DEFAULT CHARSET=latin1;
/*!40101 SET character_set_client = @saved_cs_client */;

--
-- Dumping data for table `tissue_type`
--

LOCK TABLES `tissue_type` WRITE;
/*!40000 ALTER TABLE `tissue_type` DISABLE KEYS */;
INSERT INTO `tissue_type` VALUES (1,0,'BENIGN'),(2,0,'MALIGNANT'),(3,0,'NORMAL'),(4,0,'NAT - Normal Adjacent Tissue'),(5,0,'NDT - Normal Distant Tissue'),(6,0,'NOT APPLICABLE');
/*!40000 ALTER TABLE `tissue_type` ENABLE KEYS */;
UNLOCK TABLES;

--
-- Table structure for table `volume_measurement`
--

DROP TABLE IF EXISTS `volume_measurement`;
/*!40101 SET @saved_cs_client     = @@character_set_client */;
/*!40101 SET character_set_client = utf8 */;
CREATE TABLE `volume_measurement` (
  `id` bigint(20) NOT NULL AUTO_INCREMENT,
  `version` bigint(20) NOT NULL,
  `description` varchar(255) NOT NULL,
  PRIMARY KEY (`id`)
) ENGINE=InnoDB AUTO_INCREMENT=3 DEFAULT CHARSET=latin1;
/*!40101 SET character_set_client = @saved_cs_client */;

--
-- Dumping data for table `volume_measurement`
--

LOCK TABLES `volume_measurement` WRITE;
/*!40000 ALTER TABLE `volume_measurement` DISABLE KEYS */;
INSERT INTO `volume_measurement` VALUES (1,0,'microliters'),(2,0,'milliliters');
/*!40000 ALTER TABLE `volume_measurement` ENABLE KEYS */;
UNLOCK TABLES;

--
-- Table structure for table `weight_measurement`
--

DROP TABLE IF EXISTS `weight_measurement`;
/*!40101 SET @saved_cs_client     = @@character_set_client */;
/*!40101 SET character_set_client = utf8 */;
CREATE TABLE `weight_measurement` (
  `id` bigint(20) NOT NULL AUTO_INCREMENT,
  `version` bigint(20) NOT NULL,
  `description` varchar(255) NOT NULL,
  PRIMARY KEY (`id`)
) ENGINE=InnoDB AUTO_INCREMENT=3 DEFAULT CHARSET=latin1;
/*!40101 SET character_set_client = @saved_cs_client */;

--
-- Dumping data for table `weight_measurement`
--

LOCK TABLES `weight_measurement` WRITE;
/*!40000 ALTER TABLE `weight_measurement` DISABLE KEYS */;
INSERT INTO `weight_measurement` VALUES (1,0,'grams'),(2,0,'milligrams');
/*!40000 ALTER TABLE `weight_measurement` ENABLE KEYS */;
UNLOCK TABLES;

--
-- Table structure for table `yes_no`
--

DROP TABLE IF EXISTS `yes_no`;
/*!40101 SET @saved_cs_client     = @@character_set_client */;
/*!40101 SET character_set_client = utf8 */;
CREATE TABLE `yes_no` (
  `id` bigint(20) NOT NULL AUTO_INCREMENT,
  `version` bigint(20) NOT NULL,
  `description` varchar(255) NOT NULL,
  PRIMARY KEY (`id`)
) ENGINE=InnoDB AUTO_INCREMENT=4 DEFAULT CHARSET=latin1;
/*!40101 SET character_set_client = @saved_cs_client */;

--
-- Dumping data for table `yes_no`
--

LOCK TABLES `yes_no` WRITE;
/*!40000 ALTER TABLE `yes_no` DISABLE KEYS */;
INSERT INTO `yes_no` VALUES (1,0,'Yes'),(2,0,'No'),(3,0,'Unknown');
/*!40000 ALTER TABLE `yes_no` ENABLE KEYS */;
UNLOCK TABLES;

--
-- Dumping events for database 'hbis'
--

--
-- Dumping routines for database 'hbis'
--
/*!40103 SET TIME_ZONE=@OLD_TIME_ZONE */;

/*!40101 SET SQL_MODE=@OLD_SQL_MODE */;
/*!40014 SET FOREIGN_KEY_CHECKS=@OLD_FOREIGN_KEY_CHECKS */;
/*!40014 SET UNIQUE_CHECKS=@OLD_UNIQUE_CHECKS */;
/*!40101 SET CHARACTER_SET_CLIENT=@OLD_CHARACTER_SET_CLIENT */;
/*!40101 SET CHARACTER_SET_RESULTS=@OLD_CHARACTER_SET_RESULTS */;
/*!40101 SET COLLATION_CONNECTION=@OLD_COLLATION_CONNECTION */;
/*!40111 SET SQL_NOTES=@OLD_SQL_NOTES */;

-- Dump completed on 2016-03-17 18:10:58
